pm2_5,pm10,carbon_monoxide,nitrogen_dioxide,sulphur_dioxide,ozone,temperature_2m,relative_humidity_2m,wind_speed_10m,wind_direction_10m,precipitation,surface_pressure,datetime,aqi,pm25_log,pm25_lag_1h,pm25_lag_2h,pm25_lag_3h,pm25_lag_6h,pm25_lag_12h,pm25_lag_24h,pm25_lag_48h,pm25_roll_mean_3h,pm25_roll_std_3h,pm25_roll_mean_6h,pm25_roll_std_6h,pm25_roll_mean_12h,pm25_roll_std_12h,pm25_roll_mean_24h,pm25_roll_std_24h,pm10_lag_1h,pm10_lag_6h,nitrogen_dioxide_lag_1h,nitrogen_dioxide_lag_6h,carbon_monoxide_lag_1h,carbon_monoxide_lag_6h,wind_x,wind_y,hour_sin,hour_cos,month_sin,month_cos,stagnation_index,is_weekend,temp_diff_24h,hum_diff_24h
39.5,56.0,344.0,31.1,4.8,41.0,22.2,58.0,7.0,55.0,0.0,949.2,2026-05-08 05:00:00,111,3.7013019741124933,3.653252276470785,3.653252276470785,3.6375861597263857,3.5145260669691587,3.0007198150650303,3.339321977944068,2.8213788864092133,3.669268842351354,0.027741505867941413,3.6362478669610305,0.04655070777069078,3.4574609129602067,0.225202869169192,3.1545997141695157,0.36104602926564167,49.2,46.7,42.2,37.6,326.0,785.0,4.015035054457323,5.7340643100229425,0.9659258262890683,0.25881904510252074,0.8660254037844387,-0.4999999999999998,0.46266274676406166,0,0.8000000000000007,2.0
38.1,52.5,406.0,26.0,7.3,73.0,22.9,56.0,8.7,72.0,0.0,949.8,2026-05-08 06:00:00,107,3.66612246699132,3.7013019741124933,3.653252276470785,3.653252276470785,3.563882963939251,3.0106208860477417,3.186352633162641,2.766319109226186,3.6735589058581994,0.024873054258206555,3.6532877841363747,0.03081720896941841,3.512086044705505,0.18239478395742995,3.174590123912377,0.37585866295633835,56.0,48.3,31.1,38.6,344.0,626.0,2.6884478510620426,8.274191691767834,1.0,6.123233995736766e-17,0.8660254037844387,-0.4999999999999998,0.3779507697929196,0,1.0999999999999979,1.0
35.4,55.5,495.0,18.8,10.7,118.0,24.5,52.0,8.7,83.0,0.0,950.7,2026-05-08 07:00:00,100,3.594568774642695,3.66612246699132,3.7013019741124933,3.653252276470785,3.6082115510464816,3.1612467120315646,3.0252910757955354,2.9014215940827497,3.6539977385821696,0.05438980369989238,3.6510139880690775,0.03502438076064878,3.5481962165897656,0.14585617404837226,3.1983100280310084,0.3839040042381316,52.5,49.4,26.0,38.5,406.0,485.0,1.060263287624783,8.6351515192795,0.9659258262890683,-0.25881904510252063,0.8660254037844387,-0.4999999999999998,0.3705741004786284,0,1.3999999999999986,0.0
33.3,97.8,552.0,12.7,13.7,156.0,26.3,48.0,9.3,99.0,0.0,951.4,2026-05-08 08:00:00,96,3.535145354171894,3.594568774642695,3.66612246699132,3.7013019741124933,3.6375861597263857,3.246490991901174,2.8678989020441064,2.827313621929028,3.5986121986019697,0.06558210867771075,3.633940520476662,0.05937971069609139,3.572250746778993,0.11127978494942144,3.226111963536333,0.3830954203273947,55.5,49.8,18.8,38.5,495.0,384.0,-1.4548405248741467,9.185501567534782,0.8660254037844387,-0.4999999999999998,0.8660254037844387,-0.4999999999999998,0.3432179955506693,0,0.8000000000000007,2.0
42.4,163.4,542.0,8.9,16.0,179.0,28.0,44.0,9.8,122.0,0.0,951.6,2026-05-08 09:00:00,118,3.770459441106359,3.535145354171894,3.594568774642695,3.66612246699132,3.653252276470785,3.3214324131932926,2.8213788864092133,2.8390784635086144,3.6333911899736493,0.12236651840494707,3.6534750479159244,0.08198126055194202,3.6096696657717477,0.09331756142992241,3.265656986648714,0.38844742383253106,97.8,49.7,12.7,40.3,552.0,335.0,-5.193208789485407,8.310871342332977,0.7071067811865476,-0.7071067811865475,0.8660254037844387,-0.4999999999999998,0.3491166149172555,0,0.10000000000000142,5.0
46.3,183.9,500.0,6.2,17.8,194.0,29.6,39.0,9.2,138.0,0.0,951.7,2026-05-08 10:00:00,128,3.856510295497887,3.770459441106359,3.535145354171894,3.594568774642695,3.653252276470785,3.417726683613366,2.8213788864092133,2.8622008809294686,3.7207050302587135,0.16635949755713783,3.6873513844204413,0.1165695161628253,3.6462349667621248,0.09715674927617259,3.308787462027409,0.39439447904688,163.4,49.2,8.9,42.2,542.0,326.0,-6.836932394392025,6.156001578501496,0.49999999999999994,-0.8660254037844387,0.8660254037844387,-0.4999999999999998,0.3780892446566556,0,0.0,4.0
47.0,181.1,464.0,4.4,18.6,204.0,30.6,39.0,8.5,142.0,0.0,951.5,2026-05-08 11:00:00,129,3.871201010907891,3.856510295497887,3.770459441106359,3.535145354171894,3.7013019741124933,3.5145260669691587,2.8094026953624973,2.884800712846709,3.832723582504046,0.05442032485946266,3.7156678905530076,0.1390952045051598,3.675957878757019,0.10723586662268075,3.3530290585084668,0.3954925008648641,183.9,56.0,6.2,31.1,500.0,344.0,-6.698091405657136,5.233122540268097,0.258819045102521,-0.9659258262890682,0.8660254037844387,-0.4999999999999998,0.40749484325346225,0,0.5,3.0
43.9,158.3,445.0,3.4,17.8,208.0,31.7,37.0,7.7,123.0,0.0,951.4,2026-05-08 12:00:00,122,3.8044377947482086,3.871201010907891,3.856510295497887,3.770459441106359,3.66612246699132,3.563882963939251,2.791165107812717,2.884800712846709,3.8440497003846623,0.035082496788706945,3.738720445179156,0.14069413976980719,3.696004114657766,0.10686394297496593,3.395248753797446,0.38689555963508737,181.1,52.5,4.4,26.0,464.0,406.0,-4.193720569615708,6.457763373179764,1.2246467991473532e-16,-1.0,0.8660254037844387,-0.4999999999999998,0.43729170054577116,0,0.5999999999999979,2.0
41.2,142.5,432.0,3.2,16.1,206.0,32.6,31.0,6.3,125.0,0.0,951.0,2026-05-08 13:00:00,115,3.742420221041966,3.8044377947482086,3.871201010907891,3.856510295497887,3.594568774642695,3.6082115510464816,2.760009940032921,2.8903717578961645,3.806019675566022,0.06440496657724284,3.763362352912368,0.12211866962133214,3.707188170490723,0.10382014554798669,3.436182515506156,0.3682871004550033,158.3,55.5,3.4,18.8,445.0,495.0,-3.613531549011591,5.160657879020648,-0.2588190451025208,-0.9659258262890683,0.8660254037844387,-0.4999999999999998,0.5126603042523241,0,0.7000000000000028,3.0
38.8,130.4,433.0,3.7,14.7,202.0,33.2,27.0,6.4,106.0,0.0,950.6,2026-05-08 14:00:00,109,3.6838669122903918,3.742420221041966,3.8044377947482086,3.871201010907891,3.535145354171894,3.6375861597263857,2.72785282839839,2.89591193827178,3.743574976026855,0.06029373531696148,3.7881492792654505,0.0708731593874497,3.7110448998710566,0.1018402481970065,3.4760164356683223,0.33886952461512515,142.5,97.8,3.2,12.7,432.0,552.0,-1.764079077228794,6.1520748540052415,-0.4999999999999997,-0.8660254037844388,0.8660254037844387,-0.4999999999999998,0.4978198530122151,0,1.8000000000000043,-1.0
36.2,120.1,443.0,3.6,14.2,198.0,32.9,27.0,7.7,106.0,0.0,950.2,2026-05-08 15:00:00,103,3.616308761279101,3.6838669122903918,3.742420221041966,3.8044377947482086,3.770459441106359,3.653252276470785,2.70805020110221,2.8903717578961645,3.6808652982038197,0.06310928882680214,3.762457499294241,0.10037016639119602,3.707966273605083,0.10427542682753414,3.5138605423423592,0.2975761739343937,130.4,163.4,3.7,8.9,433.0,542.0,-2.1224076397908926,7.401715058725055,-0.7071067811865471,-0.7071067811865479,0.8660254037844387,-0.4999999999999998,0.41566767371024155,0,0.6999999999999957,2.0
34.2,111.8,467.0,4.1,14.1,192.0,32.3,29.0,12.7,125.0,0.0,949.3,2026-05-08 16:00:00,97,3.5610460826040513,3.616308761279101,3.6838669122903918,3.742420221041966,3.856510295497887,3.653252276470785,2.7013612129514133,2.856470206220483,3.620407252057848,0.061512903290355775,3.7132134638119347,0.11622532565917848,3.7002824241161885,0.11179950949902985,3.5496807452445527,0.2420890558590853,120.1,183.9,3.6,6.2,443.0,500.0,-7.284420741658286,10.403230962470193,-0.8660254037844384,-0.5000000000000004,0.8660254037844387,-0.4999999999999998,0.2599303709929965,0,0.09999999999999432,4.0
52.3,174.6,520.0,9.3,15.8,201.0,33.8,20.0,8.8,152.0,0.0,949.1,2026-05-08 17:00:00,142,3.975936331171799,3.5610460826040513,3.616308761279101,3.6838669122903918,3.871201010907891,3.7013019741124933,3.0007198150650303,2.624668592163159,3.717763725018317,0.22528495697593132,3.730669350522586,0.1481732929607571,3.723168620537797,0.1372420339531282,3.590314766749002,0.22733544502789693,111.8,181.1,4.1,4.4,467.0,464.0,-7.769938817158558,4.131349752515838,-0.9659258262890683,-0.25881904510252063,0.8660254037844387,-0.4999999999999998,0.40570778889508147,0,0.5,1.0
50.6,166.7,630.0,15.0,15.2,183.0,32.1,27.0,9.4,125.0,0.0,949.2,2026-05-08 18:00:00,138,3.9435216724875173,3.975936331171799,3.5610460826040513,3.616308761279101,3.8044377947482086,3.66612246699132,3.0106208860477417,2.6878474937846906,3.8268346954211228,0.23074957757669567,3.7538499968124714,0.17112387160303813,3.7462852209958135,0.1495684130446937,3.629185632850659,0.20228260111319885,174.6,158.3,9.3,3.4,520.0,445.0,-5.391618501699834,7.700029216316522,-1.0,-1.8369701987210297e-16,0.8660254037844387,-0.4999999999999998,0.37918477620072283,0,0.6000000000000014,-3.0
51.6,144.4,770.0,23.0,14.4,157.0,29.6,36.0,7.7,120.0,0.0,949.4,2026-05-08 19:00:00,141,3.9627161197436642,3.9435216724875173,3.975936331171799,3.5610460826040513,3.742420221041966,3.594568774642695,3.1612467120315646,3.0633909220278057,3.9607247078009937,0.01629882865579399,3.7905659799294207,0.19069501000222594,3.7769641664208944,0.15332908563485645,3.6625801915053304,0.18727227345623948,166.7,142.5,15.0,3.2,630.0,432.0,-3.8499999999999983,6.668395609140179,-0.9659258262890684,0.2588190451025203,0.8660254037844387,-0.4999999999999998,0.455484611464789,0,0.20000000000000284,7.0
52.6,140.6,871.0,29.4,13.4,134.0,28.0,42.0,6.9,85.0,0.0,949.9,2026-05-08 20:00:00,143,3.9815490680767565,3.9627161197436642,3.9435216724875173,3.975936331171799,3.6838669122903918,3.535145354171894,3.246490991901174,3.3978584803966405,3.9625956201026455,0.019013984168237796,3.8401796725604815,0.19603248309556476,3.814164475912966,0.14314016691537756,3.6932076113459793,0.17603467929254848,144.4,130.4,23.0,3.7,770.0,433.0,0.6013746249588412,6.873743416833045,-0.8660254037844386,0.5000000000000001,0.8660254037844387,-0.4999999999999998,0.5039935529211084,0,0.8000000000000007,4.0
54.0,143.9,914.0,32.3,12.4,120.0,26.6,45.0,7.3,54.0,0.0,950.7,2026-05-08 21:00:00,147,4.007333185232471,3.9815490680767565,3.9627161197436642,3.9435216724875173,3.616308761279101,3.770459441106359,3.3214324131932926,3.517497837358316,3.983866124350964,0.022398598070947417,3.9053504098860436,0.16998966674615865,3.8339039545901428,0.15258632048824047,3.721786810180945,0.16857257176405407,140.6,120.1,29.4,3.6,871.0,443.0,4.290832341735054,5.9058240589371165,-0.7071067811865477,0.7071067811865474,0.8660254037844387,-0.4999999999999998,0.48281122713644226,0,0.8000000000000007,3.0
55.5,144.8,919.0,33.5,11.2,109.0,25.5,47.0,5.8,51.0,0.0,950.9,2026-05-08 22:00:00,151,4.034240638152395,4.007333185232471,3.9815490680767565,3.9627161197436642,3.5610460826040513,3.856510295497887,3.417726683613366,3.7471483622379123,4.007707630487208,0.026347780669309043,3.984216169144101,0.03234441917765571,3.8487148164780174,0.16323430949925524,3.747474891620071,0.16719191631300606,143.9,111.8,32.3,4.1,914.0,467.0,3.650058268089057,4.507446576450431,-0.5000000000000004,0.8660254037844384,0.8660254037844387,-0.4999999999999998,0.5932706820812347,0,0.5,3.0
58.0,146.7,873.0,35.0,10.1,96.0,25.2,52.0,8.5,52.0,0.0,951.3,2026-05-08 23:00:00,152,4.07753744390572,4.034240638152395,4.007333185232471,3.9815490680767565,3.975936331171799,3.871201010907891,3.5145260669691587,3.901972669574645,4.0397037557635285,0.0354195387391262,4.001149687933087,0.049296343707264836,3.8659095192278365,0.17617298059933972,3.770933698992428,0.17249961642359699,144.8,174.6,33.5,9.3,919.0,520.0,5.233122540268096,6.698091405657137,-0.25881904510252157,0.9659258262890681,0.8660254037844387,-0.4999999999999998,0.42921446777954947,0,0.3999999999999986,3.0
59.6,146.2,737.0,37.8,9.0,78.0,25.2,50.0,8.8,43.0,0.0,951.0,2026-05-09 00:00:00,153,4.104294893075269,4.07753744390572,4.034240638152395,4.007333185232471,3.9435216724875173,3.8044377947482086,3.563882963939251,3.835141961092188,4.072024325044461,0.035351032769724955,4.027945224697713,0.05506466734871986,3.8908976107550917,0.18755897665476176,3.793450862706429,0.17942926925181765,146.7,166.7,35.0,15.0,873.0,630.0,6.4359125742487,6.001585568549987,0.0,1.0,0.8660254037844387,-0.4999999999999998,0.41880560133421113,1,0.8000000000000007,-1.0
60.1,137.8,549.0,40.8,7.9,57.0,24.7,52.0,8.4,40.0,0.0,950.6,2026-05-09 01:00:00,153,4.11251186617755,4.104294893075269,4.07753744390572,4.034240638152395,3.9627161197436642,3.742420221041966,3.6082115510464816,3.58351893845611,4.098114734386179,0.018287928378620477,4.052911182436693,0.05351163311701788,3.9217385811830567,0.19131492942474818,3.81446337583689,0.18619432878346903,146.2,144.4,37.8,23.0,737.0,770.0,6.4347733221994154,5.39941592136693,0.25881904510252074,0.9659258262890683,0.8660254037844387,-0.4999999999999998,0.4375012623593138,1,0.6999999999999993,0.0
59.0,123.9,418.0,42.4,7.0,42.0,24.3,54.0,7.0,32.0,0.0,950.1,2026-05-09 02:00:00,153,4.0943445622221,4.11251186617755,4.104294893075269,4.07753744390572,3.9815490680767565,3.6838669122903918,3.6375861597263857,3.3250360206965914,4.103717107158307,0.009097423298910185,4.071710431460917,0.04200280325293541,3.9559450520106996,0.18135458148952321,3.8334949759408783,0.1906198848253255,137.8,140.6,40.8,29.4,549.0,871.0,5.936336673094981,3.7094348496324345,0.49999999999999994,0.8660254037844387,0.8660254037844387,-0.4999999999999998,0.5117930702777626,1,1.0,-1.0
58.0,112.2,386.0,41.9,5.9,31.0,24.1,56.0,6.6,22.0,0.0,949.7,2026-05-09 03:00:00,152,4.07753744390572,4.0943445622221,4.11251186617755,4.104294893075269,4.007333185232471,3.616308761279101,3.653252276470785,3.095577608523707,4.094797957435123,0.01749161881385438,4.083411141239792,0.027890005348229004,3.994380775562918,0.1487794487716282,3.851173524584,0.19283865533200906,123.9,143.9,42.4,32.3,418.0,914.0,6.1194134401407965,2.472403516545019,0.7071067811865475,0.7071067811865476,0.8660254037844387,-0.4999999999999998,0.5365180847244369,1,1.5,-1.0
56.0,102.4,409.0,40.0,4.9,25.0,23.4,60.0,5.2,14.0,0.0,949.4,2026-05-09 04:00:00,151,4.04305126783455,4.07753744390572,4.0943445622221,4.11251186617755,4.034240638152395,3.5610460826040513,3.653252276470785,2.9231615807191558,4.0716444246541235,0.02614949845043646,4.084879579520152,0.024849567936450576,4.034547874332126,0.05932780963616049,3.8674151492241573,0.1918568827756898,112.2,144.8,41.9,33.5,386.0,919.0,5.045537776635181,1.2579938571182723,0.8660254037844386,0.5000000000000001,0.8660254037844387,-0.4999999999999998,0.652105043199121,1,1.2999999999999972,2.0
60.8,143.9,464.0,25.7,7.5,62.0,23.6,64.0,0.7,360.0,0.0,949.3,2026-05-09 05:00:00,154,4.123903364463645,4.04305126783455,4.07753744390572,4.0943445622221,4.07753744390572,3.975936331171799,3.7013019741124933,3.339321977944068,4.081497358734638,0.04057124691726886,4.092607232946473,0.028976384192002897,4.046878460439779,0.06137977853153236,3.8850235404887883,0.19531020440783428,102.4,146.7,40.0,35.0,409.0,873.0,0.7,-1.7145055188062944e-16,0.9659258262890683,0.25881904510252074,0.8660254037844387,-0.4999999999999998,2.425825508508027,1,1.4000000000000021,6.0
58.0,121.1,574.0,23.4,10.9,88.0,24.6,60.0,1.1,9.0,0.0,949.9,2026-05-09 06:00:00,152,4.07753744390572,4.123903364463645,4.04305126783455,4.07753744390572,4.104294893075269,3.9435216724875173,3.66612246699132,3.186352633162641,4.081497358734638,0.04057124691726886,4.088147658084881,0.028876718992927302,4.058046441391297,0.05239961086543076,3.9021658311935554,0.19330659075225878,143.9,146.2,25.7,37.8,464.0,737.0,1.0864571746546516,0.17207791154425398,1.0,6.123233995736766e-17,0.8660254037844387,-0.4999999999999998,1.9416844970979616,1,1.7000000000000028,4.0
55.9,136.4,716.0,20.0,15.7,125.0,25.8,55.0,2.2,125.0,0.0,950.7,2026-05-09 07:00:00,151,4.041295341132285,4.07753744390572,4.123903364463645,4.04305126783455,4.11251186617755,3.9627161197436642,3.594568774642695,3.0252910757955354,4.080912049833883,0.04140727416238723,4.076278237244003,0.03138646383471333,4.064594709840349,0.04356925803780228,3.9207794381306216,0.1836675817256801,121.1,137.8,23.4,40.8,574.0,549.0,-1.2618681599723016,1.8021344974357818,0.9659258262890683,-0.25881904510252063,0.8660254037844387,-0.4999999999999998,1.262904794103839,1,1.3000000000000007,3.0
56.9,181.6,798.0,16.4,19.5,158.0,27.9,47.0,5.2,124.0,0.0,951.7,2026-05-09 08:00:00,152,4.05871738457895,4.041295341132285,4.07753744390572,4.123903364463645,4.0943445622221,3.9815490680767565,3.535145354171894,2.8678989020441064,4.0591833898723175,0.018125544793544925,4.070340374303478,0.03064634630929275,4.071025402882198,0.035062024634185084,3.9425949393975817,0.16612831569460057,136.4,123.9,20.0,42.4,716.0,418.0,-2.907803098047883,4.3109953772862175,0.8660254037844387,-0.4999999999999998,0.8660254037844387,-0.4999999999999998,0.6546318362224113,1,1.5999999999999979,-1.0
57.7,189.5,765.0,12.2,21.7,183.0,29.9,41.0,6.1,133.0,0.0,952.1,2026-05-09 09:00:00,152,4.072439726834051,4.05871738457895,4.041295341132285,4.07753744390572,4.07753744390572,4.007333185232471,3.770459441106359,2.8213788864092133,4.0574841508484285,0.015608774431816613,4.069490754791533,0.030477109642625698,4.076450948015663,0.0287858306828009,3.955177451302903,0.1639455855975425,181.6,112.2,16.4,41.9,798.0,386.0,-4.16018999638124,4.46125757987694,0.7071067811865476,-0.7071067811865475,0.8660254037844387,-0.4999999999999998,0.573583060117472,1,1.8999999999999986,-3.0
60.1,193.7,671.0,7.7,23.0,204.0,31.8,37.0,5.3,142.0,0.0,952.0,2026-05-09 10:00:00,153,4.11251186617755,4.072439726834051,4.05871738457895,4.041295341132285,4.04305126783455,4.034240638152395,3.856510295497887,2.8213788864092133,4.081222992530183,0.027952117627021888,4.081067521182033,0.031597188149648806,4.082973550351093,0.027174540214056637,3.9658441834145552,0.16556698055389532,189.5,102.4,12.2,40.0,765.0,409.0,-4.176456994115626,3.2630058192259894,0.49999999999999994,-0.8660254037844387,0.8660254037844387,-0.4999999999999998,0.6527796612980238,1,2.1999999999999993,-2.0
59.5,186.7,586.0,4.5,23.3,218.0,32.5,38.0,6.0,141.0,0.0,952.0,2026-05-09 11:00:00,153,4.102643365036796,4.11251186617755,4.072439726834051,4.05871738457895,4.123903364463645,4.07753744390572,3.871201010907891,2.8094026953624973,4.0958649860161325,0.020878311821235663,4.077524187944225,0.02663526910175619,4.085065710445349,0.027679721399779852,3.975487614836593,0.16655206310497903,193.7,143.9,7.7,25.7,671.0,464.0,-4.662875768741825,3.7759223462990246,0.258819045102521,-0.9659258262890682,0.8660254037844387,-0.4999999999999998,0.5860919092909709,1,1.8999999999999986,-1.0
54.4,165.3,529.0,3.3,22.0,223.0,33.8,35.0,5.0,145.0,0.0,951.6,2026-05-09 12:00:00,148,4.014579593753238,4.102643365036796,4.11251186617755,4.072439726834051,4.07753744390572,4.104294893075269,3.8044377947482086,2.791165107812717,4.076578274989195,0.053918681224064076,4.0670312129188115,0.03700971335597847,4.077589435501847,0.0335147615805504,3.984243523128469,0.16264668606295946,186.7,121.1,4.5,23.4,586.0,574.0,-4.0957602214449595,2.86788218175523,1.2246467991473532e-16,-1.0,0.8660254037844387,-0.4999999999999998,0.669096598958873,1,2.099999999999998,-2.0
49.2,143.9,481.0,3.3,19.6,221.0,35.0,33.0,4.3,147.0,0.0,950.9,2026-05-09 13:00:00,135,3.9160150266976834,4.014579593753238,4.102643365036796,4.11251186617755,4.041295341132285,4.11251186617755,3.742420221041966,2.760009940032921,4.011079328495906,0.09336339250723905,4.046151160513045,0.07263096899644732,4.0612146988785245,0.05561618559713912,3.99147664003079,0.15511029876066018,165.3,136.4,3.3,20.0,529.0,716.0,-3.606283442165323,2.341947850564617,-0.2588190451025208,-0.9659258262890683,0.8660254037844387,-0.4999999999999998,0.73887075975428,1,2.3999999999999986,2.0
46.2,129.5,453.0,3.8,17.8,217.0,35.9,29.0,4.4,148.0,0.0,950.2,2026-05-09 14:00:00,127,3.8543938925915096,3.9160150266976834,4.014579593753238,4.102643365036796,4.05871738457895,4.0943445622221,3.6838669122903918,2.72785282839839,3.9283295043474773,0.08079974928185908,4.012097245181805,0.10585954203939002,4.041218809742642,0.08028584851197289,3.998581930876671,0.14390788134898927,143.9,181.6,3.3,16.4,481.0,798.0,-3.7314116230882743,2.3316447626261017,-0.4999999999999997,-0.8660254037844388,0.8660254037844387,-0.4999999999999998,0.7137766467762054,1,2.6999999999999957,2.0
44.1,120.1,381.0,2.4,17.0,216.0,36.3,24.0,3.8,175.0,0.0,949.4,2026-05-09 15:00:00,122,3.8088822465086327,3.8543938925915096,3.9160150266976834,4.014579593753238,4.072439726834051,4.07753744390572,3.616308761279101,2.70805020110221,3.859763721932609,0.05376787561476885,3.9681709984609017,0.12814776072317263,4.018830876626217,0.10337513021707743,4.006605826094568,0.1259099066824637,129.5,189.5,3.8,12.2,453.0,765.0,-3.785539852748633,0.3311918224411011,-0.7071067811865471,-0.7071067811865479,0.8660254037844387,-0.4999999999999998,0.7935171346892985,1,3.3999999999999986,-3.0
42.3,112.2,329.0,1.5,16.8,213.0,36.3,23.0,2.5,150.0,0.0,949.0,2026-05-09 16:00:00,118,3.768152635008444,3.8088822465086327,3.8543938925915096,3.9160150266976834,4.11251186617755,4.04305126783455,3.5610460826040513,2.7013612129514133,3.810476258036195,0.04314271991821453,3.910777793266051,0.1276858821495869,3.995922657224042,0.12559172971379415,4.0152352657780845,0.09806280854101285,120.1,193.7,2.4,7.7,381.0,671.0,-2.165063509461097,1.2499999999999998,-0.8660254037844384,-0.5000000000000004,0.8660254037844387,-0.4999999999999998,1.076615038573841,1,4.0,-6.0
42.7,113.6,505.0,8.6,14.2,194.0,36.5,20.0,2.7,184.0,0.0,948.8,2026-05-09 17:00:00,119,3.7773481021015445,3.768152635008444,3.8088822465086327,3.8543938925915096,4.102643365036796,4.123903364463645,3.975936331171799,3.0007198150650303,3.7847943278728735,0.021361414323940477,3.8565619161101754,0.09473472366587089,3.9670430520272006,0.13310744254277948,4.00696075623349,0.10926193255297986,112.2,186.7,1.5,4.5,329.0,586.0,-2.6934229357015256,-0.18834247910913826,-0.9659258262890683,-0.25881904510252063,0.8660254037844387,-0.4999999999999998,1.020904892459877,1,2.700000000000003,0.0
42.3,110.6,1192.0,25.6,14.9,164.0,35.0,29.0,2.6,214.0,0.0,948.4,2026-05-09 18:00:00,118,3.768152635008444,3.7773481021015445,3.768152635008444,3.8088822465086327,4.014579593753238,4.07753744390572,3.9435216724875173,3.0106208860477417,3.771217790706144,0.005309005401688043,3.815490756319377,0.05932775552486997,3.941260984619094,0.13956598674277526,3.9996537130051952,0.11910924472181303,113.6,165.3,8.6,3.3,505.0,529.0,-2.1554976886431088,-1.4539015490239415,-1.0,-1.8369701987210297e-16,0.8660254037844387,-0.4999999999999998,1.0467090652801234,1,2.8999999999999986,2.0
50.3,112.0,2107.0,49.0,15.7,123.0,32.6,45.0,3.1,159.0,0.0,948.2,2026-05-09 19:00:00,137,3.937690752176724,3.768152635008444,3.7773481021015445,3.768152635008444,3.9160150266976834,4.041295341132285,3.9627161197436642,3.1612467120315646,3.827730496428904,0.09533930216265167,3.81910337723255,0.06685554090928397,3.9326272688727975,0.13597349097123834,3.998610989356573,0.11955537343127659,110.6,143.9,25.6,3.3,1192.0,481.0,-2.8940993221413254,1.1109406435904308,-0.9659258262890684,0.2588190451025203,0.8660254037844387,-0.4999999999999998,0.9604123785796889,1,3.0,9.0
58.2,124.3,2601.0,66.0,16.1,90.0,31.0,37.0,5.6,96.0,0.0,948.9,2026-05-09 20:00:00,152,4.0809215418899605,3.937690752176724,3.768152635008444,3.7773481021015445,3.8543938925915096,4.05871738457895,3.9815490680767565,3.246490991901174,3.9289216430250433,0.1565687396463687,3.8568579854489577,0.12735712384644401,3.9344776153153815,0.1379815802803755,4.00275150909879,0.12065449639104298,112.0,129.5,49.0,3.8,2107.0,453.0,-0.5853593942988599,5.56932261406233,-0.8660254037844386,0.5000000000000001,0.8660254037844387,-0.4999999999999998,0.6183214457409031,1,3.0,-5.0
63.8,136.9,2271.0,71.6,15.7,71.0,29.6,39.0,6.3,59.0,0.0,949.6,2026-05-09 21:00:00,155,4.1713056033582285,4.0809215418899605,3.937690752176724,3.768152635008444,3.8088822465086327,4.072439726834051,4.007333185232471,3.3214324131932926,4.063305965808304,0.11779943150821297,3.9172618782572246,0.17651234305610622,3.942716438359063,0.1494436636654759,4.009583693187363,0.1254716101051991,124.3,120.1,66.0,2.4,2601.0,381.0,3.244739871933341,5.400153994423308,-0.7071067811865477,0.7071067811865474,0.8660254037844387,-0.4999999999999998,0.5714117264874286,1,3.0,-6.0
69.2,148.5,1520.0,70.8,14.8,61.0,28.5,40.0,7.5,40.0,0.0,949.7,2026-05-09 22:00:00,158,4.251348311031766,4.1713056033582285,4.0809215418899605,3.937690752176724,3.768152635008444,4.11251186617755,4.034240638152395,3.417726683613366,4.167858485426652,0.0852656605941516,3.997794490927778,0.20310106064533776,3.954286142096915,0.16800550415598547,4.018629846224003,0.13480582653308068,136.9,112.2,71.6,1.5,2271.0,329.0,5.745333323392335,4.820907072649044,-0.5000000000000004,0.8660254037844384,0.8660254037844387,-0.4999999999999998,0.5001586248272666,1,3.0,-7.0
72.4,149.0,912.0,66.0,13.7,56.0,27.7,45.0,4.7,40.0,0.0,949.7,2026-05-09 23:00:00,160,4.29592393562047,4.251348311031766,4.1713056033582285,4.0809215418899605,3.7773481021015445,4.102643365036796,4.07753744390572,3.5145260669691587,4.239525950003488,0.06314474126299731,4.084223796514265,0.200855475622438,3.97039285631222,0.19118713943654617,4.027729283378785,0.1458714089368226,148.5,113.6,70.8,8.6,1520.0,505.0,3.6004088826591967,3.0211017655267347,-0.25881904510252157,0.9659258262890681,0.8660254037844387,-0.4999999999999998,0.7536708658983281,1,2.5,-7.0
68.9,134.6,669.0,55.7,12.2,59.0,27.8,44.0,7.4,47.0,0.0,949.5,2026-05-10 00:00:00,158,4.247065649239764,4.29592393562047,4.251348311031766,4.1713056033582285,3.768152635008444,4.014579593753238,4.104294893075269,3.563882963939251,4.264779298630667,0.027056914235169045,4.164042632219485,0.1342421849501811,3.9897666942694308,0.20718216941521903,4.033678064885638,0.15191553710315656,149.0,110.6,66.0,25.6,912.0,1192.0,5.046787864462489,5.412017391981862,0.0,1.0,0.8660254037844387,-0.4999999999999998,0.5056030534809243,1,2.6000000000000014,-6.0
64.7,125.7,569.0,41.3,10.5,68.0,27.3,47.0,8.9,47.0,0.0,949.4,2026-05-10 01:00:00,156,4.185098925490565,4.247065649239764,4.29592393562047,4.251348311031766,3.937690752176724,3.9160150266976834,4.11251186617755,3.6082115510464816,4.2426961701169335,0.05554156082097568,4.2052773277717925,0.0763036228296799,4.012190352502171,0.21295549924836193,4.036702525690347,0.15425777009408848,134.6,112.0,55.7,49.0,669.0,2107.0,6.069785404556237,6.509047944410617,0.25881904510252074,0.9659258262890683,0.8660254037844387,-0.4999999999999998,0.42273726520106714,1,2.6000000000000014,-5.0
60.8,120.6,511.0,29.6,9.2,76.0,26.9,49.0,8.1,53.0,0.0,948.8,2026-05-10 02:00:00,154,4.123903364463645,4.185098925490565,4.247065649239764,4.29592393562047,4.0809215418899605,3.8543938925915096,4.0943445622221,3.6375861597263857,4.185355979731325,0.061581544763698995,4.212440964867406,0.06318333408143641,4.034649475158182,0.20897533983631666,4.037934142450411,0.1548548476564573,125.7,124.3,41.3,66.0,569.0,2601.0,4.874701687531592,6.468947631383072,0.49999999999999994,0.8660254037844387,0.8660254037844387,-0.4999999999999998,0.4531761938971039,1,2.599999999999998,-5.0
57.3,115.7,466.0,23.4,8.6,78.0,26.2,51.0,5.4,50.0,0.0,948.5,2026-05-10 03:00:00,152,4.065602093356446,4.123903364463645,4.185098925490565,4.247065649239764,4.1713056033582285,3.8088822465086327,4.07753744390572,3.653252276470785,4.1248681277702195,0.0597542575780466,4.194823713200443,0.08714126394604385,4.056042795728834,0.19653192021966356,4.037436836177526,0.1547412576555215,120.6,136.9,29.6,71.6,511.0,2271.0,3.471053092307313,4.136639992842482,0.7071067811865475,0.7071067811865476,0.8660254037844387,-0.4999999999999998,0.6352503270869447,1,2.099999999999998,-5.0
54.5,111.1,462.0,20.0,8.4,79.0,25.5,54.0,4.2,43.0,0.0,948.8,2026-05-10 04:00:00,148,4.0163830207523885,4.065602093356446,4.123903364463645,4.185098925490565,4.251348311031766,3.768152635008444,4.04305126783455,3.653252276470785,4.068629492857493,0.05382406468071252,4.155662831487213,0.10715652293031228,4.076728661207496,0.17540344276238376,4.036325659215769,0.15479492956503893,115.7,148.5,23.4,70.8,466.0,1520.0,3.071685546800516,2.8643931122624937,0.8660254037844386,0.5000000000000001,0.8660254037844387,-0.4999999999999998,0.7723813501446901,1,2.1000000000000014,-6.0
62.2,122.5,484.0,18.2,8.4,81.0,25.4,56.0,4.8,68.0,0.0,949.0,2026-05-10 05:00:00,154,4.146304301152812,4.0163830207523885,4.065602093356446,4.123903364463645,4.29592393562047,3.7773481021015445,4.123903364463645,3.7013019741124933,4.076096471753882,0.06559332099143494,4.130726225742603,0.08257844870611125,4.107475011128434,0.14841527707555274,4.037259031577817,0.15541226433735728,111.1,149.0,20.0,66.0,462.0,912.0,1.7981116483963773,4.45048250192058,0.9659258262890683,0.25881904510252074,0.8660254037844387,-0.4999999999999998,0.7148800519228986,1,1.7999999999999972,-8.0
59.3,110.6,547.0,17.1,10.4,105.0,25.8,54.0,9.7,61.0,0.0,949.2,2026-05-10 06:00:00,153,4.09933210373314,4.146304301152812,4.0163830207523885,4.065602093356446,4.247065649239764,3.768152635008444,4.07753744390572,3.66612246699132,4.087339808546113,0.06578560734015933,4.106103968158166,0.05984847028839749,4.135073300188826,0.10360970666178188,4.038167142403959,0.1557212221538846,122.5,134.6,18.2,55.7,484.0,669.0,4.70265331638947,8.483811159252138,1.0,6.123233995736766e-17,0.8660254037844387,-0.4999999999999998,0.3831151498816019,1,1.1999999999999993,-6.0
57.6,112.0,635.0,15.3,13.1,139.0,27.5,50.0,9.1,72.0,0.0,950.1,2026-05-10 07:00:00,152,4.070734696582967,4.09933210373314,4.146304301152812,4.0163830207523885,4.185098925490565,3.937690752176724,4.041295341132285,3.594568774642695,4.105457033822972,0.03815530579313256,4.087043263340234,0.04634677174988614,4.146160295556013,0.08622866667334073,4.039393782214405,0.15586281958153167,110.6,125.7,17.1,41.3,547.0,569.0,2.8120546488120217,8.654614298285896,0.9659258262890683,-0.25881904510252063,0.8660254037844387,-0.4999999999999998,0.40304303926564033,1,1.6999999999999993,-5.0
57.3,161.6,686.0,13.2,15.4,167.0,29.8,45.0,9.2,94.0,0.0,950.9,2026-05-10 08:00:00,152,4.065602093356446,4.070734696582967,4.09933210373314,4.146304301152812,4.123903364463645,4.0809215418899605,4.05871738457895,3.535145354171894,4.078556297890851,0.018174473452352128,4.077326384822366,0.04306893684510864,4.144883674844887,0.08738794609791263,4.039680645080135,0.15590626017761336,112.0,120.6,15.3,29.6,635.0,511.0,-0.641759558445953,9.177589262390383,0.8660254037844387,-0.4999999999999998,0.8660254037844387,-0.4999999999999998,0.3985884405251418,1,1.9000000000000021,-2.0
57.2,167.6,663.0,10.2,17.0,185.0,31.8,41.0,8.3,120.0,0.0,951.3,2026-05-10 09:00:00,152,4.063885354737392,4.065602093356446,4.070734696582967,4.09933210373314,4.065602093356446,4.1713056033582285,4.072439726834051,3.770459441106359,4.066740714892269,0.003563806277477472,4.0770402617191905,0.04316799204416645,4.135931987459817,0.08990105744383664,4.039324212909439,0.15583787375484587,161.6,115.7,13.2,23.4,686.0,466.0,-4.149999999999999,7.188010851410842,0.7071067811865476,-0.7071067811865475,0.8660254037844387,-0.4999999999999998,0.4369769198642357,1,1.9000000000000021,0.0
54.1,152.3,602.0,6.7,18.1,198.0,33.4,36.0,8.1,145.0,0.0,951.2,2026-05-10 10:00:00,147,4.009149716158869,4.063885354737392,4.065602093356446,4.070734696582967,4.0163830207523885,4.251348311031766,4.11251186617755,3.856510295497887,4.0462123880842364,0.032108690966148455,4.075834710953605,0.04525148144427775,4.115748771220408,0.08881475685169452,4.035017456658662,0.15515407471221596,167.6,111.1,10.2,20.0,663.0,462.0,-6.635131558740834,4.6459691344434715,0.49999999999999994,-0.8660254037844387,0.8660254037844387,-0.4999999999999998,0.440565902874601,1,1.5999999999999979,-1.0
50.4,134.1,549.0,4.2,18.3,205.0,34.2,35.0,7.4,148.0,0.0,951.4,2026-05-10 11:00:00,138,3.9396381724611196,4.009149716158869,4.063885354737392,4.065602093356446,4.146304301152812,4.29592393562047,4.102643365036796,3.871201010907891,4.00422441445246,0.06226985244542553,4.0413903561716555,0.0577988500939787,4.08605829095713,0.08243026203485196,4.028225573634675,0.15563208159062059,152.3,122.5,6.7,18.2,602.0,484.0,-6.275555911557553,3.9214025553257166,0.258819045102521,-0.9659258262890682,0.8660254037844387,-0.4999999999999998,0.46900454434060945,1,1.7000000000000028,-3.0
46.6,119.7,510.0,3.1,16.8,205.0,35.4,31.0,7.5,143.0,0.0,951.3,2026-05-10 12:00:00,128,3.8628327612373745,3.9396381724611196,4.009149716158869,4.063885354737392,4.09933210373314,4.247065649239764,4.014579593753238,3.8044377947482086,3.937206883285788,0.0731887709943765,4.001973799089028,0.08474327598774875,4.054038883623597,0.08859796192818145,4.021902788946514,0.15925096927449695,134.1,110.6,4.2,17.1,549.0,547.0,-5.989766325354697,4.5136126736403615,1.2246467991473532e-16,-1.0,0.8660254037844387,-0.4999999999999998,0.45445091308674995,1,1.6000000000000014,-4.0
43.8,108.7,479.0,3.1,14.3,200.0,34.9,28.0,9.5,143.0,0.0,950.8,2026-05-10 13:00:00,121,3.8022081394209395,3.8628327612373745,3.9396381724611196,4.009149716158869,4.070734696582967,4.185098925490565,3.9160150266976834,3.742420221041966,3.8682263577064777,0.06887359187316708,3.957219372895357,0.1086900362504166,4.022131318117795,0.10460769298561981,4.0171608353099835,0.16415976997439324,119.7,112.0,3.1,15.3,510.0,635.0,-7.587037345449283,5.7172427199444575,-0.2588190451025208,-0.9659258262890683,0.8660254037844387,-0.4999999999999998,0.36211506089723233,1,-0.10000000000000142,-5.0
41.7,102.9,478.0,4.0,12.5,193.0,36.0,24.0,7.0,132.0,0.0,950.1,2026-05-10 14:00:00,116,3.754198920234579,3.8022081394209395,3.8628327612373745,3.9396381724611196,4.065602093356446,4.123903364463645,3.8543938925915096,3.6838669122903918,3.806413273630964,0.05443886679615722,3.9053188440417124,0.12031302558983084,3.9913226144320393,0.12446634064677106,4.0129860447951105,0.1696609777984399,108.7,161.6,3.1,13.2,479.0,686.0,-4.683914244512008,5.20201377834176,-0.4999999999999997,-0.8660254037844388,0.8660254037844387,-0.4999999999999998,0.46927486502932236,1,0.10000000000000142,-5.0
41.6,104.3,504.0,5.2,12.1,187.0,35.9,24.0,7.4,135.0,0.0,949.4,2026-05-10 15:00:00,116,3.751854253275325,3.754198920234579,3.8022081394209395,3.8628327612373745,4.063885354737392,4.065602093356446,3.8088822465086327,3.616308761279101,3.7694204376436145,0.028419173222803032,3.853313660464701,0.10445757820715128,3.9651769610919456,0.13949098447140396,4.010609878410389,0.17301010701563055,102.9,167.6,4.0,10.2,478.0,663.0,-5.232590180780451,5.232590180780452,-0.7071067811865471,-0.7071067811865479,0.8660254037844387,-0.4999999999999998,0.4466493158661101,1,-0.3999999999999986,0.0
42.0,106.6,561.0,7.4,12.5,179.0,34.7,25.0,6.8,178.0,0.0,948.7,2026-05-10 16:00:00,117,3.7612001156935624,3.751854253275325,3.754198920234579,3.8022081394209395,4.009149716158869,4.0163830207523885,3.768152635008444,3.5610460826040513,3.7557510964011556,0.004862429868417243,3.811988727053817,0.07551219288567876,3.9439117190037103,0.15002819398569067,4.010320190105603,0.17343901757211355,104.3,152.3,5.2,6.7,504.0,602.0,-6.795857623729851,0.23731657757700778,-0.8660254037844384,-0.5000000000000004,0.8660254037844387,-0.4999999999999998,0.48220514303763623,1,-1.5999999999999943,2.0
43.9,105.7,685.0,12.8,13.2,167.0,33.6,31.0,3.3,131.0,0.0,947.0,2026-05-10 17:00:00,122,3.8044377947482086,3.7612001156935624,3.751854253275325,3.754198920234579,3.9396381724611196,4.146304301152812,3.7773481021015445,3.975936331171799,3.7724973879056987,0.028053136687990688,3.7894553307683316,0.04295711430941122,3.915422843469994,0.14024130982146124,4.011448927299214,0.17193857909429677,106.6,134.1,7.4,4.2,561.0,549.0,-2.1649947956686737,2.490541614735148,-0.9659258262890683,-0.25881904510252063,0.8660254037844387,-0.4999999999999998,0.8847529755228393,1,-2.8999999999999986,11.0
46.1,91.5,958.0,23.3,14.5,147.0,32.7,32.0,4.8,333.0,0.0,947.3,2026-05-10 18:00:00,127,3.8522730010223722,3.8044377947482086,3.7612001156935624,3.751854253275325,3.8628327612373745,4.09933210373314,3.768152635008444,3.9435216724875173,3.805970303821381,0.04555577952987404,3.787695370732498,0.03942028915900761,3.894834584910763,0.12842494967505022,4.014953942549794,0.16756506472310004,105.7,119.7,12.8,3.1,685.0,510.0,4.276831316104166,-2.179154398749825,-1.0,-1.8369701987210297e-16,0.8660254037844387,-0.4999999999999998,0.6641850001762711,1,-2.299999999999997,3.0
50.5,91.5,1298.0,37.0,16.1,123.0,23.5,76.0,7.8,257.0,4.3,949.2,2026-05-10 19:00:00,138,3.9415818076696905,3.8522730010223722,3.8044377947482086,3.7612001156935624,3.8022081394209395,4.070734696582967,3.937690752176724,3.9627161197436642,3.8660975344800903,0.06960932670300912,3.810924315440623,0.0748367660600064,3.88407184416799,0.11727088268358403,4.015116069862001,0.1674889236836112,91.5,108.7,23.3,3.1,958.0,479.0,-1.7546182238821488,-7.600086505324834,-0.9659258262890684,0.2588190451025203,0.8660254037844387,-0.4999999999999998,0.44790702359882845,1,-9.100000000000001,31.0
53.8,96.9,1493.0,50.7,16.9,97.0,25.6,67.0,12.2,314.0,0.0,948.8,2026-05-10 20:00:00,146,4.00369019395397,3.9415818076696905,3.8522730010223722,3.8044377947482086,3.754198920234579,4.065602093356446,4.0809215418899605,3.9815490680767565,3.932515000882011,0.07611469515026037,3.852506194393855,0.10155718121891165,3.8789125192177836,0.10967429209297715,4.0118980970313345,0.16691055557264445,91.5,102.9,37.0,4.0,1298.0,478.0,8.474832119599766,-8.775945564131543,-0.8660254037844386,0.5000000000000001,0.8660254037844387,-0.4999999999999998,0.3033098631783311,1,-5.399999999999999,30.0
58.8,100.6,1418.0,66.8,16.4,66.0,26.1,59.0,15.7,357.0,0.1,950.2,2026-05-10 21:00:00,153,4.091005660956586,4.00369019395397,3.9415818076696905,3.8522730010223722,3.751854253275325,4.063885354737392,4.1713056033582285,4.007333185232471,4.012092554193416,0.07506544961547554,3.9090314290073978,0.1258172283089543,3.8811725447360494,0.11402560004243285,4.008552266097934,0.1643615653106806,96.9,104.3,50.7,5.2,1493.0,504.0,15.678483695646808,-0.8216745130142266,-0.7071067811865477,0.7071067811865474,0.8660254037844387,-0.4999999999999998,0.24497039885967584,1,-3.5,20.0
62.9,98.3,1199.0,82.8,15.1,34.0,24.5,70.0,9.7,80.0,1.1,949.8,2026-05-10 22:00:00,155,4.157319361383489,4.091005660956586,4.00369019395397,3.9415818076696905,3.7612001156935624,4.009149716158869,4.251348311031766,4.034240638152395,4.084005072098015,0.07705346490943615,3.9750513032890527,0.1362284346700396,3.893520015171435,0.1352000537051741,4.004634393195922,0.1593672258069164,100.6,106.6,66.8,7.4,1418.0,561.0,1.6843873233692248,9.552635204218417,-0.5000000000000004,0.8660254037844384,0.8660254037844387,-0.4999999999999998,0.38853451975546627,1,-4.0,30.0
62.2,91.5,996.0,88.5,13.7,17.0,22.4,86.0,2.3,119.0,0.0,951.3,2026-05-10 23:00:00,154,4.146304301152812,4.157319361383489,4.091005660956586,4.00369019395397,3.8044377947482086,3.9396381724611196,4.29592393562047,4.07753744390572,4.131543107830962,0.03553584580805907,4.032029054356487,0.12126893035212294,3.910742192562409,0.15352920060395553,3.9984002417597693,0.1501361708072909,98.3,105.7,82.8,12.8,1199.0,685.0,-1.115062126566575,2.01162532642061,-0.25881904510252157,0.9659258262890681,0.8660254037844387,-0.4999999999999998,1.2564558488341855,1,-5.300000000000001,41.0
60.1,87.3,860.0,75.7,12.4,27.0,22.2,87.0,8.1,72.0,0.1,950.6,2026-05-11 00:00:00,153,4.11251186617755,4.146304301152812,4.157319361383489,4.091005660956586,3.8522730010223722,3.8628327612373745,4.247065649239764,4.104294893075269,4.138711842904617,0.023348703890124303,4.075402198549017,0.08533303441133788,3.931548784640757,0.16306833094048773,3.9927938341321774,0.1427787311590513,91.5,91.5,88.5,23.3,996.0,958.0,2.5030376544370743,7.703557781990743,0.0,1.0,0.8660254037844387,-0.4999999999999998,0.45192438089863185,0,-5.600000000000001,43.0
56.0,81.0,741.0,52.5,11.0,51.0,22.2,82.0,4.7,50.0,0.0,949.8,2026-05-11 01:00:00,151,4.04305126783455,4.11251186617755,4.146304301152812,4.157319361383489,3.9415818076696905,3.8022081394209395,4.185098925490565,4.11251186617755,4.100622478388304,0.05264328427122277,4.092313775243159,0.059718189782575364,3.951619045341891,0.16050321520145386,3.986875181729843,0.13729949023175528,87.3,91.5,75.7,37.0,860.0,1298.0,3.021101765526735,3.6004088826591967,0.25881904510252074,0.9659258262890683,0.8660254037844387,-0.4999999999999998,0.7093072399709737,0,-5.100000000000001,35.0
48.3,72.9,651.0,33.1,9.7,73.0,21.7,88.0,1.3,360.0,0.0,949.1,2026-05-11 02:00:00,133,3.8979240810486444,4.04305126783455,4.11251186617755,4.146304301152812,4.00369019395397,3.754198920234579,4.123903364463645,4.0943445622221,4.017829071686914,0.10949474309535222,4.074686089758939,0.09581243471478001,3.963596142076397,0.1494113103388398,3.9774593782542182,0.13522674184632422,81.0,96.9,52.5,50.7,741.0,1493.0,1.3,-3.1840816777831187e-16,0.49999999999999994,0.8660254037844387,0.8660254037844387,-0.4999999999999998,1.6947496004559326,0,-5.199999999999999,39.0
40.7,66.4,591.0,22.3,8.4,85.0,21.6,86.0,8.6,306.0,0.0,949.3,2026-05-11 03:00:00,114,3.730501128804756,3.8979240810486444,4.04305126783455,4.11251186617755,4.091005660956586,3.751854253275325,4.065602093356446,4.07753744390572,3.8904921592293165,0.1564075524018398,4.014602001066966,0.1687818034559161,3.9618167150371826,0.15226227302103865,3.9634968380645645,0.1428170960718287,72.9,100.6,33.1,66.8,651.0,1418.0,5.054953169715267,-6.957546151624549,0.7071067811865475,0.7071067811865476,0.8660254037844387,-0.4999999999999998,0.38859386758382874,0,-4.599999999999998,35.0
37.0,61.9,559.0,15.2,7.3,94.0,21.7,81.0,7.8,320.0,0.0,948.8,2026-05-11 04:00:00,105,3.6375861597263857,3.730501128804756,3.8979240810486444,4.04305126783455,4.157319361383489,3.7612001156935624,4.0163830207523885,4.04305126783455,3.755337123193262,0.1319339921420907,3.927979800790783,0.20937466517755304,3.951515552039918,0.17019423748301157,3.9477136355218145,0.15695011970775338,66.4,98.3,22.3,82.8,591.0,1199.0,5.975146656328026,-5.013743355555008,0.8660254037844386,0.5000000000000001,0.8660254037844387,-0.4999999999999998,0.41336206360527106,0,-3.8000000000000007,27.0
66.8,102.2,562.0,33.7,8.3,42.0,21.7,84.0,10.3,289.0,0.0,949.2,2026-05-11 05:00:00,157,4.216562194946349,3.6375861597263857,3.730501128804756,3.8979240810486444,4.146304301152812,3.8044377947482086,4.146304301152812,4.123903364463645,3.8615498278258307,0.3109399193993848,3.939689449756372,0.22537979837417002,3.98585925205643,0.179162405414443,3.9506410477632112,0.16140718740595655,61.9,91.5,15.2,88.5,559.0,996.0,3.35335199090871,-9.738841328672965,0.9659258262890683,0.25881904510252074,0.8660254037844387,-0.4999999999999998,0.373147096897907,0,-3.6999999999999993,28.0
69.6,106.4,630.0,33.2,9.5,62.0,22.2,80.0,3.8,341.0,0.0,949.5,2026-05-11 06:00:00,158,4.257030144499196,4.216562194946349,3.6375861597263857,3.730501128804756,4.11251186617755,3.8522730010223722,4.09933210373314,4.07753744390572,4.037059499723977,0.3465452723121163,3.963775829476647,0.25351010803119306,4.019589014012832,0.18952736597701206,3.9572117994617972,0.17066767824825535,102.2,87.3,33.7,75.7,562.0,860.0,3.592970587277404,-1.2371589869371955,1.0,6.123233995736766e-17,0.8660254037844387,-0.4999999999999998,0.8868812801039992,0,-3.6000000000000014,26.0
69.4,93.8,733.0,32.1,11.3,90.0,22.0,82.0,15.0,223.0,1.3,952.4,2026-05-11 07:00:00,158,4.254193263163997,4.257030144499196,4.216562194946349,3.6375861597263857,4.04305126783455,3.9415818076696905,4.070734696582967,4.041295341132285,4.2425952008698475,0.022589821203160068,3.998966162031555,0.2799872882831273,4.045639968637357,0.1990744606313195,3.9648559064026734,0.17983563291042035,106.4,81.0,33.2,52.5,630.0,741.0,-10.970305524287559,-10.229975400937475,0.9659258262890683,-0.25881904510252063,0.8660254037844387,-0.4999999999999998,0.2658870789477498,0,-5.5,32.0
56.5,97.8,780.0,29.1,13.5,121.0,22.6,80.0,12.6,31.0,0.1,952.0,2026-05-11 08:00:00,152,4.051784947803305,4.254193263163997,4.257030144499196,4.216562194946349,3.8979240810486444,4.00369019395397,4.065602093356446,4.05871738457895,4.187669451822166,0.1176879806873655,4.024609639823998,0.2758982429382222,4.049647864791468,0.19863677862006773,3.964280192004626,0.17952092904536796,93.8,72.9,32.1,33.1,733.0,651.0,10.800307988846615,6.489479743866682,0.8660254037844387,-0.4999999999999998,0.8660254037844387,-0.4999999999999998,0.29792536380906653,0,-7.199999999999999,35.0
48.7,96.9,709.0,22.2,16.6,156.0,24.7,66.0,8.6,106.0,0.2,953.2,2026-05-11 09:00:00,134,3.906004933102583,4.051784947803305,4.254193263163997,4.257030144499196,3.730501128804756,4.091005660956586,4.063885354737392,4.072439726834051,4.070661048023295,0.17485996873892568,4.053860273873636,0.24618402260531622,4.034231137470302,0.2022808548823181,3.957701841103176,0.1786026432134696,97.8,66.4,29.1,22.3,780.0,591.0,-2.370481260026192,8.266850585069543,0.7071067811865476,-0.7071067811865475,0.8660254037844387,-0.4999999999999998,0.40687551386485243,0,-7.100000000000001,25.0
48.4,99.4,583.0,13.3,20.1,193.0,24.0,70.0,2.8,162.0,2.3,953.7,2026-05-11 10:00:00,133,3.899950424193877,3.906004933102583,4.051784947803305,4.254193263163997,3.6375861597263857,4.157319361383489,4.009149716158869,4.11251186617755,3.952580101699921,0.08596723438223652,4.097587651284885,0.16850190944820093,4.012783726037834,0.20168690595646596,3.9531518706046342,0.17862594929259476,96.9,61.9,22.2,15.2,709.0,559.0,-2.6629582456264296,0.8652475842498529,0.49999999999999994,-0.8660254037844387,0.8660254037844387,-0.4999999999999998,1.0263027432089151,0,-9.399999999999999,34.0
49.9,99.4,504.0,6.7,22.2,219.0,23.0,72.0,12.6,94.0,0.0,953.9,2026-05-11 11:00:00,136,3.929862923556477,3.899950424193877,3.906004933102583,4.051784947803305,4.216562194946349,4.146304301152812,3.9396381724611196,4.102643365036796,3.9119394269509793,0.01581464724420659,4.049804439386572,0.1686663556579368,3.9947469445714727,0.1983105686576098,3.9527445685669407,0.17866924238768497,99.4,102.2,13.3,33.7,583.0,562.0,-0.8789315691759791,12.569307033273784,0.258819045102521,-0.9659258262890682,0.8660254037844387,-0.4999999999999998,0.28896050908503507,0,-11.200000000000003,37.0
50.1,98.7,530.0,4.3,21.9,227.0,26.3,59.0,8.0,104.0,0.0,953.9,2026-05-11 12:00:00,137,3.933784497209659,3.929862923556477,3.899950424193877,3.906004933102583,4.257030144499196,4.11251186617755,3.8628327612373745,4.014579593753238,3.921199281653338,0.0185062190217386,3.9959301648383168,0.13809069992534045,3.9798529971574816,0.1953513816055008,3.9557008908991187,0.17770122128241203,99.4,106.4,6.7,33.2,504.0,630.0,-1.9353751647973423,7.762365810207972,1.2246467991473532e-16,-1.0,0.8660254037844387,-0.4999999999999998,0.43708716635662875,0,-9.099999999999998,28.0
48.8,97.6,603.0,4.2,20.3,224.0,28.4,52.0,7.9,117.0,0.0,952.7,2026-05-11 13:00:00,134,3.9080149840306073,3.933784497209659,3.929862923556477,3.899950424193877,4.254193263163997,4.04305126783455,3.8022081394209395,3.9160150266976834,3.923887468265581,0.013885117998178244,3.938233784982751,0.057273422454742935,3.9685999735071533,0.19526925407686893,3.960109509424522,0.17501988855720615,98.7,93.8,4.3,32.1,530.0,733.0,-3.586524947942419,7.038951541088107,-0.2588190451025208,-0.9659258262890683,0.8660254037844387,-0.4999999999999998,0.4391028071944502,0,-6.5,24.0
46.4,94.3,657.0,5.1,18.9,218.0,29.0,48.0,2.7,48.0,0.0,951.6,2026-05-11 14:00:00,128,3.858622228701031,3.9080149840306073,3.933784497209659,3.929862923556477,4.051784947803305,3.8979240810486444,3.754198920234579,3.8543938925915096,3.9001405699804326,0.03819484846569921,3.906039998465706,0.0269322058965241,3.965324819144852,0.19688533820700996,3.9644604806106245,0.17092857224012212,97.6,97.8,4.2,29.1,603.0,780.0,1.8066526371689173,2.0064910287889646,-0.4999999999999997,-0.8660254037844388,0.8660254037844387,-0.4999999999999998,1.0428708726219003,0,-7.0,24.0
45.3,95.0,578.0,4.0,18.4,213.0,30.1,43.0,4.0,10.0,0.0,950.9,2026-05-11 15:00:00,125,3.835141961092188,3.858622228701031,3.9080149840306073,3.933784497209659,3.906004933102583,3.730501128804756,3.751854253275325,3.8088822465086327,3.8672597246079423,0.03719642616843546,3.89422950313064,0.03953813917154677,3.974044888502138,0.18763967793242936,3.96793080176966,0.16722987343370774,94.3,96.9,5.1,22.2,657.0,709.0,3.939231012048832,0.6945927106677213,-0.7071067811865471,-0.7071067811865479,0.8660254037844387,-0.4999999999999998,0.7670283922184377,0,-5.799999999999997,19.0
44.9,93.6,481.0,3.8,18.3,205.0,30.9,41.0,5.2,31.0,0.0,949.8,2026-05-11 16:00:00,124,3.8264651170664994,3.835141961092188,3.858622228701031,3.9080149840306073,3.899950424193877,3.6375861597263857,3.7612001156935624,3.768152635008444,3.840076435619906,0.016636758588105878,3.8819819519427434,0.047907390381819064,3.989784801613814,0.16317795931572454,3.9706501768268656,0.1642256647904947,95.0,99.4,4.0,13.3,578.0,583.0,4.457269963650984,2.678197989532282,-0.8660254037844384,-0.5000000000000004,0.8660254037844387,-0.4999999999999998,0.6171717930752418,0,-3.8000000000000043,16.0
44.7,84.8,640.0,9.8,18.7,199.0,26.8,58.0,7.3,73.0,0.0,949.8,2026-05-11 17:00:00,124,3.822098297900159,3.8264651170664994,3.835141961092188,3.858622228701031,3.929862923556477,4.216562194946349,3.8044377947482086,3.7773481021015445,3.8279017920196154,0.006639451299531485,3.8640211810000245,0.046547865875151535,3.9569128101932987,0.15273907460779199,3.971386031124864,0.1634864301860479,93.6,99.4,3.8,6.7,481.0,504.0,2.1343134444759784,6.981024718530159,-0.9659258262890683,-0.25881904510252063,0.8660254037844387,-0.4999999999999998,0.46049377083134446,0,-6.800000000000001,27.0
44.2,81.5,1394.0,24.1,18.4,167.0,26.8,58.0,3.9,43.0,0.0,949.0,2026-05-11 18:00:00,122,3.8110970868381857,3.822098297900159,3.8264651170664994,3.835141961092188,3.933784497209659,4.257030144499196,3.8522730010223722,3.768152635008444,3.819886833934948,0.00791909198885863,3.8435732792714457,0.03538038561500157,3.919751722054881,0.12476957933421731,3.969670368033856,0.16499982653332368,84.8,98.7,9.8,4.3,640.0,530.0,2.8522794363147645,2.659793604243744,-1.0,-1.8369701987210297e-16,0.8660254037844387,-0.4999999999999998,0.7777749156812623,0,-5.900000000000002,26.0
50.1,79.4,2405.0,43.9,17.9,123.0,26.0,70.0,1.7,342.0,0.0,948.5,2026-05-11 19:00:00,137,3.933784497209659,3.8110970868381857,3.822098297900159,3.8264651170664994,3.9080149840306073,4.254193263163997,3.9415818076696905,3.937690752176724,3.855659960649335,0.06788106562792905,3.8478681981346203,0.04501890934421327,3.893050991558686,0.068112576231861,3.969345480098021,0.16506520169420244,81.5,97.6,24.1,4.2,1394.0,603.0,1.616796077701761,-0.5253288904374109,-0.9659258262890684,0.2588190451025203,0.8660254037844387,-0.4999999999999998,1.4569572211887625,0,2.5,-6.0
55.2,82.0,2930.0,60.2,17.0,85.0,25.0,71.0,6.8,288.0,0.0,948.3,2026-05-11 20:00:00,150,4.028916756899646,3.933784497209659,3.8110970868381857,3.822098297900159,3.858622228701031,4.051784947803305,4.00369019395397,4.0809215418899605,3.9245994469824965,0.10919993602186572,3.876250619501056,0.08713560855867244,3.891145308983381,0.06342641496184531,3.9703965868874245,0.16537344307017499,79.4,94.3,43.9,5.1,2405.0,657.0,2.101315561749641,-6.467184310807045,-0.8660254037844386,0.5000000000000001,0.8660254037844387,-0.4999999999999998,0.5165277893461084,0,-0.6000000000000014,4.0
57.2,83.4,2488.0,70.2,15.5,61.0,24.2,73.0,9.8,296.0,0.0,949.0,2026-05-11 21:00:00,152,4.063885354737392,4.028916756899646,3.933784497209659,3.8110970868381857,3.835141961092188,3.906004933102583,4.091005660956586,4.1713056033582285,4.008862202948898,0.06732902147653867,3.914374518441923,0.11203513149254896,3.9043020107862816,0.0807876794241899,3.9692665741282913,0.16460434712820585,82.0,95.0,60.2,4.0,2930.0,578.0,4.296037238532959,-8.808181653731838,-0.7071067811865477,0.7071067811865474,0.8660254037844387,-0.4999999999999998,0.37628568099420295,0,-1.9000000000000021,14.0
60.3,86.1,1562.0,76.6,13.6,43.0,23.7,75.0,9.2,310.0,0.0,948.8,2026-05-11 22:00:00,153,4.115779842942166,4.063885354737392,4.028916756899646,3.933784497209659,3.8264651170664994,3.899950424193877,4.157319361383489,4.251348311031766,4.069527318193068,0.04370552302555285,3.962593639421202,0.1277848923476805,3.9222877956819726,0.10118175199381395,3.967535760859903,0.16274893777052185,83.4,93.6,70.2,3.8,2488.0,481.0,5.91364600911616,-7.047608876694598,-0.5000000000000004,0.8660254037844384,0.8660254037844387,-0.4999999999999998,0.40350782773942806,0,-0.8000000000000007,5.0
61.9,85.9,854.0,78.3,11.7,32.0,22.2,83.0,6.3,329.0,0.0,949.3,2026-05-11 23:00:00,154,4.141546163706395,4.115779842942166,4.063885354737392,4.028916756899646,3.822098297900159,3.929862923556477,4.146304301152812,4.29592393562047,4.107070453795317,0.03955616774811316,4.015834950388907,0.12403397547374756,3.9399280656944655,0.11942967355308766,3.967337505132969,0.16252444245837183,86.1,84.8,76.6,9.8,1562.0,640.0,5.400153994423306,-3.2447398719333433,-0.25881904510252157,0.9659258262890681,0.8660254037844387,-0.4999999999999998,0.5673350909186843,0,-0.1999999999999993,-3.0
60.8,82.0,676.0,73.7,9.9,28.0,21.3,86.0,7.5,333.0,0.0,948.3,2026-05-12 00:00:00,154,4.123903364463645,4.141546163706395,4.115779842942166,4.063885354737392,3.8110970868381857,3.933784497209659,4.11251186617755,4.247065649239764,4.127076457037402,0.013172972663605693,4.067969329993151,0.07794275269466795,3.955771304632298,0.13062610927165502,3.96781215089489,0.1629828395066785,85.9,81.5,78.3,24.1,854.0,1394.0,6.682548931412758,-3.4049287480466024,0.0,1.0,0.8660254037844387,-0.4999999999999998,0.4851651017016053,0,-0.8999999999999986,-1.0
57.7,76.1,716.0,64.3,8.2,31.0,20.6,90.0,6.8,302.0,0.0,947.7,2026-05-12 01:00:00,152,4.072439726834051,4.123903364463645,4.141546163706395,4.115779842942166,3.933784497209659,3.9080149840306073,4.04305126783455,4.185098925490565,4.112629751668031,0.035906067222691164,4.091078534930549,0.04286155963065371,3.9694733665325845,0.13374768689104563,3.9690366700198694,0.16368160444742558,82.0,79.4,73.7,43.9,676.0,2405.0,3.6034509967857917,-5.766727053863698,0.25881904510252074,0.9659258262890683,0.8660254037844387,-0.4999999999999998,0.5221076572864168,0,-1.5999999999999979,8.0
52.9,68.2,747.0,53.6,6.8,39.0,20.4,89.0,6.9,329.0,0.0,947.1,2026-05-12 02:00:00,144,3.9871304779149512,4.072439726834051,4.123903364463645,4.141546163706395,4.028916756899646,3.858622228701031,3.8979240810486444,4.123903364463645,4.061157856404216,0.06908086619329097,4.084114155099766,0.056277282913535454,3.9801823873004114,0.12913012554287556,3.972753603222632,0.16300802420215302,76.1,82.0,64.3,60.2,716.0,2930.0,5.914454374844574,-3.553762716879376,0.49999999999999994,0.8660254037844387,0.8660254037844387,-0.4999999999999998,0.5047000604955634,0,-1.3000000000000007,1.0
47.4,61.0,671.0,40.8,5.9,53.0,20.0,90.0,5.5,314.0,0.0,946.6,2026-05-12 03:00:00,130,3.879499813722586,3.9871304779149512,4.072439726834051,4.123903364463645,4.063885354737392,3.835141961092188,3.730501128804756,4.065602093356446,3.979690006157196,0.09668491600477905,4.053383231597299,0.10161412228413899,3.9838788750196112,0.12517506638159345,3.9789618817608745,0.15607023913518214,68.2,83.4,53.6,70.2,747.0,2488.0,3.820621037524485,-3.9563689018625814,0.7071067811865475,0.7071067811865476,0.8660254037844387,-0.4999999999999998,0.5968461251880901,0,-1.6000000000000014,4.0
39.0,53.1,585.0,26.6,5.2,72.0,19.6,90.0,4.8,329.0,0.0,946.7,2026-05-12 04:00:00,110,3.6888794541139363,3.879499813722586,3.9871304779149512,4.072439726834051,4.115779842942166,3.8264651170664994,3.6375861597263857,4.0163830207523885,3.851836581917158,0.1510376082140844,3.9822331667925943,0.17333368143549904,3.972413403106898,0.1455475093530344,3.9810991023603557,0.15147577732242987,61.0,86.1,40.8,76.6,671.0,1562.0,4.114403043370138,-2.4721827595682613,0.8660254037844386,0.5000000000000001,0.8660254037844387,-0.4999999999999998,0.6360136989851615,0,-2.099999999999998,9.0
28.1,35.7,549.0,22.1,3.9,49.0,20.9,80.0,4.1,315.0,0.0,947.1,2026-05-12 05:00:00,85,3.370738174177447,3.6888794541139363,3.879499813722586,3.9871304779149512,4.141546163706395,3.822098297900159,4.216562194946349,4.146304301152812,3.646372480671323,0.25703060821934026,3.8537651685377696,0.28275224531523946,3.9348000594633383,0.22471520138752626,3.9458564348283183,0.18824376605909482,53.1,85.9,26.6,78.3,585.0,854.0,2.899137802864844,-2.8991378028648453,0.9659258262890683,0.25881904510252074,0.8660254037844387,-0.4999999999999998,0.6609290537602838,0,-0.8000000000000007,-4.0
25.4,34.0,615.0,21.3,4.1,64.0,21.1,83.0,0.6,326.0,0.0,947.8,2026-05-12 06:00:00,79,3.2733640101522705,3.370738174177447,3.6888794541139363,3.879499813722586,4.123903364463645,3.8110970868381857,4.257030144499196,4.09933210373314,3.4443272128145512,0.21731263423536892,3.712008609485874,0.3295650129202995,3.8899889697395125,0.294427789545956,3.9048703458971965,0.22166580913206796,35.7,82.0,22.1,73.7,549.0,676.0,0.49742254353302506,-0.33551574208244794,1.0,6.123233995736766e-17,0.8660254037844387,-0.4999999999999998,2.045852506345169,0,-1.0999999999999979,3.0
26.0,33.5,731.0,20.1,4.5,85.0,22.6,73.0,2.3,247.0,0.0,949.1,2026-05-12 07:00:00,80,3.295836866004329,3.2733640101522705,3.370738174177447,3.6888794541139363,4.072439726834051,3.933784497209659,4.254193263163997,4.070734696582967,3.313313016778016,0.05098523158031707,3.5825747993475865,0.31171626559546506,3.836826667139068,0.33988619284579225,3.8649388293488767,0.24144028574444515,34.0,76.1,21.3,64.3,615.0,716.0,-0.8986815955253298,-2.1171611629406124,0.9659258262890683,-0.25881904510252063,0.8660254037844387,-0.4999999999999998,0.9987384442437361,0,0.6000000000000014,-9.0
20.9,41.6,796.0,18.0,5.5,106.0,24.6,57.0,5.0,316.0,0.0,949.6,2026-05-12 08:00:00,70,3.086486636822455,3.295836866004329,3.2733640101522705,3.370738174177447,3.9871304779149512,4.028916756899646,4.051784947803305,4.065602093356446,3.2185625043263517,0.11493164662187749,3.432467492498837,0.2943059964404611,3.758290823799302,0.3957554202467536,3.824718066391341,0.28536778525925005,33.5,68.2,20.1,53.6,731.0,747.0,3.5966990016932545,-3.473291852294988,0.8660254037844387,-0.4999999999999998,0.8660254037844387,-0.4999999999999998,0.5144144394704092,0,2.0,-23.0
20.7,49.9,756.0,14.2,7.5,125.0,27.0,46.0,3.9,53.0,0.0,949.9,2026-05-12 09:00:00,69,3.077312260546414,3.086486636822455,3.295836866004329,3.2733640101522705,3.879499813722586,4.063885354737392,3.906004933102583,4.063885354737392,3.153211921124399,0.12360197600165887,3.2987695669694754,0.224555840949827,3.676076399283387,0.4276871335546828,3.7901892050348347,0.3227863639555495,41.6,61.0,18.0,40.8,796.0,671.0,2.3470785902929885,3.114678489184442,0.7071067811865476,-0.7071067811865475,0.8660254037844387,-0.4999999999999998,0.6280229103155947,0,2.3000000000000007,-20.0
23.4,58.2,666.0,9.5,10.1,143.0,28.7,42.0,1.9,151.0,0.0,949.9,2026-05-12 10:00:00,75,3.1945831322991562,3.077312260546414,3.086486636822455,3.295836866004329,3.6888794541139363,4.115779842942166,3.899950424193877,4.009149716158869,3.1194606765560082,0.06521947418274023,3.2163868466670116,0.11838432499132975,3.599310006729803,0.4242489434033986,3.760798901205888,0.3437872164839107,49.9,53.1,14.2,26.6,756.0,585.0,-1.6617774435648518,0.9211382784680405,0.49999999999999994,-0.8660254037844387,0.8660254037844387,-0.4999999999999998,1.1015803904479848,0,4.699999999999999,-28.0
26.3,64.0,591.0,6.0,12.0,159.0,29.8,34.0,3.8,90.0,0.0,950.3,2026-05-12 11:00:00,81,3.3068867021909143,3.1945831322991562,3.077312260546414,3.086486636822455,3.370738174177447,4.141546163706395,3.929862923556477,3.9396381724611196,3.1929273650121615,0.11479617693144907,3.205744934669257,0.10369246049551485,3.5297550516035128,0.3946569814962633,3.7348415586489896,0.3538388719881722,58.2,35.7,9.5,22.1,666.0,549.0,2.326828918379971e-16,3.8,0.258819045102521,-0.9659258262890682,0.8660254037844387,-0.4999999999999998,0.6889347296231072,0,6.800000000000001,-38.0
31.8,77.1,553.0,4.5,12.6,171.0,30.9,32.0,1.3,146.0,0.0,949.7,2026-05-12 12:00:00,92,3.4904285153900982,3.3068867021909143,3.1945831322991562,3.077312260546414,3.2733640101522705,4.123903364463645,3.933784497209659,3.8628327612373745,3.3306327832933893,0.14934533789124577,3.2419223522088942,0.15644820250927047,3.4769654808473844,0.34750918325207536,3.716368392739841,0.35457347572944586,64.0,34.0,6.0,21.3,591.0,615.0,-1.0777488443215542,0.726950774511971,1.2246467991473532e-16,-1.0,0.8660254037844387,-0.4999999999999998,1.5175776153869993,0,4.599999999999998,-27.0
35.6,89.4,530.0,4.1,12.5,181.0,31.5,33.0,2.5,184.0,0.0,949.0,2026-05-12 13:00:00,101,3.6000482404073204,3.4904285153900982,3.3068867021909143,3.1945831322991562,3.295836866004329,4.072439726834051,3.9080149840306073,3.8022081394209395,3.4657878193294445,0.14812594235689472,3.2926242479427263,0.2155474351301801,3.4375995236451566,0.29700820342510575,3.7035364450888704,0.35290497499435675,77.1,33.5,4.5,20.1,553.0,731.0,-2.4939101256495606,-0.1743911843603132,-0.2588190451025208,-0.9659258262890683,0.8660254037844387,-0.4999999999999998,1.0285852115449488,0,3.1000000000000014,-19.0
37.1,95.7,526.0,4.5,12.4,186.0,31.4,33.0,1.7,311.0,0.0,948.6,2026-05-12 14:00:00,105,3.6402142821326553,3.6000482404073204,3.4904285153900982,3.3068867021909143,3.086486636822455,3.9871304779149512,3.858622228701031,3.754198920234579,3.5768970126433586,0.07753017793027024,3.38491218882776,0.22782766158172435,3.4086898406632984,0.25215288207659,3.6944361139818547,0.35154532783717224,89.4,41.6,4.1,18.0,530.0,796.0,1.115300349283862,-1.2830062863787128,-0.4999999999999997,-0.8660254037844388,0.8660254037844387,-0.4999999999999998,1.3482275119009834,0,2.3999999999999986,-15.0
37.1,97.3,477.0,3.1,12.5,188.0,30.6,35.0,3.7,349.0,0.0,947.8,2026-05-12 15:00:00,105,3.6402142821326553,3.6402142821326553,3.6000482404073204,3.4904285153900982,3.077312260546414,3.879499813722586,3.835141961092188,3.751854253275325,3.626825601557544,0.023189875002437996,3.478729192425467,0.18829704134257835,3.3887493796974706,0.21879045761934213,3.6863141273585414,0.35040308308974405,95.7,49.9,4.5,14.2,526.0,756.0,3.632020578756357,-0.7059932828932153,-0.7071067811865471,-0.7071067811865479,0.8660254037844387,-0.4999999999999998,0.7745136770495011,0,0.5,-8.0
37.8,98.0,448.0,2.5,12.7,186.0,30.8,36.0,3.3,6.0,0.0,947.1,2026-05-12 16:00:00,107,3.6584202466292277,3.6402142821326553,3.6402142821326553,3.6000482404073204,3.1945831322991562,3.6888794541139363,3.8264651170664994,3.7612001156935624,3.646282936964846,0.010511218503033347,3.556035378147145,0.1363607658106902,3.3862111124070786,0.2151382027464154,3.679312257756988,0.3491575273667824,97.3,58.2,3.1,9.5,477.0,666.0,3.2819222547153015,0.3449439287832564,-0.8660254037844384,-0.5000000000000004,0.8660254037844387,-0.4999999999999998,0.8507954061928437,0,-0.09999999999999787,-5.0
38.3,99.7,635.0,9.5,13.3,172.0,30.7,36.0,4.2,108.0,0.0,946.7,2026-05-12 17:00:00,108,3.6712245188752153,3.6584202466292277,3.6402142821326553,3.6402142821326553,3.3068867021909143,3.370738174177447,3.822098297900159,3.8044377947482086,3.656619682545699,0.015583331446559465,3.6167583475945286,0.06639441778082027,3.4112516411318925,0.23013786425331098,3.673025850297616,0.34783064465458335,98.0,64.0,2.5,6.0,448.0,591.0,-1.297871376374779,3.9944373684396455,-0.9659258262890683,-0.25881904510252063,0.8660254037844387,-0.4999999999999998,0.7060047151683106,0,3.8999999999999986,-22.0
36.2,88.2,1308.0,30.9,14.6,138.0,29.1,44.0,7.1,75.0,0.0,946.4,2026-05-12 18:00:00,103,3.616308761279101,3.6712245188752153,3.6584202466292277,3.6402142821326553,3.4904285153900982,3.2733640101522705,3.8110970868381857,3.8522730010223722,3.6486511755945146,0.02873171017798022,3.6377383885760293,0.026233934008506463,3.4398303703924618,0.23273713239422092,3.664909670065987,0.3467397121741802,99.7,77.1,9.5,4.5,635.0,553.0,1.8376152202278973,6.858073366652385,-1.0,-1.8369701987210297e-16,0.8660254037844387,-0.4999999999999998,0.446457871762852,0,2.3000000000000007,-14.0
47.8,96.2,2197.0,60.0,16.4,93.0,26.9,56.0,3.6,33.0,0.0,946.1,2026-05-12 19:00:00,131,3.8877303128591016,3.616308761279101,3.6712245188752153,3.6584202466292277,3.6000482404073204,3.295836866004329,3.933784497209659,3.9415818076696905,3.7250878643378065,0.14350386633761028,3.685685400651326,0.10072042057487199,3.4891548242970263,0.26050958957498144,3.6629907457180475,0.345311506227165,88.2,89.4,30.9,4.1,1308.0,530.0,3.0192140446035265,1.9607005260540975,-0.9659258262890684,0.2588190451025203,0.8660254037844387,-0.4999999999999998,0.8451587636650222,0,0.8999999999999986,-14.0
58.0,109.2,2689.0,83.8,18.0,57.0,25.5,63.0,5.2,2.0,0.0,945.9,2026-05-12 20:00:00,152,4.07753744390572,3.8877303128591016,3.616308761279101,3.6712245188752153,3.6402142821326553,3.086486636822455,4.028916756899646,4.00369019395397,3.860525506014641,0.2318146901211351,3.7585725942801704,0.1845687724490076,3.571742391553965,0.27777061686583276,3.6650166076766335,0.34768610632198677,96.2,95.7,60.0,4.5,2197.0,526.0,5.196832300499298,0.18147738285300505,-0.8660254037844386,0.5000000000000001,0.8660254037844387,-0.4999999999999998,0.6576673296622129,0,0.5,-8.0
68.0,120.6,2415.0,98.0,19.7,38.0,24.1,70.0,3.2,16.0,0.0,946.2,2026-05-12 21:00:00,157,4.23410650459726,4.07753744390572,3.8877303128591016,3.616308761279101,3.6402142821326553,3.077312260546414,4.063885354737392,4.091005660956586,4.066458087120694,0.17345368448331985,3.8575546313576043,0.25442771336461345,3.6681419118915355,0.29099708294039345,3.6721091555874614,0.35776657363908704,109.2,97.3,83.8,3.1,2689.0,477.0,3.0760374270026207,0.8820395386143973,-0.7071067811865477,0.7071067811865474,0.8660254037844387,-0.4999999999999998,1.008120596332681,0,-0.09999999999999787,-3.0
74.0,128.5,1744.0,106.9,21.2,28.0,23.4,70.0,3.9,37.0,0.0,946.4,2026-05-12 22:00:00,161,4.31748811353631,4.23410650459726,4.07753744390572,3.8877303128591016,3.6584202466292277,3.1945831322991562,4.115779842942166,4.157319361383489,4.20971068734643,0.12182137697690504,3.967399275842118,0.29091460463718044,3.7617173269946313,0.30507653245446936,3.680513666862218,0.37077499616815124,120.6,98.0,98.0,2.5,2415.0,448.0,3.114678489184442,2.347078590292988,-0.5000000000000004,0.8660254037844384,0.8660254037844387,-0.4999999999999998,0.8811200231706755,0,-0.3000000000000007,-5.0
79.9,134.6,1164.0,110.1,21.2,21.0,24.8,58.0,5.1,51.0,0.0,946.4,2026-05-12 23:00:00,164,4.393213824064446,4.31748811353631,4.23410650459726,4.07753744390572,3.6712245188752153,3.3068867021909143,4.141546163706395,4.146304301152812,4.314936147399339,0.07958435257880321,4.0877308267069905,0.29321561553510256,3.852244587150759,0.31871379406130557,3.6909998193771365,0.38755957603626673,128.5,99.7,106.9,9.5,1744.0,635.0,3.209533994354171,3.963444403430551,-0.25881904510252157,0.9659258262890681,0.8660254037844387,-0.4999999999999998,0.7201989875515487,0,2.6000000000000014,-25.0
80.6,131.8,833.0,106.8,18.4,13.0,24.3,60.0,4.7,28.0,0.0,946.1,2026-05-13 00:00:00,164,4.401829261970061,4.393213824064446,4.31748811353631,4.23410650459726,3.616308761279101,3.4904285153900982,4.123903364463645,4.11251186617755,4.370843733190273,0.04640768313626748,4.218650910155483,0.2017204202502049,3.928194649365756,0.3329311707983627,3.70258006510657,0.4048247254328639,134.6,88.2,110.1,30.9,1164.0,1308.0,4.149853686436957,2.2065163450936867,0.0,1.0,0.8660254037844387,-0.4999999999999998,0.7722507477140458,0,3.0,-26.0
75.4,114.6,594.0,97.7,14.2,8.0,23.9,63.0,3.7,23.0,0.0,946.0,2026-05-13 01:00:00,161,4.335982696172475,4.401829261970061,4.393213824064446,4.31748811353631,3.8877303128591016,3.6000482404073204,4.072439726834051,4.04305126783455,4.377008594068994,0.035789658649451196,4.293359640707712,0.12184053471664248,3.9895225206795186,0.33476620623251874,3.7135610221623376,0.4186323026569428,131.8,96.2,106.8,60.0,833.0,2197.0,3.4058679577740296,1.445705175410313,0.25881904510252074,0.9659258262890683,0.8660254037844387,-0.4999999999999998,0.9225495098239308,0,3.299999999999997,-27.0
63.3,84.1,459.0,85.2,10.5,9.0,24.0,64.0,2.5,8.0,0.0,945.9,2026-05-13 02:00:00,155,4.163559631243574,4.335982696172475,4.401829261970061,4.393213824064446,4.07753744390572,3.6402142821326553,3.9871304779149512,3.8979240810486444,4.300457196462037,0.12304328538728514,4.307696671930688,0.09301730864619527,4.033134633105429,0.3188332444343988,3.7209122368843635,0.42514348695498333,114.6,109.2,97.7,83.8,594.0,2689.0,2.475670171853926,0.3479327524001636,0.49999999999999994,0.8660254037844387,0.8660254037844387,-0.4999999999999998,1.1895884660695926,0,3.6000000000000014,-25.0
48.2,63.1,471.0,66.7,8.2,18.0,24.1,60.0,3.6,351.0,0.0,945.7,2026-05-13 03:00:00,132,3.8958936234982624,4.163559631243574,4.335982696172475,4.401829261970061,4.23410650459726,3.6402142821326553,3.879499813722586,3.730501128804756,4.131811983638104,0.22175556998230542,4.2513278584141885,0.1940941409138547,4.054441244885896,0.2980546086884812,3.7215953122916834,0.425422445363132,84.1,120.6,85.2,98.0,459.0,2415.0,3.5556780261424956,-0.563164074144832,0.7071067811865475,0.7071067811865476,0.8660254037844387,-0.4999999999999998,0.8469333964126659,0,4.100000000000001,-30.0
36.0,46.1,588.0,44.6,6.6,32.0,24.1,58.0,3.4,360.0,0.0,945.8,2026-05-13 04:00:00,102,3.6109179126442243,3.8958936234982624,4.163559631243574,4.335982696172475,4.31748811353631,3.6584202466292277,3.6888794541139363,3.6375861597263857,3.89012372246202,0.2763660364491072,4.1335661582655066,0.3196571566028993,4.050482717053813,0.3040475924522732,3.718346914730446,0.42598039456653597,63.1,128.5,66.7,106.9,471.0,1744.0,3.4,-8.327598234202001e-16,0.8660254037844386,0.5000000000000001,0.8660254037844387,-0.4999999999999998,0.8206631619645963,0,4.5,-32.0
23.0,26.6,699.0,27.0,3.2,26.0,21.8,71.0,2.6,56.0,0.0,945.5,2026-05-13 05:00:00,74,3.1780538303479458,3.6109179126442243,3.8958936234982624,4.163559631243574,4.393213824064446,3.6712245188752153,3.370738174177447,4.216562194946349,3.5616217888301445,0.3614499592265049,3.93103949264609,0.4712511189511038,4.0093851596765395,0.3830406569971491,3.710318400404217,0.4345463217552929,46.1,134.6,44.6,110.1,588.0,1164.0,1.4539015490239418,2.1554976886431088,0.9659258262890683,0.25881904510252074,0.8660254037844387,-0.4999999999999998,0.8827927306522071,0,0.9000000000000021,-9.0
20.7,24.6,788.0,26.0,4.0,41.0,22.4,70.0,1.9,17.0,0.0,946.0,2026-05-13 06:00:00,69,3.077312260546414,3.1780538303479458,3.6109179126442243,3.8958936234982624,4.401829261970061,3.616308761279101,3.2733640101522705,4.257030144499196,3.2887613345128615,0.2835063695871729,3.710286659075482,0.5148212086375381,3.9644687846154825,0.4576583341884001,3.702149577503972,0.4448384051584334,26.6,131.8,27.0,106.8,699.0,833.0,1.8169790363297673,0.5555062389731998,1.0,6.123233995736766e-17,0.8660254037844387,-0.4999999999999998,1.0611421588091083,0,1.2999999999999972,-13.0
20.7,26.1,872.0,24.4,5.1,62.0,24.4,65.0,1.2,51.0,0.0,946.9,2026-05-13 07:00:00,69,3.077312260546414,3.077312260546414,3.1780538303479458,3.6109179126442243,4.335982696172475,3.8877303128591016,3.295836866004329,4.254193263163997,3.110892783813591,0.058163172443468296,3.500508253137806,0.4626712796539064,3.896933946922759,0.5248713359999183,3.693044385609893,0.4556223502390855,24.6,114.6,26.0,97.7,788.0,594.0,0.755184469259805,0.9325751537483651,0.9659258262890683,-0.25881904510252063,0.8660254037844387,-0.4999999999999998,1.3987783002483698,0,1.7999999999999972,-8.0
19.6,30.3,891.0,21.6,6.0,83.0,26.9,50.0,1.5,277.0,0.0,947.9,2026-05-13 08:00:00,67,3.0252910757955354,3.077312260546414,3.077312260546414,3.1780538303479458,4.163559631243574,4.07753744390572,3.086486636822455,4.051784947803305,3.059971865629455,0.03003444501948294,3.310796827229799,0.3579316275480047,3.809246749580243,0.5772398469226985,3.6904945705671044,0.4593206629100911,26.1,84.1,24.4,85.2,872.0,459.0,0.18280401510772154,-1.488819227461983,0.8660254037844387,-0.4999999999999998,0.8660254037844387,-0.4999999999999998,1.2101164303182141,0,2.299999999999997,-7.0
18.4,30.4,792.0,16.3,6.4,104.0,29.3,41.0,3.5,309.0,0.0,948.7,2026-05-13 09:00:00,64,2.9652730660692823,3.0252910757955354,3.077312260546414,3.077312260546414,3.8958936234982624,4.23410650459726,3.077312260546414,3.906004933102583,3.0226254674704105,0.05606714167476665,3.1556934009916358,0.23378674963898358,3.7035106297029117,0.6077446003719688,3.6858262707972234,0.4663394217487379,30.3,63.1,21.6,66.7,891.0,471.0,2.202621368674431,-2.7200108650993977,0.7071067811865476,-0.7071067811865475,0.8660254037844387,-0.4999999999999998,0.6589495702376182,0,2.3000000000000007,-5.0
16.4,27.2,628.0,9.8,6.7,124.0,28.5,43.0,7.5,287.0,0.0,948.9,2026-05-13 10:00:00,60,2.856470206220483,2.9652730660692823,3.0252910757955354,3.077312260546414,3.6109179126442243,4.31748811353631,3.1945831322991562,3.899950424193877,2.9490114493617674,0.08557716771707159,3.0299521165876793,0.1102008731291915,3.581759137426593,0.6197885643870745,3.671738232210613,0.4864965618158746,30.4,46.1,16.3,44.6,792.0,588.0,2.1927877854205255,-7.172285669722766,0.49999999999999994,-0.8660254037844387,0.8660254037844387,-0.4999999999999998,0.33605531837888036,0,-0.1999999999999993,1.0
13.9,24.7,500.0,5.0,6.8,140.0,31.9,27.0,1.7,77.0,0.0,948.7,2026-05-13 11:00:00,55,2.7013612129514133,2.856470206220483,2.9652730660692823,3.0252910757955354,3.1780538303479458,4.393213824064446,3.3068867021909143,3.929862923556477,2.841034828413726,0.13263127353703158,2.95050334702159,0.14757126048967492,3.4407714198338404,0.6107839871691286,3.6465080034923,0.5207374445295871,27.2,26.6,9.8,27.0,628.0,699.0,0.3824167923845704,1.6564291101348998,0.258819045102521,-0.9659258262890682,0.8660254037844387,-0.4999999999999998,1.0005041529449679,0,2.099999999999998,-7.0
12.3,23.5,447.0,3.4,6.9,149.0,32.9,26.0,1.5,104.0,0.0,948.0,2026-05-13 12:00:00,51,2.5877640352277083,2.7013612129514133,2.856470206220483,2.9652730660692823,3.077312260546414,4.401829261970061,3.4904285153900982,3.933784497209659,2.7151984847998683,0.13488644910277497,2.868911976135139,0.19206393808579889,3.2895993176053104,0.5747237468525956,3.608896983485534,0.5633548589368073,24.7,24.6,5.0,26.0,500.0,788.0,-0.36288284339950166,1.4554435894139948,1.2246467991473532e-16,-1.0,0.8660254037844387,-0.4999999999999998,1.0351056140910833,0,2.0,-6.0
12.6,24.6,430.0,3.6,6.9,154.0,32.8,24.0,3.2,214.0,0.0,947.5,2026-05-13 13:00:00,52,2.6100697927420065,2.5877640352277083,2.7013612129514133,2.856470206220483,3.077312260546414,4.335982696172475,3.6000482404073204,3.9080149840306073,2.6330650136403757,0.06018857727859275,2.7910382315010716,0.18527032050825618,3.145773242319439,0.500181072503005,3.5676478814994788,0.59913785042887,23.5,26.1,3.4,24.4,447.0,872.0,-2.6529202321761343,-1.7894172911063895,-0.2588190451025208,-0.9659258262890683,0.8660254037844387,-0.4999999999999998,0.6214451887480967,0,1.2999999999999972,-9.0
13.3,25.8,435.0,4.4,6.9,156.0,32.8,26.0,4.0,278.0,0.0,946.7,2026-05-13 14:00:00,54,2.6602595372658615,2.6100697927420065,2.5877640352277083,2.7013612129514133,3.0252910757955354,4.163559631243574,3.6402142821326553,3.858622228701031,2.6193644550785256,0.037130748913847,2.730199641746126,0.14942966646001474,3.020498234487962,0.4003976036916675,3.526816433796696,0.6267339953598706,24.6,30.3,3.6,21.6,430.0,891.0,0.5566924038402619,-3.9610722749662814,-0.4999999999999997,-0.8660254037844388,0.8660254037844387,-0.4999999999999998,0.5320519074531723,0,1.3999999999999986,-7.0
13.5,25.8,415.0,2.6,7.0,159.0,32.1,26.0,6.0,280.0,0.0,946.4,2026-05-13 15:00:00,54,2.6741486494265287,2.6602595372658615,2.6100697927420065,2.5877640352277083,2.9652730660692823,3.8958936234982624,3.6402142821326553,3.835141961092188,2.6481593264781322,0.033709587572814996,2.681678905639,0.09529192412212988,2.9186861533153183,0.3004168620375843,3.486563699100607,0.6497354985750584,25.8,30.4,4.4,16.3,435.0,792.0,1.0418890660015798,-5.908846518073249,-0.7071067811865471,-0.7071067811865479,0.8660254037844387,-0.4999999999999998,0.38202123563236123,0,1.5,-9.0
13.2,24.8,416.0,1.5,7.1,158.0,32.1,25.0,5.9,305.0,0.0,946.1,2026-05-13 16:00:00,53,2.653241964607215,2.6741486494265287,2.6602595372658615,2.6100697927420065,2.856470206220483,3.6109179126442243,3.6584202466292277,3.8264651170664994,2.6625500504332016,0.010639887474059842,2.6478075320367886,0.041894618204642874,2.8388798243122344,0.21481501722296448,3.4446812706830237,0.670249277096224,25.8,27.2,2.6,9.8,415.0,628.0,3.384100974471172,-4.8329970613050515,-0.8660254037844384,-0.5000000000000004,0.8660254037844387,-0.4999999999999998,0.3845278209575674,0,1.3000000000000007,-11.0
16.8,31.7,564.0,10.0,7.7,144.0,31.9,28.0,8.2,58.0,0.0,944.9,2026-05-13 17:00:00,61,2.8791984572980396,2.653241964607215,2.6741486494265287,2.6602595372658615,2.7013612129514133,3.1780538303479458,3.6712245188752153,3.822098297900159,2.735529690443928,0.12485915382769995,2.6774470727612267,0.10409471118186821,2.8139752098914084,0.18750614919168995,3.411680184783974,0.678062950718223,24.8,24.7,1.5,5.0,416.0,500.0,4.34533796671228,6.953994388482692,-0.9659258262890683,-0.25881904510252063,0.8660254037844387,-0.4999999999999998,0.31295635405413474,0,1.1999999999999993,-8.0
20.3,31.9,1024.0,37.8,8.4,103.0,30.2,41.0,4.6,51.0,0.0,944.7,2026-05-13 18:00:00,68,3.0587070727153796,2.8791984572980396,2.653241964607215,2.6741486494265287,2.5877640352277083,3.077312260546414,3.616308761279101,3.8110970868381857,2.8637158315402114,0.20317547157213428,2.755937579009172,0.17580109635473432,2.8124247775721556,0.18519340067290696,3.388446781093819,0.6802958939519219,31.7,23.5,10.0,3.4,564.0,447.0,2.894873798829252,3.5748714227020657,-1.0,-1.8369701987210297e-16,0.8660254037844387,-0.4999999999999998,0.5461976915563178,0,1.0999999999999979,-3.0
29.9,41.6,1631.0,75.7,9.4,46.0,28.2,48.0,6.9,20.0,0.0,944.2,2026-05-13 19:00:00,88,3.4307561839036995,3.0587070727153796,2.8791984572980396,2.653241964607215,2.6100697927420065,3.077312260546414,3.8877303128591016,3.933784497209659,3.122887237972373,0.2813241931542905,2.8927186442027875,0.30866762287805505,2.8418784378519297,0.24845352306431026,3.3694061923873435,0.6720592158361073,31.9,24.6,37.8,3.6,1024.0,430.0,6.483879083422768,2.359938988947114,-0.9659258262890684,0.2588190451025203,0.8660254037844387,-0.4999999999999998,0.43427293467135436,0,1.3000000000000007,-8.0
43.4,54.9,2008.0,101.4,9.9,4.0,26.5,47.0,8.6,30.0,0.0,944.1,2026-05-13 20:00:00,120,3.7932394694381792,3.4307561839036995,3.0587070727153796,2.8791984572980396,2.6602595372658615,3.0252910757955354,4.07753744390572,4.028916756899646,3.4275675753524193,0.36727657953809945,3.081548632898173,0.45151709592582784,2.9058741373221495,0.3694372755727742,3.357560443451197,0.6614568774108857,41.6,25.8,75.7,4.4,1631.0,435.0,7.447818472546173,4.299999999999999,-0.8660254037844386,0.5000000000000001,0.8660254037844387,-0.4999999999999998,0.39512911139981033,0,1.0,-16.0
48.2,57.6,1969.0,103.7,9.5,0.0,25.4,48.0,8.8,33.0,0.0,944.3,2026-05-13 21:00:00,132,3.8958936234982624,3.7932394694381792,3.4307561839036995,3.0587070727153796,2.6741486494265287,2.9652730660692823,4.23410650459726,4.063885354737392,3.7066297589467134,0.24436477015255154,3.285172795243463,0.5035364256544514,2.983425850441231,0.46765974793147397,3.3434682400720717,0.6453776469845653,54.9,25.8,101.4,2.6,2008.0,415.0,7.380300997919732,4.792823508132239,-0.7071067811865477,0.7071067811865474,0.8660254037844387,-0.4999999999999998,0.397540165663088,0,1.2999999999999972,-22.0
49.7,57.6,1701.0,93.7,8.6,0.0,24.3,51.0,5.2,34.0,0.0,944.4,2026-05-13 22:00:00,136,3.9259259105971376,3.8958936234982624,3.7932394694381792,3.4307561839036995,2.653241964607215,2.856470206220483,4.31748811353631,4.115779842942166,3.871686334511193,0.06957670261615441,3.497286786241783,0.44922568245097316,3.0725471591392854,0.537894833757607,3.3271531482829393,0.6242887054044081,57.6,24.8,103.7,1.5,1969.0,416.0,4.310995377286217,2.907803098047884,-0.5000000000000004,0.8660254037844384,0.8660254037844387,-0.4999999999999998,0.6332138565479254,0,0.9000000000000021,-19.0
48.5,55.3,1385.0,82.8,7.5,2.0,24.3,58.0,1.1,162.0,0.0,944.5,2026-05-13 23:00:00,133,3.901972669574645,3.9259259105971376,3.8958936234982624,3.7932394694381792,2.8791984572980396,2.7013612129514133,4.393213824064446,4.141546163706395,3.907930734556682,0.015877924009353447,3.6677491549545507,0.3511158030556691,3.1725981138578887,0.573084534637437,3.3066847668458643,0.5951913876801889,57.6,31.7,93.7,10.0,1701.0,564.0,-1.0461621679246689,0.3399186938124423,-0.25881904510252157,0.9659258262890681,0.8660254037844387,-0.4999999999999998,1.8580822236069736,0,-0.5,0.0
41.1,47.5,1026.0,74.9,6.3,7.0,23.4,62.0,3.2,227.0,0.0,944.7,2026-05-14 00:00:00,115,3.7400477406883357,3.901972669574645,3.9259259105971376,3.8958936234982624,3.0587070727153796,2.5877640352277083,4.401829261970061,4.123903364463645,3.855982106953373,0.10111390804349799,3.7813059329500427,0.18619103757469718,3.2686217559796074,0.5626242427276638,3.279110536792459,0.5563087979383559,55.3,31.9,82.8,37.8,1385.0,1024.0,-2.1823947521999956,-2.3403318451813457,0.0,1.0,0.8660254037844387,-0.4999999999999998,0.8904875573067466,0,-0.9000000000000021,2.0
33.3,39.3,619.0,66.2,5.0,16.0,23.1,59.0,3.5,35.0,0.0,944.4,2026-05-14 01:00:00,96,3.535145354171894,3.7400477406883357,3.901972669574645,3.9259259105971376,3.4307561839036995,2.6100697927420065,4.335982696172475,4.072439726834051,3.7257219214782915,0.18383278177035745,3.798704127994742,0.14780340537942283,3.345711386098765,0.5263974328826609,3.2457423142091018,0.5124485364201365,47.5,41.6,74.9,75.7,1026.0,1631.0,2.8670321550114712,2.007517527228661,0.25881904510252074,0.9659258262890683,0.8660254037844387,-0.4999999999999998,0.7855878564826431,0,-0.7999999999999972,-4.0
26.3,31.9,332.0,55.7,4.0,25.0,22.2,67.0,2.0,95.0,0.0,944.2,2026-05-14 02:00:00,81,3.3068867021909143,3.535145354171894,3.7400477406883357,3.901972669574645,3.7932394694381792,2.6602595372658615,4.163559631243574,3.9871304779149512,3.527359932350381,0.21668544231845896,3.717645333453532,0.24966400701946942,3.3995969831758526,0.4809891379366878,3.2100476088319074,0.47414233223269553,39.3,54.9,66.2,101.4,619.0,2008.0,-0.17431148549531647,1.992389396183491,0.49999999999999994,0.8660254037844387,0.8660254037844387,-0.4999999999999998,1.1022955673969714,0,-1.8000000000000007,3.0
20.2,24.9,231.0,40.8,3.4,36.0,21.7,66.0,3.3,81.0,0.0,944.4,2026-05-14 03:00:00,68,3.054001181677967,3.3068867021909143,3.535145354171894,3.7400477406883357,3.8958936234982624,2.6741486494265287,3.8958936234982624,3.879499813722586,3.298677746013592,0.24067710506476872,3.577329926483482,0.3470392510042927,3.4312513608634725,0.4396272425688576,3.1749687570893954,0.4518120516027608,31.9,57.6,55.7,103.7,332.0,1969.0,0.516233734632762,3.2593715239639547,0.7071067811865475,0.7071067811865476,0.8660254037844387,-0.4999999999999998,0.7102328329483644,0,-2.400000000000002,6.0
15.9,19.5,249.0,24.2,3.1,49.0,21.4,63.0,3.1,10.0,0.0,944.1,2026-05-14 04:00:00,59,2.827313621929028,3.054001181677967,3.3068867021909143,3.535145354171894,3.9259259105971376,2.653241964607215,3.6109179126442243,3.6888794541139363,3.06273383526597,0.2399057716208266,3.394227878372131,0.4103725978936759,3.445757332306956,0.4137313939624972,3.1423185783095953,0.4472287905866299,24.9,57.6,40.8,93.7,231.0,1701.0,3.052904034337845,0.5383093507674841,0.8660254037844386,0.5000000000000001,0.8660254037844387,-0.4999999999999998,0.6895886882753728,0,-2.700000000000003,5.0
13.9,16.8,359.0,13.1,3.4,62.0,21.9,60.0,2.9,150.0,0.0,944.0,2026-05-14 05:00:00,55,2.7013612129514133,2.827313621929028,3.054001181677967,3.3068867021909143,3.901972669574645,2.8791984572980396,3.1780538303479458,3.370738174177447,2.8608920055194695,0.17870189637850953,3.1941259689349253,0.4059662901289879,3.430937561944738,0.4383244384107215,3.1224563859180727,0.45607068604154677,19.5,55.3,24.2,82.8,249.0,1385.0,-2.511473670974872,1.4499999999999997,0.9659258262890683,0.25881904510252074,0.8660254037844387,-0.4999999999999998,0.6926567212695932,0,0.09999999999999787,-11.0
14.2,17.4,638.0,17.4,3.9,64.0,22.0,55.0,9.7,315.0,0.1,945.3,2026-05-14 06:00:00,55,2.7212954278522306,2.7013612129514133,2.827313621929028,3.054001181677967,3.7400477406883357,3.0587070727153796,3.077312260546414,3.2733640101522705,2.7499900875775576,0.06770184601899217,3.0243339167955745,0.339589527957941,3.4028199248728086,0.4737625651566745,3.107622351222482,0.4633348766187271,16.8,47.5,13.1,74.9,359.0,1026.0,6.858935777509509,-6.858935777509512,1.0,6.123233995736766e-17,0.8660254037844387,-0.4999999999999998,0.2543266755002085,0,-0.3999999999999986,-15.0
17.4,19.8,1009.0,23.0,4.7,67.0,22.7,65.0,5.7,49.0,0.3,944.8,2026-05-14 07:00:00,62,2.91235066461494,2.7212954278522306,2.7013612129514133,2.827313621929028,3.535145354171894,3.4307561839036995,3.077312260546414,3.295836866004329,2.778335768472861,0.11648749942335519,2.9205348018694153,0.22959600351541476,3.359619464932079,0.49417929699859925,3.100748951392004,0.4650245558961724,17.4,39.3,17.4,66.2,638.0,619.0,3.739536465245892,4.301844607269801,0.9659258262890683,-0.25881904510252063,0.8660254037844387,-0.4999999999999998,0.43467920367387164,0,-1.6999999999999993,0.0
17.9,24.4,1208.0,25.1,6.2,77.0,26.0,52.0,5.0,226.0,0.0,946.3,2026-05-14 08:00:00,63,2.9391619220655967,2.91235066461494,2.7212954278522306,2.7013612129514133,3.3068867021909143,3.7932394694381792,3.0252910757955354,3.086486636822455,2.857602671510923,0.11880429027140835,2.8592473385151957,0.13573053001418092,3.288446335984364,0.4875090506420723,3.0971602366532562,0.4659635947984106,19.8,31.9,23.0,55.7,1009.0,332.0,-3.4732918522949863,-3.596699001693256,0.8660254037844387,-0.4999999999999998,0.8660254037844387,-0.4999999999999998,0.48986032034426613,0,-0.8999999999999986,2.0
17.0,29.8,1069.0,20.2,9.0,99.0,28.4,42.0,3.6,210.0,0.0,946.8,2026-05-14 09:00:00,61,2.8903717578961645,2.9391619220655967,2.91235066461494,2.7212954278522306,3.054001181677967,3.8958936234982624,2.9652730660692823,3.077312260546414,2.9139614481922336,0.024434933961829976,2.831975767884895,0.10068875066950086,3.204652847184189,0.4592019556168492,3.0940393488127103,0.4671347044893278,24.4,24.9,25.1,40.8,1208.0,231.0,-3.117691453623979,-1.8000000000000005,0.7071067811865476,-0.7071067811865475,0.8660254037844387,-0.4999999999999998,0.6283416864991662,0,-0.9000000000000021,1.0
18.2,35.9,759.0,11.9,12.5,128.0,30.9,33.0,3.4,238.0,0.0,947.2,2026-05-14 10:00:00,64,2.954910279033736,2.8903717578961645,2.9391619220655967,2.91235066461494,2.827313621929028,3.9259259105971376,2.856470206220483,3.1945831322991562,2.9281479863318327,0.03364944669554212,2.853241877402347,0.11231099367325162,3.1237348778872387,0.4026158446217466,3.098141018513262,0.465386943776392,29.8,19.5,20.2,24.2,1069.0,249.0,-1.801725498392897,-2.883363526931848,0.49999999999999994,-0.8660254037844387,0.8660254037844387,-0.4999999999999998,0.6715705179622127,0,2.3999999999999986,-10.0
19.1,38.6,510.0,5.6,14.6,150.0,32.1,29.0,0.2,180.0,0.0,947.4,2026-05-14 11:00:00,66,3.0007198150650303,2.954910279033736,2.8903717578961645,2.9391619220655967,2.7013612129514133,3.901972669574645,2.7013612129514133,3.3068867021909143,2.94866728399831,0.0554382960641328,2.9031349777546165,0.09676246543570236,3.0486304733447707,0.31978476966914454,3.1106142936013295,0.4582470316158357,35.9,16.8,11.9,13.1,759.0,359.0,-0.2,2.4492935982947065e-17,0.258819045102521,-0.9659258262890682,0.8660254037844387,-0.4999999999999998,2.500599845887525,0,0.20000000000000284,2.0
20.3,42.7,396.0,3.5,14.1,161.0,33.3,27.0,1.8,24.0,0.0,946.9,2026-05-14 12:00:00,68,3.0587070727153796,3.0007198150650303,2.954910279033736,2.8903717578961645,2.7212954278522306,3.7400477406883357,2.5877640352277083,3.4904285153900982,3.004779055604715,0.05201732086494024,2.959370251898475,0.061607616508913665,2.9918520843470247,0.23514861119643016,3.130236920163316,0.4447695394046334,38.6,17.4,5.6,17.4,510.0,638.0,1.6443818237566816,0.7321259575364404,1.2246467991473532e-16,-1.0,0.8660254037844387,-0.4999999999999998,1.0923953831126356,0,0.3999999999999986,1.0
21.5,45.3,345.0,3.4,12.4,165.0,32.4,27.0,11.8,169.0,0.0,946.4,2026-05-14 13:00:00,71,3.1135153092103742,3.0587070727153796,3.0007198150650303,2.954910279033736,2.91235066461494,3.535145354171894,2.6100697927420065,3.6000482404073204,3.0576473989969277,0.05640521302295416,2.99289769266438,0.08219831319322062,2.956716247266898,0.16870188916951784,3.1512138166828314,0.4308234653348409,42.7,19.8,3.5,23.0,396.0,1009.0,-11.583200764682436,2.2515461454432306,-0.2588190451025208,-0.9659258262890683,0.8660254037844387,-0.4999999999999998,0.2432433835320605,0,-0.3999999999999986,3.0
22.1,45.3,369.0,4.6,10.9,165.0,28.7,34.0,15.5,155.0,0.4,947.1,2026-05-14 14:00:00,72,3.139832617527748,3.1135153092103742,3.0587070727153796,3.0007198150650303,2.9391619220655967,3.3068867021909143,2.6602595372658615,3.6402142821326553,3.104018333151167,0.041388197846456795,3.026342808574739,0.09568040331464786,2.9427950735449673,0.14195078216354673,3.1711960283604097,0.4179928352268989,45.3,24.4,3.4,25.1,345.0,1208.0,-14.047770699068074,6.550583056980842,-0.4999999999999997,-0.8660254037844388,0.8660254037844387,-0.4999999999999998,0.1902928859107726,0,-4.099999999999998,8.0
22.4,44.4,500.0,5.3,10.4,162.0,29.4,40.0,3.0,335.0,0.5,946.7,2026-05-14 15:00:00,73,3.152736022363656,3.139832617527748,3.1135153092103742,3.0587070727153796,2.8903717578961645,3.054001181677967,2.6741486494265287,3.6402142821326553,3.135361316367259,0.019989009120354905,3.0700701859859874,0.07973495412920138,2.951022976935441,0.15152146349599102,3.191137168899457,0.40444569333820557,45.3,29.8,4.6,20.2,369.0,1069.0,2.71892336110995,-1.2678547852220976,-0.7071067811865471,-0.7071067811865479,0.8660254037844387,-0.4999999999999998,0.788184005590914,0,-2.700000000000003,14.0
22.2,42.6,708.0,7.2,10.3,155.0,29.0,43.0,8.5,359.0,0.1,945.9,2026-05-14 16:00:00,72,3.1441522786722644,3.152736022363656,3.139832617527748,3.1135153092103742,2.954910279033736,2.827313621929028,2.653241964607215,3.6584202466292277,3.145573639521223,0.006568079177877821,3.1016105192590753,0.060076469769105814,2.9774261983307113,0.1555563780792013,3.211591765318834,0.388144431350466,44.4,35.9,5.3,11.9,500.0,759.0,8.498705408829325,-0.14834545471691027,-0.8660254037844384,-0.5000000000000004,0.8660254037844387,-0.4999999999999998,0.3309633977549752,0,-3.1000000000000014,18.0
37.4,62.9,912.0,19.0,14.5,132.0,29.4,46.0,10.9,40.0,0.0,944.2,2026-05-14 17:00:00,106,3.648057459593681,3.1441522786722644,3.152736022363656,3.139832617527748,3.0007198150650303,2.7013612129514133,2.8791984572980396,3.6712245188752153,3.314981920209867,0.2884838060720292,3.209500126680517,0.21754550382416837,3.0563175522175663,0.2266402672610549,3.2436275570811524,0.39123418288363326,42.6,38.6,7.2,5.6,708.0,510.0,8.34988442999686,7.006384945583278,-0.9659258262890683,-0.25881904510252063,0.8660254037844387,-0.4999999999999998,0.3065594503860236,0,-2.5,18.0
38.8,62.9,1114.0,45.5,15.3,97.0,28.6,45.0,9.2,35.0,0.0,944.1,2026-05-14 18:00:00,109,3.6838669122903918,3.648057459593681,3.1441522786722644,3.152736022363656,3.0587070727153796,2.7212954278522306,3.0587070727153796,3.616308761279101,3.4920255501854456,0.3017986729602585,3.313693433276353,0.2734147261944849,3.1365318425874134,0.26447036354757897,3.269675883730111,0.3991189760138695,62.9,42.7,19.0,3.5,912.0,396.0,7.536198807458724,5.276903214429623,-1.0,-1.8369701987210297e-16,0.8660254037844387,-0.4999999999999998,0.36116342277356783,0,-1.5999999999999979,4.0
46.8,69.2,1312.0,81.6,16.3,48.0,26.5,55.0,7.2,55.0,0.0,944.6,2026-05-14 19:00:00,129,3.86702563949741,3.6838669122903918,3.648057459593681,3.1441522786722644,3.1135153092103742,2.91235066461494,3.4307561839036995,3.8877303128591016,3.732983337127161,0.11745672966735099,3.439278488324192,0.3302283074718768,3.2160880904942863,0.3270812983369301,3.287853777713183,0.4163378863495203,62.9,45.3,45.5,3.4,1114.0,345.0,4.129750341727532,5.897894718880741,-0.9659258262890684,0.2588190451025203,0.8660254037844387,-0.4999999999999998,0.47158849262163544,0,-1.6999999999999993,7.0
60.1,83.6,1430.0,105.6,16.5,12.0,25.0,61.0,5.0,41.0,0.0,944.6,2026-05-14 20:00:00,153,4.11251186617755,3.86702563949741,3.6838669122903918,3.648057459593681,3.139832617527748,2.9391619220655967,3.7932394694381792,4.07753744390572,3.8878014726551178,0.21507638307303945,3.601391696432492,0.38759382692156313,3.313867252503615,0.4032777343796443,3.301156794243989,0.43773902283196775,69.2,45.3,81.6,4.6,1312.0,369.0,3.77354790111386,3.2802951449525364,-0.8660254037844386,0.5000000000000001,0.8660254037844387,-0.4999999999999998,0.685418644362925,0,-1.5,14.0
69.2,93.4,1439.0,106.7,15.2,0.0,24.2,61.0,5.8,34.0,0.0,944.9,2026-05-14 21:00:00,158,4.251348311031766,4.11251186617755,3.86702563949741,3.6838669122903918,3.152736022363656,2.8903717578961645,3.8958936234982624,4.23410650459726,4.076961938902242,0.19461199079396063,3.7844937445438434,0.3927183214952594,3.4272819652649154,0.46064478306427625,3.3159674062245528,0.46396415339313885,83.6,44.4,105.6,5.3,1430.0,500.0,4.808417920819242,3.243318840130332,-0.7071067811865477,0.7071067811865474,0.8660254037844387,-0.4999999999999998,0.6251982810340833,0,-1.1999999999999993,13.0
73.3,92.2,1366.0,95.6,13.1,1.0,23.0,65.0,4.5,254.0,0.0,945.5,2026-05-14 22:00:00,160,4.308110951723713,4.251348311031766,4.11251186617755,3.86702563949741,3.1441522786722644,2.954910279033736,3.9259259105971376,4.31748811353631,4.2239903763110105,0.1006284900550827,3.978486856719085,0.2861734514248092,3.540048687989081,0.4985668976898988,3.3318917829381594,0.49154840970088015,93.4,42.6,106.7,7.2,1439.0,708.0,-1.2403681011764949,-4.325677631722436,-0.5000000000000004,0.8660254037844384,0.8660254037844387,-0.4999999999999998,0.7832929003134024,0,-1.3000000000000007,14.0
63.1,75.7,1216.0,83.3,10.9,4.0,21.9,78.0,10.1,87.0,0.0,946.6,2026-05-14 23:00:00,155,4.160444363926624,4.308110951723713,4.251348311031766,4.11251186617755,3.648057459593681,3.0007198150650303,3.901972669574645,4.393213824064446,4.239967875560701,0.07448819383999984,4.063884674107909,0.24068421059878953,3.6366924003942134,0.49691718186658795,3.342661436869492,0.5071651737753289,92.2,62.9,95.6,19.0,1366.0,912.0,0.5285931580537341,10.086158301021195,-0.25881904510252157,0.9659258262890681,0.8660254037844387,-0.4999999999999998,0.37481480756095714,0,-2.400000000000002,20.0
51.0,61.5,933.0,72.7,8.7,9.0,21.9,69.0,13.0,34.0,0.1,945.7,2026-05-15 00:00:00,139,3.9512437185814275,4.160444363926624,4.308110951723713,4.251348311031766,3.6838669122903918,3.0587070727153796,3.7400477406883357,4.401829261970061,4.139933011410588,0.179315621765613,4.108447475156415,0.1708823409830305,3.7110704542163835,0.46852611221044355,3.3514612692817045,0.5161133107902541,75.7,62.9,83.3,45.5,1216.0,1114.0,10.77748844321554,7.26950774511971,0.0,1.0,0.8660254037844387,-0.4999999999999998,0.2822316941843877,0,-1.5,7.0
41.8,49.5,572.0,60.9,6.5,16.0,22.4,60.0,10.7,36.0,0.0,945.1,2026-05-15 01:00:00,117,3.756538102587751,3.9512437185814275,4.160444363926624,4.308110951723713,3.86702563949741,3.1135153092103742,3.535145354171894,4.335982696172475,3.9560753950319345,0.20199647474691423,4.090032885671472,0.204707104631235,3.764655686997832,0.42908173895082746,3.360685967132365,0.521489628762228,61.5,69.2,72.7,81.6,933.0,1312.0,8.656481839811937,6.2893021995294625,0.25881904510252074,0.9659258262890683,0.8660254037844387,-0.4999999999999998,0.3210716326998078,0,-0.7000000000000028,1.0
33.3,38.4,306.0,49.7,4.7,23.0,22.1,60.0,6.5,23.0,0.0,944.5,2026-05-15 02:00:00,96,3.535145354171894,3.756538102587751,3.9512437185814275,4.160444363926624,4.11251186617755,3.139832617527748,3.3068867021909143,4.163559631243574,3.747642391780358,0.2081917684951808,3.9938051336705294,0.3037634540067946,3.7975984150515107,0.39015975404769726,3.370196744298239,0.5225461808796475,49.5,83.6,60.9,105.6,572.0,1430.0,5.983281547440862,2.5397523351802795,0.49999999999999994,0.8660254037844387,0.8660254037844387,-0.4999999999999998,0.4713527138895859,0,-0.09999999999999787,-7.0
26.1,29.4,188.0,38.5,3.6,28.0,20.7,69.0,6.1,336.0,0.0,943.6,2026-05-15 03:00:00,80,3.299533727885655,3.535145354171894,3.756538102587751,3.9512437185814275,4.251348311031766,3.152736022363656,3.054001181677967,3.8958936234982624,3.5304057282151002,0.2285390506344001,3.835169369812844,0.3810652550909376,3.809831557178344,0.3698766502457429,3.3804272670568927,0.5184741601149864,38.4,93.4,49.7,106.7,306.0,1439.0,5.572627291619866,-2.481093522762381,0.7071067811865475,0.7071067811865476,0.8660254037844387,-0.4999999999999998,0.46472306026558524,0,-1.0,3.0
20.7,22.7,165.0,27.9,3.1,32.0,20.2,71.0,5.0,339.0,0.0,943.4,2026-05-15 04:00:00,69,3.077312260546414,3.299533727885655,3.535145354171894,3.756538102587751,4.308110951723713,3.1441522786722644,2.827313621929028,3.6109179126442243,3.303997114201321,0.22894917944321794,3.6300362546166274,0.40601717492054334,3.8042615556678565,0.3811441411271367,3.3908438769992837,0.509308795145984,29.4,92.2,38.5,95.6,188.0,1366.0,4.667902132486008,-1.7918397477265038,0.8660254037844386,0.5000000000000001,0.8660254037844387,-0.4999999999999998,0.5128853767577356,0,-1.1999999999999993,8.0
23.5,26.1,242.0,27.9,3.5,34.0,20.0,71.0,1.7,347.0,0.0,943.6,2026-05-15 05:00:00,75,3.1986731175506815,3.077312260546414,3.299533727885655,3.535145354171894,4.160444363926624,3.648057459593681,2.7013612129514133,3.1780538303479458,3.1918397019942506,0.11126822013822042,3.469741046887304,0.3390645376691411,3.7668128604976068,0.4181657130179994,3.4115652063575865,0.4897796139567683,22.7,75.7,27.9,83.3,165.0,1216.0,1.6564291101348998,-0.38241679238457105,0.9659258262890683,0.25881904510252074,0.8660254037844387,-0.4999999999999998,1.184693747240993,0,-1.8999999999999986,11.0
19.9,20.8,514.0,28.1,3.4,38.0,20.5,71.0,0.6,18.0,0.0,944.2,2026-05-15 06:00:00,67,3.039749158970765,3.1986731175506815,3.077312260546414,3.299533727885655,3.9512437185814275,3.6838669122903918,2.7212954278522306,3.077312260546414,3.1052448456892865,0.08306249537096369,3.317825286952193,0.2790704626611063,3.7131363810543045,0.46813516127009586,3.424834111820859,0.4743362817948259,26.1,61.5,27.9,72.7,242.0,933.0,0.570633909777092,0.18541019662496844,1.0,6.123233995736766e-17,0.8660254037844387,-0.4999999999999998,1.899843224356728,0,-1.5,16.0
21.1,21.4,886.0,28.2,3.4,45.0,22.9,71.0,2.3,151.0,0.0,945.2,2026-05-15 07:00:00,70,3.095577608523707,3.039749158970765,3.1986731175506815,3.077312260546414,3.756538102587751,3.86702563949741,2.91235066461494,3.077312260546414,3.1113332950150507,0.08062497997077976,3.2076652046081864,0.1862875461007321,3.6488490451398286,0.4971517434664219,3.4324685678170574,0.4671492924240391,20.8,49.5,28.1,60.9,514.0,572.0,-2.01162532642061,1.1150621265665754,0.9659258262890683,-0.25881904510252063,0.8660254037844387,-0.4999999999999998,0.9380538207647597,0,0.1999999999999993,6.0
16.9,19.0,1085.0,26.4,4.4,59.0,25.7,55.0,2.7,184.0,0.0,946.5,2026-05-15 08:00:00,61,2.884800712846709,3.095577608523707,3.039749158970765,3.1986731175506815,3.535145354171894,4.11251186617755,2.9391619220655967,3.0252910757955354,3.006709160113727,0.10920373657143452,3.0992744310539884,0.14143699805441726,3.546539782362259,0.5189095941416615,3.4302035174329375,0.46976960653855265,21.4,38.4,28.2,49.7,886.0,306.0,-2.6934229357015256,-0.18834247910913826,0.8660254037844387,-0.4999999999999998,0.8660254037844387,-0.4999999999999998,0.7796758683369484,0,-0.3000000000000007,3.0
15.5,25.3,933.0,20.8,7.4,89.0,28.1,45.0,4.0,207.0,0.0,947.3,2026-05-15 09:00:00,58,2.803360380906535,2.884800712846709,3.095577608523707,3.039749158970765,3.299533727885655,4.251348311031766,2.8903717578961645,2.9652730660692823,2.9279129007589835,0.15080358944336902,3.016578873224135,0.14591239117473098,3.4258741215184894,0.5083643088819602,3.4265780433917024,0.4744295726332841,19.0,29.4,26.4,38.5,1085.0,188.0,-3.5640260967534716,-1.8159619989581868,0.7071067811865476,-0.7071067811865475,0.8660254037844387,-0.4999999999999998,0.560672076181307,0,-0.29999999999999716,3.0
19.7,35.2,606.0,13.2,11.4,127.0,30.2,38.0,4.7,238.0,0.0,947.9,2026-05-15 10:00:00,67,3.0301337002713233,2.803360380906535,2.884800712846709,3.095577608523707,3.077312260546414,4.308110951723713,2.954910279033736,2.856470206220483,2.906098264674856,0.11487699456085922,3.0087157798449535,0.14323152520820367,3.3193760172307907,0.435362281515606,3.429712352609936,0.4714169441229056,25.3,22.7,20.8,27.9,933.0,165.0,-2.490620541896064,-3.9858260519352022,0.49999999999999994,-0.8660254037844387,0.8660254037844387,-0.4999999999999998,0.5316024035563724,0,-0.6999999999999993,5.0
22.1,39.3,361.0,7.7,13.8,154.0,31.3,30.0,8.3,226.0,0.0,948.3,2026-05-15 11:00:00,72,3.139832617527748,3.0301337002713233,2.803360380906535,2.884800712846709,3.1986731175506815,4.160444363926624,3.0007198150650303,2.7013612129514133,2.9911088995685353,0.17159718181438785,2.998909029841131,0.12892412494890537,3.2343250383642173,0.3468008753161512,3.4355087193792158,0.46674496455022724,35.2,26.1,13.2,27.9,606.0,242.0,-5.765664474809678,-5.970520342810805,0.258819045102521,-0.9659258262890682,0.8660254037844387,-0.4999999999999998,0.3376164104868546,0,-0.8000000000000007,1.0
23.1,40.7,294.0,5.8,12.9,162.0,32.5,28.0,2.4,171.0,0.0,947.4,2026-05-15 12:00:00,74,3.1822118404966093,3.139832617527748,3.0301337002713233,2.803360380906535,3.039749158970765,3.9512437185814275,3.0587070727153796,2.5877640352277083,3.1173927194318938,0.07848313164948634,3.0226528100954386,0.1494366431712709,3.170239048523816,0.2632728519896238,3.4406547513701002,0.46307639020941993,39.3,20.8,7.7,28.1,361.0,514.0,-2.37045201742833,0.37544271609655433,1.2246467991473532e-16,-1.0,0.8660254037844387,-0.4999999999999998,0.935944658969591,0,-0.7999999999999972,1.0
24.2,42.3,308.0,6.0,10.5,160.0,30.0,33.0,5.2,164.0,0.6,947.4,2026-05-15 13:00:00,76,3.2268439945173775,3.1822118404966093,3.139832617527748,3.0301337002713233,3.095577608523707,3.756538102587751,3.1135153092103742,2.6100697927420065,3.182962817513912,0.043510549367588545,3.0445305410943835,0.17038823580244394,3.1260978728512847,0.19033815816256344,3.4453767799245583,0.4601641378586369,40.7,21.4,5.8,28.2,294.0,886.0,-4.998560818879258,1.433314250248396,-0.2588190451025208,-0.9659258262890683,0.8660254037844387,-0.4999999999999998,0.5204587087931254,0,-2.3999999999999986,6.0
25.0,42.7,368.0,7.2,9.2,157.0,29.6,35.0,6.5,92.0,0.4,947.5,2026-05-15 14:00:00,78,3.258096538021482,3.2268439945173775,3.1822118404966093,3.139832617527748,2.884800712846709,3.535145354171894,3.139832617527748,2.6602595372658615,3.2223841243451563,0.038138427616727755,3.106746511956846,0.16854234442930222,3.103010471505417,0.14839205669779165,3.4503044432784638,0.4573747234409897,42.3,19.0,6.0,26.4,308.0,1085.0,-0.2268467285662562,6.496040375624123,-0.4999999999999997,-0.8660254037844388,0.8660254037844387,-0.4999999999999998,0.43441287173619764,0,0.9000000000000021,1.0
26.3,43.9,420.0,5.9,10.2,160.0,30.2,33.0,6.8,307.0,0.0,947.3,2026-05-15 15:00:00,81,3.3068867021909143,3.258096538021482,3.2268439945173775,3.1822118404966093,2.803360380906535,3.299533727885655,3.152736022363656,2.6741486494265287,3.263942411576591,0.040340295501469434,3.1906675655042425,0.0977641050599354,3.1036232193641893,0.14928978806395266,3.4567273882712666,0.4540848057059094,42.7,25.3,7.2,20.8,368.0,933.0,4.092342157433926,-5.430721468321592,-0.7071067811865471,-0.7071067811865479,0.8660254037844387,-0.4999999999999998,0.4239598336142198,0,0.8000000000000007,-7.0
27.4,44.9,518.0,5.7,12.3,161.0,28.6,41.0,5.9,282.0,0.0,946.9,2026-05-15 16:00:00,83,3.3463891451671604,3.3068867021909143,3.258096538021482,3.2268439945173775,3.0301337002713233,3.077312260546414,3.1441522786722644,2.653241964607215,3.303790795126519,0.04422764519573912,3.243376806320215,0.07693842378495486,3.1260462930825845,0.16441945980251876,3.4651539243752203,0.44988918540264106,43.9,35.2,5.9,13.2,420.0,606.0,1.2266789758247807,-5.771070844329453,-0.8660254037844384,-0.5000000000000004,0.8660254037844387,-0.4999999999999998,0.48498393408219714,0,-0.3999999999999986,-2.0
14.1,18.8,782.0,11.5,10.5,151.0,31.9,29.0,3.1,187.0,0.0,945.3,2026-05-15 17:00:00,55,2.714694743820879,3.3463891451671604,3.3068867021909143,3.258096538021482,3.139832617527748,3.1986731175506815,3.648057459593681,2.8791984572980396,3.122656863726318,0.35385721584924446,3.1725204940357368,0.231627816768667,3.085714761938434,0.20040576996179602,3.426263811218021,0.47313216818401016,44.9,39.3,5.7,7.7,518.0,361.0,-3.0768930700880985,-0.3777949645559567,-0.9659258262890683,-0.25881904510252063,0.8660254037844387,-0.4999999999999998,0.6621206692246047,0,2.5,-17.0
16.7,20.9,1446.0,42.4,11.6,109.0,30.2,41.0,4.0,270.0,0.0,945.2,2026-05-15 18:00:00,61,2.8735646395797834,2.714694743820879,3.3463891451671604,3.3068867021909143,3.1822118404966093,3.039749158970765,3.6838669122903918,3.0587070727153796,2.9782161761892745,0.32859308005359106,3.1210792938829326,0.2614041796847921,3.071866051989186,0.20941055706810024,3.392501216521745,0.48276388262991976,18.8,40.7,11.5,5.8,782.0,294.0,-7.347880794884119e-16,-4.0,-1.0,-1.8369701987210297e-16,0.8660254037844387,-0.4999999999999998,0.5747129279159566,0,1.5999999999999979,-4.0
29.6,33.9,2276.0,84.6,13.0,51.0,27.6,54.0,5.2,311.0,0.0,945.1,2026-05-15 19:00:00,88,3.4210000089583352,2.8735646395797834,2.714694743820879,3.3463891451671604,3.2268439945173775,3.095577608523707,3.86702563949741,3.4307561839036995,3.0030864641196655,0.37053840443917424,3.1534386296230923,0.28780001027004015,3.0989845853587386,0.23255261365540292,3.373916815249283,0.47217129631321103,20.9,42.3,42.4,6.0,1446.0,308.0,3.4115069507506366,-3.924489817158416,-0.9659258262890684,0.2588190451025203,0.8660254037844387,-0.4999999999999998,0.5517741949932798,0,1.1000000000000014,-1.0
43.3,47.5,2696.0,112.8,13.6,9.0,26.3,59.0,5.6,318.0,0.0,945.4,2026-05-15 20:00:00,120,3.7909846770510898,3.4210000089583352,2.8735646395797834,2.714694743820879,3.258096538021482,2.884800712846709,4.11251186617755,3.7932394694381792,3.361849775196403,0.4615614194276135,3.2422533194613603,0.3904683391957678,3.1744999157091027,0.29533440422994456,3.360519849035681,0.4545359469991238,33.9,42.7,84.6,7.2,2276.0,368.0,4.161611022673408,-3.747131395609605,-0.8660254037844386,0.5000000000000001,0.8660254037844387,-0.4999999999999998,0.5743916177350137,0,1.3000000000000007,-2.0
52.0,56.1,2335.0,113.7,12.6,0.0,25.3,61.0,4.6,347.0,0.0,945.7,2026-05-15 21:00:00,142,3.970291913552122,3.7909846770510898,3.4210000089583352,2.8735646395797834,3.3068867021909143,2.803360380906535,4.251348311031766,3.8958936234982624,3.727425533187182,0.2801075198733594,3.3528208546882277,0.4929176930923102,3.2717442100962355,0.3492211372322585,3.348809165807362,0.43373116213463137,47.5,43.9,112.8,5.9,2696.0,420.0,4.482102298012081,-1.0347748499817804,-0.7071067811865477,0.7071067811865474,0.8660254037844387,-0.4999999999999998,0.7089806988485933,0,1.1000000000000014,0.0
52.2,55.4,1563.0,100.6,10.8,0.0,24.8,61.0,4.7,351.0,0.0,945.9,2026-05-15 22:00:00,142,3.9740583963475986,3.970291913552122,3.7909846770510898,3.4210000089583352,3.3463891451671604,3.0301337002713233,4.308110951723713,3.9259259105971376,3.9117783289836034,0.1046273212815841,3.457432396551635,0.5540888970103269,3.350404601435925,0.39336884395636146,3.334890309333358,0.4060868207345584,56.1,44.9,113.7,5.7,2335.0,518.0,4.6421352007971475,-0.7352419856890863,-0.5000000000000004,0.8660254037844384,0.8660254037844387,-0.4999999999999998,0.6972032274294032,0,1.8000000000000007,-4.0
44.1,46.7,914.0,88.5,9.0,5.0,25.9,50.0,7.8,322.0,0.0,946.2,2026-05-15 23:00:00,122,3.8088822465086327,3.9740583963475986,3.970291913552122,3.7909846770510898,2.714694743820879,3.139832617527748,4.160444363926624,3.901972669574645,3.917744185469451,0.09429601218448534,3.639796980332927,0.4260021729275712,3.4061587371843323,0.4079536992599851,3.3202418877742748,0.38055044039554387,55.4,18.8,100.6,11.5,1563.0,782.0,6.146483878132432,-4.802159507540134,-0.25881904510252157,0.9659258262890681,0.8660254037844387,-0.4999999999999998,0.4328275280123446,0,4.0,-28.0
38.3,40.7,582.0,83.4,7.5,6.0,24.8,55.0,5.4,296.0,0.0,946.0,2026-05-16 00:00:00,108,3.6712245188752153,3.8088822465086327,3.9740583963475986,3.970291913552122,2.8735646395797834,3.1822118404966093,3.9512437185814275,3.7400477406883357,3.818055053910482,0.1516251780970616,3.7727402935488326,0.2074711544696813,3.4469097937158826,0.40797374034534173,3.308574421119849,0.3643091764432801,46.7,20.9,88.5,42.4,914.0,1446.0,2.3672041926610183,-4.853487850015503,0.0,1.0,0.8660254037844387,-0.4999999999999998,0.5736288310742523,1,2.900000000000002,-14.0
32.9,35.0,373.0,79.3,6.1,8.0,24.1,58.0,5.6,318.0,0.0,945.6,2026-05-16 01:00:00,95,3.5234150143864045,3.6712245188752153,3.8088822465086327,3.9740583963475986,3.4210000089583352,3.2268439945173775,3.756538102587751,3.535145354171894,3.667840593256751,0.14276369765569588,3.789809461120177,0.1743072734116729,3.471624045371635,0.40237509218493356,3.29886095911146,0.354830494576868,40.7,33.9,83.4,84.6,582.0,2276.0,4.161611022673408,-3.747131395609605,0.25881904510252074,0.9659258262890683,0.8660254037844387,-0.4999999999999998,0.5338507597555159,1,1.7000000000000028,-2.0
27.6,29.5,240.0,72.9,5.0,12.0,23.2,63.0,6.0,335.0,0.0,944.7,2026-05-16 02:00:00,84,3.353406717825807,3.5234150143864045,3.6712245188752153,3.8088822465086327,3.7909846770510898,3.258096538021482,3.535145354171894,3.3068867021909143,3.5160154170291427,0.15903805895683856,3.7168798012492967,0.24917812476625362,3.4795665603553285,0.3987009816579205,3.2912885159303733,0.351492244717798,35.0,47.5,79.3,112.8,373.0,2696.0,5.4378467222199,-2.535709570444195,0.49999999999999994,0.8660254037844387,0.8660254037844387,-0.4999999999999998,0.47905810254654385,1,1.0999999999999979,3.0
23.1,24.7,170.0,61.4,4.3,17.0,23.0,63.0,6.0,335.0,0.0,944.2,2026-05-16 03:00:00,74,3.1822118404966093,3.353406717825807,3.5234150143864045,3.6712245188752153,3.970291913552122,3.3068867021909143,3.299533727885655,3.054001181677967,3.35301119090294,0.1706019308193143,3.5855331224067117,0.2927760641329576,3.4691769885474693,0.4051815954385316,3.2864001039558293,0.3521877325536644,29.5,56.1,72.9,113.7,240.0,2335.0,5.4378467222199,-2.535709570444195,0.7071067811865475,0.7071067811865476,0.8660254037844387,-0.4999999999999998,0.4546016914995156,1,2.3000000000000007,-6.0
19.4,21.0,177.0,47.5,3.9,24.0,22.9,60.0,5.4,330.0,0.0,944.2,2026-05-16 04:00:00,66,3.0155349008501706,3.1822118404966093,3.353406717825807,3.5234150143864045,3.9740583963475986,3.3463891451671604,3.077312260546414,2.827313621929028,3.1837178197241953,0.16894094280747862,3.425779206490473,0.29980237518381103,3.4416058015210536,0.4250653022668276,3.2838260473018193,0.3540034260260264,24.7,55.4,61.4,100.6,170.0,1563.0,4.676537180435967,-2.7000000000000024,0.8660254037844386,0.5000000000000001,0.8660254037844387,-0.4999999999999998,0.47117732825783915,1,2.6999999999999993,-11.0
23.5,25.6,256.0,39.0,4.9,27.0,21.4,75.0,3.4,328.0,0.0,944.2,2026-05-16 05:00:00,75,3.1986731175506815,3.0155349008501706,3.1822118404966093,3.353406717825807,3.8088822465086327,2.714694743820879,3.1986731175506815,2.7013612129514133,3.1321399529658205,0.10131780221033417,3.3240776849974814,0.24172602687659028,3.481937332665204,0.3690999664274465,3.2838260473018193,0.3540034260260264,21.0,46.7,47.5,88.5,177.0,914.0,2.883363526931848,-1.801725498392897,0.9659258262890683,0.25881904510252074,0.8660254037844387,-0.4999999999999998,0.7269711630797003,1,1.3999999999999986,4.0
21.7,23.3,477.0,34.9,6.0,44.0,21.6,76.0,2.3,337.0,0.0,944.5,2026-05-16 06:00:00,71,3.122364924487357,3.1986731175506815,3.0155349008501706,3.1822118404966093,3.6712245188752153,2.8735646395797834,3.039749158970765,2.7212954278522306,3.1121909809627364,0.09199202926988803,3.2326010859328385,0.18007035556714499,3.5026706897408353,0.3374502192603529,3.287268370865011,0.35192239548715404,25.6,40.7,39.0,83.4,256.0,582.0,2.1171611629406124,-0.8986815955253299,1.0,6.123233995736766e-17,0.8660254037844387,-0.4999999999999998,0.9461711892385931,1,1.1000000000000014,5.0
21.5,23.0,769.0,29.0,7.6,69.0,24.2,76.0,0.2,180.0,0.0,945.6,2026-05-16 07:00:00,71,3.1135153092103742,3.122364924487357,3.1986731175506815,3.0155349008501706,3.5234150143864045,3.4210000089583352,3.095577608523707,2.91235066461494,3.1448511170828044,0.046820772349572055,3.1642844684035,0.11290029638711126,3.4770469647618385,0.3554116770453673,3.288015775060288,0.3515164006068819,23.3,35.0,34.9,79.3,477.0,373.0,-0.2,2.4492935982947065e-17,0.9659258262890683,-0.25881904510252063,0.8660254037844387,-0.4999999999999998,2.594596091008645,1,1.3000000000000007,5.0
16.9,21.3,916.0,23.0,9.2,95.0,27.1,55.0,2.3,184.0,0.0,946.8,2026-05-16 08:00:00,61,2.884800712846709,3.1135153092103742,3.122364924487357,3.1986731175506815,3.353406717825807,3.7909846770510898,2.884800712846709,2.9391619220655967,3.04022698218148,0.13467580637267548,3.0861834675736506,0.1178793714195303,3.4015316344114734,0.37818466103662135,3.288015775060288,0.3515164006068819,23.0,29.5,29.0,72.9,769.0,240.0,-2.2943973155975956,-0.1604398896114881,0.8660254037844387,-0.4999999999999998,0.8660254037844387,-0.4999999999999998,0.8741820341959725,1,1.4000000000000021,0.0
16.1,22.8,773.0,16.8,10.8,123.0,29.4,47.0,2.1,232.0,0.0,947.4,2026-05-16 09:00:00,59,2.8390784635086144,2.884800712846709,3.1135153092103742,3.122364924487357,3.1822118404966093,3.970291913552122,2.803360380906535,2.8903717578961645,2.9457981618552327,0.14703541124110936,3.0289945714089845,0.14261398710636422,3.3072638469078477,0.36425370048383293,3.289504028502042,0.3494447545228163,21.3,24.7,23.0,61.4,916.0,170.0,-1.292889098183882,-1.6548225825741165,0.7071067811865476,-0.7071067811865475,0.8660254037844387,-0.4999999999999998,0.9158317624221336,1,1.2999999999999972,2.0
16.2,23.5,486.0,10.4,12.4,152.0,31.7,36.0,3.2,273.0,0.0,947.8,2026-05-16 10:00:00,60,2.8449093838194073,2.8390784635086144,2.884800712846709,3.1135153092103742,3.0155349008501706,3.9740583963475986,3.0301337002713233,2.954910279033736,2.856262853391577,0.024885879020572915,3.0005569852371905,0.16158450563500212,3.2131680958638316,0.319430871092867,3.2817863486498777,0.3573774990848652,22.8,21.0,16.8,47.5,773.0,177.0,0.16747505997742063,-3.1956145112146364,0.49999999999999994,-0.8660254037844387,0.8660254037844387,-0.4999999999999998,0.6773593770998588,1,1.5,-2.0
16.5,23.8,272.0,5.7,13.0,173.0,32.5,32.0,2.4,163.0,0.0,948.2,2026-05-16 11:00:00,60,2.8622008809294686,2.8449093838194073,2.8390784635086144,2.884800712846709,3.1986731175506815,3.8088822465086327,3.139832617527748,3.0007198150650303,2.84872957608583,0.012025262930954015,2.944478279133655,0.13533014767849258,3.134277982065568,0.2723660190221517,3.27021835962495,0.36654788106830244,23.5,25.6,10.4,39.0,486.0,256.0,-2.2951314143112853,0.7016920913345678,0.258819045102521,-0.9659258262890682,0.8660254037844387,-0.4999999999999998,0.8418237885086672,1,1.1999999999999993,2.0
16.1,24.4,219.0,3.7,11.9,181.0,33.6,29.0,2.2,194.0,0.0,948.1,2026-05-16 12:00:00,59,2.8390784635086144,2.8622008809294686,2.8449093838194073,2.8390784635086144,3.122364924487357,3.6712245188752153,3.1822118404966093,3.0587070727153796,2.84872957608583,0.012025262930954015,2.8972638689705312,0.10738855034844468,3.0649324774516846,0.2250537947288215,3.2559211355837836,0.3766817153436591,23.8,23.3,5.7,34.9,272.0,477.0,-2.1346505978071924,-0.5322281703192686,1.2246467991473532e-16,-1.0,0.8660254037844387,-0.4999999999999998,0.8872120198464419,1,1.1000000000000014,1.0
15.8,26.5,240.0,3.4,9.7,180.0,34.3,26.0,2.8,220.0,0.0,947.6,2026-05-16 13:00:00,59,2.8213788864092133,2.8390784635086144,2.8622008809294686,2.8449093838194073,3.1135153092103742,3.5234150143864045,3.2268439945173775,3.1135153092103742,2.8408860769490984,0.020470940596703326,2.8485744651703375,0.022051760236851934,3.0064294667869187,0.18220423198701574,3.2390267560792765,0.3869940479421196,24.4,23.0,3.7,29.0,219.0,769.0,-2.1449244407331385,-1.7998053071223097,-0.2588190451025208,-0.9659258262890683,0.8660254037844387,-0.4999999999999998,0.7424681280024246,1,4.299999999999997,-7.0
15.4,28.3,288.0,3.8,8.0,176.0,34.7,24.0,4.2,250.0,0.0,946.9,2026-05-16 14:00:00,58,2.797281334830153,2.8213788864092133,2.8390784635086144,2.8622008809294686,2.884800712846709,3.353406717825807,3.258096538021482,3.139832617527748,2.8192462282493267,0.020980018221136418,2.8339879021675785,0.022241573351284096,2.9600856848706143,0.1545547795174594,3.2198261226129716,0.39730113751790547,26.5,21.3,3.4,23.0,240.0,916.0,-1.436484601967808,-3.9467090073008158,-0.4999999999999997,-0.8660254037844388,0.8660254037844387,-0.4999999999999998,0.5379387182365678,1,5.100000000000001,-11.0
15.0,29.2,333.0,0.9,7.0,175.0,34.9,22.0,6.7,276.0,0.0,946.3,2026-05-16 15:00:00,57,2.772588722239781,2.797281334830153,2.8213788864092133,2.8390784635086144,2.8390784635086144,3.1822118404966093,3.3068867021909143,3.152736022363656,2.7970829811597153,0.024395686873951904,2.822906278622773,0.033107609773009375,2.9259504250158788,0.14603594482399304,3.197563706781674,0.4070602691754905,28.3,22.8,3.8,16.8,288.0,773.0,0.7003407038932751,-6.663296698967432,-0.7071067811865471,-0.7071067811865479,0.8660254037844387,-0.4999999999999998,0.3600764574337378,1,4.699999999999999,-11.0
14.4,29.6,406.0,0.0,6.5,171.0,34.3,22.0,9.1,295.0,0.0,946.0,2026-05-16 16:00:00,56,2.7343675094195836,2.772588722239781,2.797281334830153,2.8213788864092133,2.8449093838194073,3.0155349008501706,3.3463891451671604,3.1441522786722644,2.768079188829839,0.031698411247682974,2.804482632889469,0.04647356626189403,2.90251980906333,0.15275713911538405,3.172062805292192,0.4163949862782128,29.2,23.5,0.9,10.4,333.0,486.0,3.845826181840366,-8.247400862033514,-0.8660254037844384,-0.5000000000000004,0.8660254037844387,-0.4999999999999998,0.2707294563781766,1,5.699999999999996,-19.0
9.6,20.9,551.0,7.9,6.6,150.0,34.1,22.0,6.9,301.0,0.0,945.3,2026-05-16 17:00:00,40,2.3608540011180215,2.7343675094195836,2.772588722239781,2.797281334830153,2.8622008809294686,3.1986731175506815,2.714694743820879,3.648057459593681,2.6226034109257954,0.22748578071694375,2.720924819587561,0.18021236339014857,2.8327015493606083,0.19161565977282663,3.157319441012906,0.43894673456665106,29.6,23.8,0.0,5.7,406.0,272.0,3.553762716879374,-5.914454374844575,-0.9659258262890683,-0.25881904510252063,0.8660254037844387,-0.4999999999999998,0.2988422786225344,1,2.200000000000003,-7.0
11.3,22.2,861.0,33.4,7.5,112.0,32.0,35.0,6.1,337.0,0.0,945.2,2026-05-16 18:00:00,47,2.509599262378372,2.3608540011180215,2.7343675094195836,2.772588722239781,2.8390784635086144,3.122364924487357,2.8735646395797834,3.6838669122903918,2.534940257638659,0.18804177661232244,2.666011619399187,0.18707641744575718,2.7816377441848594,0.18903637032134316,3.1421542169628474,0.45516420587266593,20.9,24.4,7.9,3.7,551.0,219.0,5.6150796060598855,-2.3834598837845706,-1.0,-1.8369701987210297e-16,0.8660254037844387,-0.4999999999999998,0.35346468484202426,1,1.8000000000000007,-6.0
19.5,29.7,1242.0,68.5,8.6,59.0,29.0,43.0,7.1,339.0,0.0,945.5,2026-05-16 19:00:00,67,3.0204248861443626,2.509599262378372,2.3608540011180215,2.7343675094195836,2.8213788864092133,3.1135153092103742,3.4210000089583352,3.86702563949741,2.630292716546919,0.34595320565497917,2.6991859526883792,0.23231637371198074,2.773880208929358,0.17561234971741485,3.125463586845598,0.4518267103434891,22.2,26.5,33.4,3.4,861.0,240.0,6.628421028130131,-2.544412441771635,-0.9659258262890684,0.2588190451025203,0.8660254037844387,-0.4999999999999998,0.37289196125239044,1,1.3999999999999986,-11.0
31.4,42.6,1461.0,93.4,9.4,19.0,26.9,50.0,6.4,333.0,0.0,945.6,2026-05-16 20:00:00,92,3.4781584227982836,3.0204248861443626,2.509599262378372,2.3608540011180215,2.797281334830153,2.884800712846709,3.7909846770510898,4.11251186617755,3.002727523773673,0.48452204210385474,2.8126654673497336,0.39743283487360426,2.8233266847586562,0.2685993413286208,3.1124291595850653,0.4360288914878574,29.7,28.3,68.5,3.8,1242.0,288.0,5.702441754805554,-2.9055391983331007,-0.8660254037844386,0.5000000000000001,0.8660254037844387,-0.4999999999999998,0.4700214084862545,1,0.5999999999999979,-9.0
40.6,50.5,1388.0,99.1,9.5,4.0,25.2,58.0,7.8,341.0,0.0,946.1,2026-05-16 21:00:00,114,3.728100167267218,3.4781584227982836,3.0204248861443626,2.509599262378372,2.772588722239781,2.8390784635086144,3.970291913552122,4.251348311031766,3.4088944920699547,0.3588860473089373,2.971917374854307,0.5429570545134637,2.8974118267385403,0.3749066919981046,3.1023378368231938,0.4177301873559147,42.6,29.2,93.4,0.9,1461.0,333.0,7.375044889674672,-2.5394316047658223,-0.7071067811865477,0.7071067811865474,0.8660254037844387,-0.4999999999999998,0.4236477462803656,1,-0.10000000000000142,-3.0
46.1,53.2,1152.0,94.7,9.3,1.0,24.5,61.0,6.2,350.0,0.0,946.2,2026-05-16 22:00:00,127,3.8522730010223722,3.728100167267218,3.4781584227982836,3.0204248861443626,2.7343675094195836,2.8449093838194073,3.9740583963475986,4.308110951723713,3.6861771970292914,0.19054810674768288,3.158234956788105,0.6299718179667161,2.981358794838787,0.46422403867863243,3.097263445351309,0.40728975620327557,50.5,29.6,99.1,0.0,1388.0,406.0,6.10580806867569,-1.0766187015349684,-0.5000000000000004,0.8660254037844384,0.8660254037844387,-0.4999999999999998,0.5350379168086628,1,-0.3000000000000007,0.0
41.1,44.6,906.0,87.8,8.7,4.0,25.7,57.0,6.2,338.0,0.0,946.7,2026-05-16 23:00:00,115,3.7400477406883357,3.8522730010223722,3.728100167267218,3.4781584227982836,2.3608540011180215,2.8622008809294686,3.8088822465086327,4.160444363926624,3.7734736363259755,0.06850321915853566,3.3881005800498243,0.5234468369683506,3.0545126998186922,0.5105910942943274,3.09439534094213,0.40227216907637825,53.2,20.9,94.7,7.9,1152.0,551.0,5.748539898314082,-2.3225608791786567,-0.25881904510252157,0.9659258262890681,0.8660254037844387,-0.4999999999999998,0.5194510750956022,1,-0.1999999999999993,7.0
33.2,34.9,671.0,80.1,7.6,11.0,25.2,57.0,4.9,360.0,0.0,946.4,2026-05-17 00:00:00,95,3.5322256440685598,3.7400477406883357,3.8522730010223722,3.728100167267218,2.509599262378372,2.8390784635086144,3.6712245188752153,3.9512437185814275,3.7081821285930894,0.1623857770832648,3.5585383103315222,0.29822686168999635,3.1122749648653545,0.5230588283504655,3.08860372115852,0.3945324750779531,44.6,22.2,87.8,33.4,906.0,861.0,4.9,-1.2001538631644061e-15,0.0,1.0,0.8660254037844387,-0.4999999999999998,0.5986823125539932,1,0.3999999999999986,2.0
26.0,26.8,425.0,69.9,6.2,24.0,23.8,65.0,2.7,28.0,0.0,946.1,2026-05-17 01:00:00,80,3.295836866004329,3.5322256440685598,3.7400477406883357,3.8522730010223722,3.0204248861443626,2.8213788864092133,3.5234150143864045,3.756538102587751,3.522703416920409,0.22225847543857433,3.60444030697485,0.20566980184432515,3.151813129831614,0.5169676587643104,3.0791212983092664,0.38627607962418536,34.9,29.7,80.1,68.5,671.0,1242.0,2.383958500719103,1.2675732195219052,0.25881904510252074,0.9659258262890683,0.8660254037844387,-0.4999999999999998,0.8907667205417106,1,-0.3000000000000007,7.0
21.0,21.7,255.0,59.3,5.1,34.0,23.4,65.0,2.2,360.0,0.0,945.7,2026-05-17 02:00:00,70,3.091042453358316,3.295836866004329,3.5322256440685598,3.7400477406883357,3.4781584227982836,2.797281334830153,3.353406717825807,3.535145354171894,3.306368321143735,0.22078006160392483,3.5399209787348553,0.29467070315219973,3.1762932230422947,0.5054808821292305,3.0681894539564545,0.3818634698048124,26.8,42.6,69.9,93.4,425.0,1461.0,2.2,-5.388445916248355e-16,0.49999999999999994,0.8660254037844387,0.8660254037844387,-0.4999999999999998,0.9659507666744738,1,0.1999999999999993,2.0
17.5,18.0,205.0,47.8,4.4,38.0,23.5,61.0,2.4,343.0,0.0,945.4,2026-05-17 03:00:00,62,2.917770732084279,3.091042453358316,3.295836866004329,3.5322256440685598,3.728100167267218,2.772588722239781,3.1822118404966093,3.299533727885655,3.1015500171489747,0.18925196716790918,3.404866072871032,0.3677974098071972,3.188391723862669,0.49659936421052886,3.057171074439274,0.38224532839903863,21.7,50.5,59.3,99.1,255.0,1388.0,2.295131414311285,-0.7016920913345691,0.7071067811865475,0.7071067811865476,0.8660254037844387,-0.4999999999999998,0.8581678623777291,1,0.5,-2.0
14.8,15.3,230.0,35.9,3.9,40.0,23.9,55.0,3.7,321.0,0.0,945.8,2026-05-17 04:00:00,57,2.760009940032921,2.917770732084279,3.091042453358316,3.295836866004329,3.8522730010223722,2.7343675094195836,3.0155349008501706,3.077312260546414,2.922941041825172,0.1655768108665659,3.22282222937279,0.37234429773311906,3.190528593080448,0.49451890163095663,3.0465242010718883,0.38698471612651497,18.0,53.2,47.8,94.7,205.0,1152.0,2.8754400573907914,-2.3284854468844003,0.8660254037844386,0.5000000000000001,0.8660254037844387,-0.4999999999999998,0.587236157453813,1,1.0,-5.0
17.8,18.7,280.0,43.4,4.1,32.0,23.9,56.0,2.5,356.0,0.0,945.7,2026-05-17 05:00:00,63,2.9338568698359038,2.760009940032921,2.917770732084279,3.091042453358316,3.7400477406883357,2.3608540011180215,3.1986731175506815,3.1986731175506815,2.8705458473177017,0.0960642027832996,3.088457084230718,0.2831452547206831,3.238278832140271,0.43066521544901604,3.0354901907504392,0.38623250326987046,15.3,44.6,35.9,87.8,230.0,906.0,2.4939101256495606,-0.1743911843603141,0.9659258262890683,0.25881904510252074,0.8660254037844387,-0.4999999999999998,0.8382448199531154,1,2.5,-19.0
15.8,16.5,366.0,36.3,4.7,52.0,23.9,57.0,2.7,8.0,0.0,945.9,2026-05-17 06:00:00,59,2.8213788864092133,2.9338568698359038,2.760009940032921,2.917770732084279,3.5322256440685598,2.509599262378372,3.122364924487357,3.039749158970765,2.838415232092679,0.08816669754597385,2.9699826246208274,0.19546826848678003,3.264260467476175,0.3902131015274808,3.022949105830517,0.3881706992957414,18.7,34.9,43.4,80.1,280.0,671.0,2.67372378560224,0.3757673725921767,1.0,6.123233995736766e-17,0.8660254037844387,-0.4999999999999998,0.7625348341646522,1,2.299999999999997,-19.0
16.1,16.9,477.0,26.3,5.6,79.0,26.4,54.0,4.4,279.0,0.0,946.7,2026-05-17 07:00:00,59,2.8390784635086144,2.8213788864092133,2.9338568698359038,2.760009940032921,3.295836866004329,3.0204248861443626,3.1135153092103742,3.095577608523707,2.8647714065845773,0.060480738106110085,2.8938562242048746,0.11595064437357384,3.2491482655898616,0.40379025976195226,3.0115142372596106,0.38942696685736605,16.5,26.8,36.3,69.9,366.0,425.0,0.688311646177015,-4.3458286986186065,0.9659258262890683,-0.25881904510252063,0.8660254037844387,-0.4999999999999998,0.5257552710201138,1,2.1999999999999993,-22.0
13.2,16.1,529.0,17.6,6.2,105.0,29.5,37.0,4.2,280.0,0.0,947.4,2026-05-17 08:00:00,53,2.653241964607215,2.8390784635086144,2.8213788864092133,2.9338568698359038,3.091042453358316,3.4781584227982836,2.884800712846709,2.884800712846709,2.7712331048416807,0.10256583562640964,2.820889476079691,0.10420239403720813,3.1804052274072734,0.43058772905373754,3.0018659560829644,0.39552364289427266,16.9,21.7,26.3,59.3,477.0,255.0,0.7293223462011059,-4.136192562651274,0.8660254037844387,-0.4999999999999998,0.8660254037844387,-0.4999999999999998,0.5102388393475413,1,2.3999999999999986,-18.0
9.1,13.6,465.0,11.3,6.5,126.0,32.1,30.0,7.2,295.0,0.0,947.8,2026-05-17 09:00:00,38,2.312535423847214,2.653241964607215,2.8390784635086144,2.8213788864092133,2.917770732084279,3.728100167267218,2.8390784635086144,2.803360380906535,2.601618617321014,0.26704048502565486,2.720016924706847,0.22012584107677116,3.0624414987889392,0.4598128740019168,2.9799266627637397,0.4188608117249142,16.1,18.0,17.6,47.8,529.0,205.0,3.0428514845330374,-6.52541606666388,0.7071067811865476,-0.7071067811865475,0.8660254037844387,-0.4999999999999998,0.28201651510331877,1,2.700000000000003,-17.0
7.7,13.9,342.0,6.3,6.5,144.0,34.0,24.0,10.8,300.0,0.0,947.8,2026-05-17 10:00:00,32,2.1633230256605382,2.312535423847214,2.653241964607215,2.8390784635086144,2.760009940032921,3.8522730010223722,2.8449093838194073,3.0301337002713233,2.3763668047049893,0.25111944482917364,2.6205691056447833,0.31344740331101295,2.921695667508786,0.4545301498755189,2.951527231173787,0.4503368739133497,13.6,15.3,11.3,35.9,465.0,230.0,5.400000000000001,-9.353074360871938,0.49999999999999994,-0.8660254037844387,0.8660254037844387,-0.4999999999999998,0.1833324598017405,1,2.3000000000000007,-12.0
7.8,13.1,250.0,2.9,6.4,158.0,34.9,23.0,13.2,296.0,0.0,948.2,2026-05-17 11:00:00,32,2.174751721484161,2.1633230256605382,2.312535423847214,2.653241964607215,2.9338568698359038,3.7400477406883357,2.8622008809294686,3.139832617527748,2.2168700569973043,0.08304547298286254,2.4940515809194927,0.3149000430817201,2.791254332575105,0.4217517655423194,2.9228835161968987,0.47731977240495266,13.9,18.7,6.3,43.4,342.0,280.0,5.786499137615821,-11.864081411149003,0.258819045102521,-0.9659258262890682,0.8660254037844387,-0.4999999999999998,0.15315152968198317,1,2.3999999999999986,-9.0
7.9,12.2,223.0,1.6,6.0,164.0,35.4,22.0,14.3,295.0,0.0,947.7,2026-05-17 12:00:00,33,2.186051276738094,2.174751721484161,2.1633230256605382,2.312535423847214,2.8213788864092133,3.5322256440685598,2.8390784635086144,3.1822118404966093,2.1747086746275976,0.01136418668577216,2.388163645974306,0.28853342250743946,2.6790731352975663,0.38409715522666393,2.8956740500814604,0.5003614232471217,13.1,16.5,2.9,36.3,250.0,366.0,6.0434411428920045,-12.960201354624095,1.2246467991473532e-16,-1.0,0.8660254037844387,-0.4999999999999998,0.14287916841425452,1,1.7999999999999972,-7.0
7.8,11.4,227.0,2.0,5.3,166.0,35.8,21.0,14.8,294.0,0.0,947.2,2026-05-17 13:00:00,32,2.174751721484161,2.186051276738094,2.174751721484161,2.1633230256605382,2.8390784635086144,3.295836866004329,2.8213788864092133,3.2268439945173775,2.178518239902139,0.0065238012671294055,2.2774425223035637,0.19231388561432675,2.585649373254219,0.3557378335399709,2.868731251542917,0.5214988026244248,12.2,16.9,1.6,26.3,223.0,477.0,6.019702317521837,-13.520472773110496,-0.2588190451025208,-0.9659258262890683,0.8660254037844387,-0.4999999999999998,0.13764251401798486,1,1.5,-5.0
7.7,10.9,247.0,2.6,4.9,165.0,36.0,21.0,14.3,295.0,0.0,946.4,2026-05-17 14:00:00,32,2.1633230256605382,2.174751721484161,2.186051276738094,2.174751721484161,2.653241964607215,3.091042453358316,2.797281334830153,3.258096538021482,2.1747086746275976,0.01136418668577216,2.195789365812451,0.05782346217402048,2.5083394209460708,0.3361897329664925,2.8423163219941827,0.5409674400175805,11.4,16.1,2.0,17.6,227.0,529.0,6.0434411428920045,-12.960201354624095,-0.4999999999999997,-0.8660254037844388,0.8660254037844387,-0.4999999999999998,0.14139366180787832,1,1.2999999999999972,-3.0
7.7,11.0,272.0,1.5,4.7,166.0,36.0,21.0,13.0,301.0,0.0,945.9,2026-05-17 15:00:00,32,2.1633230256605382,2.1633230256605382,2.174751721484161,2.186051276738094,2.312535423847214,2.917770732084279,2.772588722239781,3.3068867021909143,2.167132590935079,0.006598360609803092,2.1709206327813386,0.009289367790319589,2.4454687787440927,0.32294505650591654,2.816930251303381,0.5583966111503579,10.9,13.6,2.6,11.3,247.0,465.0,6.695494973830704,-11.14317490912746,-0.7071067811865471,-0.7071067811865479,0.8660254037844387,-0.4999999999999998,0.15452307326146703,1,1.1000000000000014,-1.0
7.7,11.2,313.0,0.7,4.8,165.0,35.8,21.0,12.8,298.0,0.0,945.5,2026-05-17 16:00:00,32,2.1633230256605382,2.1633230256605382,2.1633230256605382,2.174751721484161,2.1633230256605382,2.760009940032921,2.7343675094195836,3.3463891451671604,2.1633230256605382,0.0,2.1709206327813386,0.009289367790319589,2.3957448692130607,0.31597311197851674,2.7931367311467543,0.5740153941863596,11.0,13.9,1.5,6.3,272.0,342.0,6.009236003659398,-11.301729188594267,-0.8660254037844384,-0.5000000000000004,0.8660254037844387,-0.4999999999999998,0.15676253809134336,1,1.5,-1.0
3.6,4.9,388.0,4.9,4.8,153.0,35.9,20.0,10.8,291.0,0.0,944.8,2026-05-17 17:00:00,15,1.5260563034950494,2.1633230256605382,2.1633230256605382,2.1633230256605382,2.174751721484161,2.9338568698359038,2.3608540011180215,2.714694743820879,1.9509007849387086,0.3679261135878354,2.0628047297831533,0.26310929167486596,2.2784281553513233,0.35673573391082164,2.758353493745797,0.6244281543420676,11.2,13.1,0.7,2.9,313.0,250.0,3.870373855089244,-10.08266860616978,-0.9659258262890683,-0.25881904510252063,0.8660254037844387,-0.4999999999999998,0.12932680538093638,1,1.7999999999999972,-2.0
4.3,6.2,541.0,16.9,5.6,130.0,34.4,24.0,9.6,290.0,0.0,944.5,2026-05-17 18:00:00,18,1.667706820558076,1.5260563034950494,2.1633230256605382,2.1633230256605382,2.186051276738094,2.8213788864092133,2.509599262378372,2.8735646395797834,1.785695383237888,0.33461648866623783,1.9764139870864834,0.2974104842885895,2.1822888165303946,0.3525409073782755,2.7232746420032847,0.6615541923468333,4.9,12.2,4.9,1.6,388.0,223.0,3.283393375926422,-9.02104915954472,-1.0,-1.8369701987210297e-16,0.8660254037844387,-0.4999999999999998,0.15733083212812038,1,2.3999999999999986,-11.0
9.4,11.3,728.0,33.7,6.7,97.0,31.7,31.0,7.1,319.0,0.0,944.1,2026-05-17 19:00:00,39,2.341805806147327,1.667706820558076,1.5260563034950494,2.1633230256605382,2.174751721484161,2.8390784635086144,3.0204248861443626,3.4210000089583352,1.8451896434001511,0.43587489841966465,2.0042563345303446,0.3261248618266774,2.140849428416954,0.29241974191502673,2.694998847003408,0.6628027625698649,6.2,11.4,16.9,2.0,541.0,227.0,5.35843801958168,-4.658019105832603,-0.9659258262890684,0.2588190451025203,0.8660254037844387,-0.4999999999999998,0.2891118279194231,1,2.6999999999999993,-12.0
18.0,20.3,829.0,48.3,7.5,68.0,29.7,36.0,7.9,336.0,0.0,944.0,2026-05-17 20:00:00,63,2.9444389791664403,2.341805806147327,1.667706820558076,1.5260563034950494,2.1633230256605382,2.653241964607215,3.4781584227982836,3.7909846770510898,2.317983868623948,0.6386993539504475,2.134442326781328,0.5076884802878477,2.16511584629689,0.3459829352817255,2.6727605368520813,0.6440728080456855,11.3,10.9,33.7,2.6,728.0,247.0,7.217009115376548,-3.213219480298821,-0.8660254037844386,0.5000000000000001,0.8660254037844387,-0.4999999999999998,0.3308358403557798,1,2.8000000000000007,-14.0
25.3,27.6,773.0,59.7,7.8,46.0,27.8,42.0,7.6,341.0,0.0,943.9,2026-05-17 21:00:00,79,3.269568939183719,2.9444389791664403,2.341805806147327,1.667706820558076,2.1633230256605382,2.312535423847214,3.728100167267218,3.970291913552122,2.8519379081658287,0.47074774971057515,2.318816645701858,0.6888327750095579,2.244868639241598,0.4708313839582183,2.653655069015269,0.6176661215522161,20.3,11.0,48.3,1.5,829.0,272.0,7.185941174554808,-2.474317973874391,-0.7071067811865477,0.7071067811865474,0.8660254037844387,-0.4999999999999998,0.38018243478880454,1,2.6000000000000014,-16.0
31.8,33.9,632.0,68.8,7.8,27.0,27.0,46.0,7.8,341.0,0.0,944.2,2026-05-17 22:00:00,92,3.4904285153900982,3.269568939183719,2.9444389791664403,2.341805806147327,2.1633230256605382,2.1633230256605382,3.8522730010223722,3.9740583963475986,3.234812144580086,0.27464917530327737,2.540000893990118,0.8279389152362151,2.3554607633857283,0.5905703265199231,2.6385782154472577,0.5909760697248889,27.6,11.2,59.7,0.7,773.0,313.0,7.375044889674672,-2.5394316047658223,-0.5000000000000004,0.8660254037844384,0.8660254037844387,-0.4999999999999998,0.39663960402160203,1,2.5,-15.0
30.6,31.9,497.0,71.4,7.5,17.0,27.8,43.0,8.0,332.0,0.0,944.1,2026-05-17 23:00:00,90,3.4531571205928664,3.4904285153900982,3.269568939183719,2.9444389791664403,1.5260563034950494,2.174751721484161,3.7400477406883357,3.8088822465086327,3.4043848583888945,0.11823192576831705,2.861184363506421,0.7230811810382816,2.461994546644787,0.6655547643145189,2.6266244396099463,0.5702664021323691,33.9,4.9,68.8,4.9,632.0,388.0,7.063580742871415,-3.7557725022871264,-0.25881904510252157,0.9659258262890681,0.8660254037844387,-0.4999999999999998,0.38368412451031847,1,2.1000000000000014,-14.0
25.2,26.0,391.0,63.2,6.6,20.0,27.3,42.0,6.9,337.0,0.0,943.6,2026-05-18 00:00:00,79,3.265759410767051,3.4531571205928664,3.4904285153900982,3.269568939183719,1.667706820558076,2.186051276738094,3.5322256440685598,3.6712245188752153,3.4031150155833387,0.12040436390915658,3.127526461874584,0.4307889541349841,2.5519702244805336,0.6970939929245195,2.61552167988905,0.5542369668801601,31.9,6.2,71.4,16.9,497.0,541.0,6.351483488821838,-2.69604478657599,0.0,1.0,0.8660254037844387,-0.4999999999999998,0.4133872671857027,0,2.1000000000000014,-15.0
21.1,21.8,291.0,48.5,5.5,32.0,27.1,39.0,6.6,331.0,0.0,943.2,2026-05-18 01:00:00,70,3.095577608523707,3.265759410767051,3.4531571205928664,3.4904285153900982,2.341805806147327,2.174751721484161,3.295836866004329,3.5234150143864045,3.2714980466278747,0.17885881532387965,3.2531550956039808,0.20826140964722367,2.6287057150671624,0.7024564397677192,2.607177544160691,0.5449795411889088,26.0,11.3,63.2,33.7,391.0,728.0,5.772490067120012,-3.199743493625823,0.25881904510252074,0.9659258262890683,0.8660254037844387,-0.4999999999999998,0.40731284322680356,0,3.3000000000000007,-26.0
17.6,18.2,223.0,36.1,4.6,43.0,27.0,37.0,5.6,315.0,0.0,942.6,2026-05-18 02:00:00,63,2.9231615807191558,3.095577608523707,3.265759410767051,3.4531571205928664,2.9444389791664403,2.1633230256605382,3.091042453358316,3.353406717825807,3.0948328666699716,0.17130012921391258,3.2496088625294326,0.21465260233451336,2.6920255946553806,0.6908430864390691,2.6001825078007257,0.5395492658100428,21.8,20.3,48.5,48.3,291.0,829.0,3.959797974644665,-3.9597979746446668,0.49999999999999994,0.8660254037844387,0.8660254037844387,-0.4999999999999998,0.4429032698059327,0,3.6000000000000014,-28.0
14.7,15.1,185.0,29.0,4.2,47.0,26.5,38.0,5.5,311.0,0.0,942.5,2026-05-18 03:00:00,56,2.7536607123542622,2.9231615807191558,3.095577608523707,3.265759410767051,3.269568939183719,2.1633230256605382,2.917770732084279,3.1822118404966093,2.9241333005323753,0.1709605192758941,3.163624158057857,0.2937974285212981,2.7412204018798576,0.6704907838472443,2.593344590311975,0.5363799571413095,18.2,27.6,36.1,59.7,223.0,773.0,3.608324659447789,-4.150902691225247,0.7071067811865475,0.7071067811865476,0.8660254037844387,-0.4999999999999998,0.42364010959296344,0,3.0,-23.0
12.4,12.7,178.0,24.2,4.1,50.0,26.6,37.0,6.5,328.0,0.0,942.4,2026-05-18 04:00:00,52,2.5952547069568657,2.7536607123542622,2.9231615807191558,3.095577608523707,3.4904285153900982,2.1633230256605382,2.760009940032921,3.0155349008501706,2.7573590000100947,0.16398471716543855,3.0144285233189847,0.320709016228521,2.7772147086545513,0.6478587338074066,2.586479788933806,0.5352071862747827,15.1,33.9,29.0,68.8,185.0,632.0,5.512312625016769,-3.4444752175158326,0.8660254037844386,0.5000000000000001,0.8660254037844387,-0.4999999999999998,0.3460339609275821,0,2.700000000000003,-18.0
11.7,12.0,230.0,21.9,4.3,57.0,27.1,40.0,8.3,336.0,0.0,942.4,2026-05-18 05:00:00,49,2.5416019934645457,2.5952547069568657,2.7536607123542622,2.9231615807191558,3.4531571205928664,1.5260563034950494,2.9338568698359038,3.1986731175506815,2.6301724709252245,0.11025725710673193,2.862502668797598,0.2852594324776269,2.861843516152009,0.5240664344364716,2.570135835751666,0.5301028212968872,12.7,31.9,24.2,71.4,178.0,497.0,7.582427298433589,-3.3759141375291417,0.9659258262890683,0.25881904510252074,0.8660254037844387,-0.4999999999999998,0.27329053693167155,0,3.200000000000003,-16.0
11.3,11.6,406.0,22.7,5.3,73.0,26.6,46.0,7.0,350.0,0.0,942.4,2026-05-18 06:00:00,47,2.509599262378372,2.5416019934645457,2.5952547069568657,2.7536607123542622,3.265759410767051,1.667706820558076,2.8213788864092133,3.122364924487357,2.5488186542665945,0.043281334791505255,2.7364759773994844,0.2338773916979715,2.932001219637034,0.3884877710706139,2.5571450180837147,0.5274919476139093,12.0,26.0,21.9,63.2,230.0,391.0,6.893654271085456,-1.2155372436685128,1.0,6.123233995736766e-17,0.8660254037844387,-0.4999999999999998,0.3136999077972965,0,2.700000000000003,-11.0
13.0,13.4,641.0,23.6,6.8,96.0,29.1,45.0,5.8,338.0,0.0,943.2,2026-05-18 07:00:00,53,2.6390573296152584,2.509599262378372,2.5416019934645457,2.5952547069568657,3.095577608523707,2.341805806147327,2.8390784635086144,3.1135153092103742,2.5634195284860586,0.0674303449419428,2.6603892642480766,0.15446323555341826,2.9567721799260287,0.3555114781293265,2.548810804171491,0.5244149742728766,11.6,21.8,22.7,48.5,406.0,291.0,5.377666356487366,-2.1727182418122917,0.9659258262890683,-0.25881904510252063,0.8660254037844387,-0.4999999999999998,0.38809666611989097,0,2.700000000000003,-9.0
10.2,11.2,767.0,22.4,7.9,118.0,32.5,35.0,1.5,300.0,0.0,944.0,2026-05-18 08:00:00,42,2.4159137783010487,2.6390573296152584,2.509599262378372,2.5416019934645457,2.9231615807191558,2.9444389791664403,2.653241964607215,2.884800712846709,2.521523456764893,0.11204865430742886,2.575847963845059,0.11587065182401625,2.9127284131872457,0.38839646847982046,2.5389221297420677,0.5245977088748579,13.4,18.2,23.6,36.1,641.0,223.0,0.7500000000000002,-1.299038105676658,0.8660254037844387,-0.4999999999999998,0.8660254037844387,-0.4999999999999998,0.9663655113204195,0,3.0,-2.0
7.4,10.0,678.0,17.3,8.5,140.0,35.2,27.0,3.8,301.0,0.0,944.4,2026-05-18 09:00:00,31,2.128231705849268,2.4159137783010487,2.6390573296152584,2.509599262378372,2.7536607123542622,3.269568939183719,2.312535423847214,2.8390784635086144,2.3944009379218585,0.25609140204205344,2.4716097960942265,0.18475898190023932,2.817616977076042,0.43052987262892173,2.53124280815882,0.5293828953625928,11.2,15.1,22.4,29.0,767.0,185.0,1.9571446846582057,-3.2572357426680267,0.7071067811865476,-0.7071067811865475,0.8660254037844387,-0.4999999999999998,0.44338160538526417,0,3.1000000000000014,-3.0
7.3,12.0,481.0,10.1,8.8,162.0,37.2,21.0,7.4,299.0,0.0,944.5,2026-05-18 10:00:00,30,2.1162555148025524,2.128231705849268,2.4159137783010487,2.6390573296152584,2.5952547069568657,3.4904285153900982,2.1633230256605382,2.8449093838194073,2.2201336663176234,0.16965625975536572,2.391776597401841,0.2206481228261003,2.703102560360412,0.4178718375215362,2.5292816618730707,0.5308901846970582,10.0,12.7,17.3,24.2,678.0,178.0,3.5875911898228963,-6.472185832831528,0.49999999999999994,-0.8660254037844387,0.8660254037844387,-0.4999999999999998,0.25193518033363715,0,3.200000000000003,-3.0
8.1,14.6,330.0,4.8,8.8,176.0,38.5,20.0,8.4,293.0,0.0,944.9,2026-05-18 11:00:00,34,2.2082744135228043,2.1162555148025524,2.128231705849268,2.4159137783010487,2.5416019934645457,3.4531571205928664,2.174751721484161,2.8622008809294686,2.150920544724875,0.050029561137049455,2.336222000744884,0.2173179667943428,2.599362334771241,0.36604945483607004,2.530678440708014,0.5299601412350489,12.0,12.0,10.1,21.9,481.0,230.0,3.2821414793098973,-7.732240769000501,0.258819045102521,-0.9659258262890682,0.8660254037844387,-0.4999999999999998,0.23492280994923448,0,3.6000000000000014,-3.0
9.7,21.7,276.0,3.0,8.3,178.0,39.2,18.0,8.7,276.0,0.0,944.6,2026-05-18 12:00:00,40,2.3702437414678603,2.2082744135228043,2.1162555148025524,2.128231705849268,2.509599262378372,3.265759410767051,2.186051276738094,2.8390784635086144,2.231591223264406,0.1285895020347413,2.3129960805931318,0.20198843394959837,2.5247360289963083,0.30383839573961074,2.538353126738421,0.526071828088367,14.6,11.6,4.8,22.7,330.0,406.0,0.9093976304285809,-8.652340489703978,1.2246467991473532e-16,-1.0,0.8660254037844387,-0.4999999999999998,0.24435502489359387,0,3.8000000000000043,-4.0
13.2,33.3,269.0,3.0,7.5,172.0,39.9,17.0,8.3,270.0,0.0,944.4,2026-05-18 13:00:00,53,2.653241964607215,2.3702437414678603,2.2082744135228043,2.1162555148025524,2.6390573296152584,3.095577608523707,2.174751721484161,2.8213788864092133,2.4105867065326265,0.2252103383554542,2.3153601864251248,0.20659836724592126,2.4878747253366007,0.2504258329801476,2.5582902202018816,0.5207327541887452,21.7,13.4,3.0,23.6,276.0,641.0,-1.5246852649384548e-15,-8.3,-0.2588190451025208,-0.9659258262890683,0.8660254037844387,-0.4999999999999998,0.2852948349040016,0,4.100000000000001,-4.0
17.1,47.6,310.0,3.6,6.9,165.0,40.3,17.0,7.9,271.0,0.0,943.7,2026-05-18 14:00:00,62,2.89591193827178,2.653241964607215,2.3702437414678603,2.2082744135228043,2.4159137783010487,2.9231615807191558,2.1633230256605382,2.797281334830153,2.639799214782285,0.2630917975249582,2.39535987975358,0.3168419267964998,2.4856039217993193,0.24620795315202837,2.58881475822735,0.518038408479672,33.3,11.2,3.0,22.4,269.0,767.0,0.13787401085453674,-7.898796791735491,-0.4999999999999997,-0.8660254037844388,0.8660254037844387,-0.4999999999999998,0.32538336385076183,0,4.299999999999997,-4.0
19.6,62.9,367.0,2.1,6.7,161.0,40.3,16.0,8.6,240.0,0.0,943.5,2026-05-18 15:00:00,67,3.0252910757955354,2.89591193827178,2.653241964607215,2.3702437414678603,2.128231705849268,2.7536607123542622,2.1633230256605382,2.772588722239781,2.858148326224844,0.1888774816650434,2.5448697747446247,0.3723655814203538,2.5082397854194256,0.2828525332961273,2.6247300936496414,0.5171358294724127,47.6,10.0,3.6,17.3,310.0,678.0,-4.300000000000003,-7.44781847254617,-0.7071067811865471,-0.7071067811865479,0.8660254037844387,-0.4999999999999998,0.31513448706203495,0,4.299999999999997,-5.0
21.3,74.5,473.0,1.2,6.8,155.0,39.4,15.0,9.1,214.0,0.0,943.7,2026-05-18 16:00:00,70,3.104586678466073,3.0252910757955354,2.89591193827178,2.653241964607215,2.1162555148025524,2.5952547069568657,2.1633230256605382,2.7343675094195836,3.0085965641777963,0.10533430987767103,2.709591635355211,0.3633328257783339,2.5506841163785263,0.33118257489046105,2.663949412516539,0.5163133469343624,62.9,12.0,2.1,10.1,367.0,481.0,-7.54424191025088,-5.088655421583795,-0.8660254037844384,-0.5000000000000004,0.8660254037844387,-0.4999999999999998,0.3073848196501062,0,3.6000000000000014,-6.0
18.1,69.6,731.0,7.8,6.6,131.0,39.9,13.0,12.3,194.0,0.0,942.8,2026-05-18 17:00:00,64,2.9496883350525844,3.104586678466073,3.0252910757955354,2.89591193827178,2.2082744135228043,2.5416019934645457,1.5260563034950494,2.3608540011180215,3.0265220297713977,0.07745650801468508,2.833160622276841,0.27377560613287927,2.5846913115108623,0.350550850511238,2.723267413831436,0.4584343326305954,74.5,14.6,1.2,4.8,473.0,330.0,-11.934637433194757,-2.9756393158759105,-0.9659258262890683,-0.25881904510252063,0.8660254037844387,-0.4999999999999998,0.22178107782350256,0,4.0,-7.0
19.0,63.1,1358.0,20.5,7.4,108.0,37.0,18.0,8.2,202.0,0.0,942.5,2026-05-18 18:00:00,66,2.995732273553991,2.9496883350525844,3.104586678466073,3.0252910757955354,2.3702437414678603,2.509599262378372,1.667706820558076,2.509599262378372,3.016669095690883,0.07954330323135221,2.9374087109578633,0.15601085338290646,2.6252023957754975,0.3687037450793028,2.778601807706266,0.40218264880052335,69.6,21.7,7.8,3.0,731.0,276.0,-7.602907607447656,-3.0717740660104784,-1.0,-1.8369701987210297e-16,0.8660254037844387,-0.4999999999999998,0.3256230732123903,0,2.6000000000000014,-6.0
25.8,65.7,2138.0,38.3,8.4,77.0,35.1,24.0,1.8,307.0,0.0,942.2,2026-05-18 19:00:00,80,3.288401887516811,2.995732273553991,2.9496883350525844,3.104586678466073,2.653241964607215,2.6390573296152584,2.341805806147327,3.0204248861443626,3.0779408320411292,0.18371282745669698,3.0432686981094625,0.13921521529439315,2.679314442267294,0.41559062152975856,2.818043311096661,0.40389626900959363,63.1,33.3,20.5,3.0,1358.0,269.0,1.0832670416736863,-1.4375439180851275,-0.9659258262890684,0.2588190451025203,0.8660254037844387,-0.4999999999999998,1.1744292455417182,0,3.400000000000002,-7.0
30.0,65.9,2524.0,53.0,9.1,50.0,33.5,26.0,2.0,333.0,0.0,942.3,2026-05-18 20:00:00,89,3.4339872044851463,3.288401887516811,2.995732273553991,2.9496883350525844,2.89591193827178,2.4159137783010487,2.9444389791664403,3.4781584227982836,3.2393737885186495,0.2232031854385105,3.1329479091450234,0.18952422116982443,2.764153894449302,0.4586194191895674,2.8384411538182737,0.4224908436336392,65.7,47.6,38.3,3.6,2138.0,310.0,1.7820130483767356,-0.9079809994790939,-0.8660254037844386,0.5000000000000001,0.8660254037844387,-0.4999999999999998,1.1446624014950488,0,3.8000000000000007,-10.0
33.3,65.9,2148.0,62.9,9.3,33.0,32.2,29.0,3.8,19.0,0.0,942.9,2026-05-18 21:00:00,96,3.535145354171894,3.4339872044851463,3.288401887516811,2.995732273553991,3.0252910757955354,2.128231705849268,3.269568939183719,3.728100167267218,3.419178148724617,0.12403654978928906,3.2179236222077496,0.23935108615017123,2.8813966984761876,0.461098469871261,2.8495068377761146,0.4374855321209976,65.9,62.9,53.0,2.1,2524.0,367.0,3.592970587277404,1.2371589869371955,-0.7071067811865477,0.7071067811865474,0.8660254037844387,-0.4999999999999998,0.7364886154524779,0,4.400000000000002,-13.0
37.8,67.1,1378.0,69.8,9.1,21.0,30.3,33.0,9.4,50.0,0.0,943.0,2026-05-18 22:00:00,107,3.6584202466292277,3.535145354171894,3.4339872044851463,3.288401887516811,3.104586678466073,2.1162555148025524,3.4904285153900982,3.8522730010223722,3.5425176017620896,0.1123979987695955,3.3102292169016088,0.2886225177097673,3.0099104261284104,0.4430129295449306,2.856506493244412,0.44936849460471456,65.9,74.5,62.9,1.2,2148.0,473.0,6.04220353105347,7.200817765318393,-0.5000000000000004,0.8660254037844384,0.8660254037844387,-0.4999999999999998,0.35177117756050263,0,3.3000000000000007,-13.0
38.8,62.6,774.0,70.5,8.7,16.0,30.2,35.0,10.3,68.0,0.0,942.5,2026-05-18 23:00:00,109,3.6838669122903918,3.6584202466292277,3.535145354171894,3.4339872044851463,2.9496883350525844,2.2082744135228043,3.4531571205928664,3.7400477406883357,3.625810837697171,0.07954279115967598,3.432592313107911,0.25934294850542566,3.1328764676923764,0.4032836012244805,2.866119401231808,0.4648867328428238,67.1,69.6,69.8,7.8,1378.0,731.0,3.8584479121838933,9.549993702037911,-0.25881904510252157,0.9659258262890681,0.8660254037844387,-0.4999999999999998,0.32600592144162754,0,2.3999999999999986,-8.0
35.7,54.7,579.0,61.7,8.0,21.0,30.0,36.0,6.5,76.0,0.0,942.6,2026-05-19 00:00:00,101,3.6027767550605247,3.6838669122903918,3.6584202466292277,3.535145354171894,2.995732273553991,2.3702437414678603,3.265759410767051,3.5322256440685598,3.6483546379933816,0.041471565654053834,3.533766393359,0.15032811296173992,3.235587552158431,0.3439895737949767,2.88016179057737,0.4822488939536598,62.6,63.1,70.5,20.5,774.0,1358.0,1.57249232139784,6.306922220793977,0.0,1.0,0.8660254037844387,-0.4999999999999998,0.48037023400806994,0,2.6999999999999993,-6.0
31.0,46.6,550.0,46.8,7.0,33.0,29.5,39.0,6.3,7.0,0.0,942.7,2026-05-19 01:00:00,91,3.4657359027997265,3.6027767550605247,3.6838669122903918,3.6584202466292277,3.288401887516811,2.653241964607215,3.095577608523707,3.295836866004329,3.584126523383548,0.11025496669791233,3.563322062572819,0.10215271817791467,3.3032953803411402,0.29548831320868385,2.8955850528388702,0.4951835812136296,54.7,65.7,61.7,38.3,579.0,2138.0,6.253040755340328,0.7677768634524291,0.25881904510252074,0.9659258262890683,0.8660254037844387,-0.4999999999999998,0.4747583428492776,0,2.3999999999999986,0.0
25.3,40.0,520.0,33.2,6.1,47.0,24.0,64.0,23.6,28.0,0.0,943.0,2026-05-19 02:00:00,79,3.269568939183719,3.4657359027997265,3.6027767550605247,3.6838669122903918,3.4339872044851463,2.89591193827178,2.9231615807191558,3.091042453358316,3.4460271990146567,0.16747592929735758,3.535919018355914,0.1531232968204731,3.3344334637504685,0.26696748470247567,2.910018692774894,0.501036294903923,46.6,65.9,46.8,53.0,550.0,2524.0,20.83756319147068,11.079528881747024,0.49999999999999994,0.8660254037844387,0.8660254037844387,-0.4999999999999998,0.13290930647088287,0,-3.0,27.0
20.0,32.0,409.0,22.5,5.5,64.0,26.6,50.0,15.7,42.0,0.0,942.8,2026-05-19 03:00:00,68,3.044522437723423,3.269568939183719,3.4657359027997265,3.6027767550605247,3.535145354171894,3.0252910757955354,2.7536607123542622,2.917770732084279,3.2599424265689563,0.21077167290515642,3.454148532281169,0.25242236299087556,3.3360360772444593,0.264993410434962,2.9221379313319424,0.5006073658624165,40.0,65.9,33.2,62.9,520.0,2148.0,11.667373759995089,10.505350519834074,0.7071067811865475,0.7071067811865476,0.8660254037844387,-0.4999999999999998,0.18230673279780976,0,0.10000000000000142,12.0
15.3,27.8,297.0,13.1,4.9,83.0,27.4,44.0,14.7,57.0,0.0,942.7,2026-05-19 04:00:00,58,2.791165107812717,3.044522437723423,3.269568939183719,3.4657359027997265,3.6584202466292277,3.104586678466073,2.5952547069568657,2.760009940032921,3.0350854949066197,0.23934148905885363,3.309606009145084,0.3438168374467521,3.3099176130233463,0.30264981900312277,2.930300864700936,0.49662688005993694,32.0,67.1,22.5,69.8,409.0,1378.0,8.006193814720898,12.328457348797732,0.8660254037844386,0.5000000000000001,0.8660254037844387,-0.4999999999999998,0.17778121705813485,0,0.7999999999999972,7.0
14.1,26.8,254.0,9.7,4.6,84.0,28.3,39.0,13.8,58.0,0.0,942.5,2026-05-19 05:00:00,55,2.714694743820879,2.791165107812717,3.044522437723423,3.269568939183719,3.6838669122903918,2.9496883350525844,2.5416019934645457,2.9338568698359038,2.850127429785673,0.1726383314203418,3.1480773144001652,0.3600969767132049,3.2903348137540376,0.3340508047038887,2.93751306263245,0.4919716650394995,27.8,62.6,13.1,70.5,297.0,774.0,7.312885846418228,11.703063726958678,0.9659258262890683,0.25881904510252074,0.8660254037844387,-0.4999999999999998,0.18342532052843774,0,1.1999999999999993,-1.0
14.4,26.7,343.0,13.7,5.1,86.0,28.9,36.0,8.7,56.0,0.0,943.3,2026-05-19 06:00:00,56,2.7343675094195836,2.714694743820879,2.791165107812717,3.044522437723423,3.6027767550605247,2.995732273553991,2.509599262378372,2.8213788864092133,2.746742453684393,0.0397087342587156,3.0033424401266746,0.312110327161534,3.268554416742837,0.3623290443060996,2.946878406259167,0.4855693030334206,26.8,54.7,9.7,61.7,254.0,579.0,4.864978260195497,7.2126268812288625,1.0,6.123233995736766e-17,0.8660254037844387,-0.4999999999999998,0.28189355767212204,0,2.299999999999997,-10.0
17.6,28.2,500.0,18.9,5.9,91.0,30.4,34.0,8.0,74.0,0.0,944.1,2026-05-19 07:00:00,63,2.9231615807191558,2.7343675094195836,2.714694743820879,2.791165107812717,3.4657359027997265,3.288401887516811,2.6390573296152584,2.8390784635086144,2.7907412779865397,0.11510042075693762,2.9129133864465793,0.2147654790696522,3.2381177245096993,0.3756075420504165,2.9587160833884965,0.48118192994841025,26.7,46.6,13.7,46.8,343.0,550.0,2.2050988465359933,7.690093567506551,0.9659258262890683,-0.25881904510252063,0.8660254037844387,-0.4999999999999998,0.3247957311910173,0,1.2999999999999972,-11.0
20.4,39.7,611.0,21.1,6.9,102.0,33.3,27.0,2.3,328.0,0.0,945.2,2026-05-19 08:00:00,68,3.0633909220278057,2.9231615807191558,2.7343675094195836,2.714694743820879,3.269568939183719,3.4339872044851463,2.4159137783010487,2.653241964607215,2.906973337388848,0.16510798262858548,2.8785503835872603,0.1542572297322841,3.2072347009715867,0.3732669956798094,2.985694297710444,0.46737862156407317,28.2,40.0,18.9,33.2,500.0,520.0,1.9505106211597796,-1.2188143077363713,0.8660254037844387,-0.4999999999999998,0.8660254037844387,-0.4999999999999998,0.9283002794023654,0,0.7999999999999972,-8.0
22.8,46.7,624.0,17.1,8.3,129.0,34.4,27.0,3.1,246.0,0.0,945.9,2026-05-19 09:00:00,74,3.169685580677429,3.0633909220278057,2.9231615807191558,2.7343675094195836,3.044522437723423,3.535145354171894,2.128231705849268,2.312535423847214,3.052079361141464,0.12365065384429198,2.8994109074129284,0.1863214835322326,3.176779719847048,0.3587054020617632,3.029088209161618,0.43125709996070183,39.7,32.0,21.1,22.5,611.0,409.0,-1.2608835935349803,-2.831990918692063,0.7071067811865476,-0.7071067811865475,0.8660254037844387,-0.4999999999999998,0.7730940440676657,0,-0.8000000000000043,0.0
23.7,48.2,590.0,10.0,9.8,163.0,36.4,26.0,7.0,136.0,0.0,946.4,2026-05-19 10:00:00,75,3.2068032436339315,3.169685580677429,3.0633909220278057,2.9231615807191558,2.791165107812717,3.6584202466292277,2.1162555148025524,2.1633230256605382,3.1466265821130555,0.07443494850007357,2.9686839300497976,0.21333488292967412,3.1391449695974405,0.32575681699091374,3.074527697862925,0.38596952788676464,46.7,27.8,17.1,13.1,624.0,297.0,-5.0353786023705585,4.86260859321298,0.49999999999999994,-0.8660254037844387,0.8660254037844387,-0.4999999999999998,0.40085040545424144,0,-0.8000000000000043,5.0
22.6,45.3,542.0,4.6,10.6,185.0,37.6,18.0,13.0,138.0,0.0,946.9,2026-05-19 11:00:00,73,3.1612467120315646,3.2068032436339315,3.169685580677429,3.0633909220278057,2.714694743820879,3.6838669122903918,2.2082744135228043,2.174751721484161,3.1792451787809752,0.02423610591318979,3.0431092580849115,0.18269866060681045,3.095593286242538,0.2777012856662329,3.114234876967457,0.33915832852389594,48.2,26.8,10.0,9.7,590.0,254.0,-9.660882731206122,8.698697882665158,0.258819045102521,-0.9659258262890682,0.8660254037844387,-0.4999999999999998,0.22580333657368318,0,-0.8999999999999986,-2.0
20.6,40.3,465.0,2.8,9.9,185.0,38.6,15.0,13.2,121.0,0.0,946.5,2026-05-19 12:00:00,69,3.0726933146901194,3.1612467120315646,3.2068032436339315,3.169685580677429,2.7343675094195836,3.6027767550605247,2.3702437414678603,2.186051276738094,3.146914423451872,0.06819405496285827,3.0994968922966675,0.10331540080928478,3.0514196662116713,0.22727069919586448,3.1435036091850512,0.30023871913813527,45.3,26.7,4.6,13.7,542.0,343.0,-6.798502588812716,11.314608369267882,1.2246467991473532e-16,-1.0,0.8660254037844387,-0.4999999999999998,0.21638685314719153,0,-0.6000000000000014,-3.0
17.8,34.5,375.0,2.7,8.4,173.0,39.5,12.0,14.9,133.0,0.0,945.9,2026-05-19 13:00:00,63,2.9338568698359038,3.0726933146901194,3.1612467120315646,3.2068032436339315,2.9231615807191558,3.4657359027997265,2.653241964607215,2.174751721484161,3.0559322988525293,0.11461777271598436,3.101279440482792,0.09969329996079457,3.007096413464686,0.18751003275584405,3.1551958969029132,0.2854142587895552,40.3,28.2,2.8,18.9,465.0,500.0,-10.161775564931226,10.897170154125641,-0.2588190451025208,-0.9659258262890683,0.8660254037844387,-0.4999999999999998,0.18451929998967947,0,-0.3999999999999986,-5.0
16.9,34.3,355.0,3.1,7.1,161.0,39.3,13.0,15.9,135.0,0.0,945.3,2026-05-19 14:00:00,61,2.884800712846709,2.9338568698359038,3.0726933146901194,3.1612467120315646,3.0633909220278057,3.269568939183719,2.89591193827178,2.1633230256605382,2.9637836324575777,0.09745571198053199,3.071514405619276,0.13401904802753237,2.9750323946032684,0.17069039814046272,3.1547329291768684,0.2858617878251493,34.5,39.7,2.7,21.1,375.0,611.0,-11.242997820866105,11.242997820866107,-0.4999999999999997,-0.8660254037844388,0.8660254037844387,-0.4999999999999998,0.17069826703234967,0,-1.0,-4.0
17.2,37.8,429.0,2.7,6.4,155.0,39.7,12.0,15.5,142.0,0.0,944.7,2026-05-19 15:00:00,62,2.9014215940827497,2.884800712846709,2.9338568698359038,3.0726933146901194,3.169685580677429,3.044522437723423,3.0252910757955354,2.1633230256605382,2.9066930589217876,0.02494930641920521,3.02680374118683,0.13935942738916968,2.963107324299879,0.1703927357687604,3.149571700772169,0.2893968420533558,34.3,46.7,3.1,17.1,355.0,624.0,-12.214166680904189,9.542752867547705,-0.7071067811865471,-0.7071067811865479,0.8660254037844387,-0.4999999999999998,0.1758437329747121,0,-0.5999999999999943,-4.0
17.3,40.0,573.0,2.9,6.0,150.0,39.3,12.0,15.9,146.0,0.0,944.4,2026-05-19 16:00:00,62,2.9069010598473755,2.9014215940827497,2.884800712846709,2.9338568698359038,3.2068032436339315,2.791165107812717,3.104586678466073,2.1633230256605382,2.8977077889256115,0.011508718258203907,2.97682004388907,0.11321825131050896,2.9727519869694343,0.16288571357841963,3.14133479999639,0.2935168546593766,37.8,48.2,2.7,10.0,429.0,590.0,-13.181697403625162,8.891167165184877,-0.8660254037844384,-0.5000000000000004,0.8660254037844387,-0.4999999999999998,0.17200597987262578,0,-0.10000000000000142,-3.0
20.9,59.8,798.0,6.5,5.4,140.0,39.3,9.0,17.2,146.0,0.0,943.7,2026-05-19 17:00:00,70,3.086486636822455,2.9069010598473755,2.9014215940827497,2.884800712846709,3.1612467120315646,2.714694743820879,2.9496883350525844,1.5260563034950494,2.96493643025086,0.10530121402179954,2.9643600313542184,0.09074570662936145,3.003734644719566,0.14354987775178413,3.1470347292368017,0.29095043086916206,40.0,45.3,2.9,4.6,573.0,542.0,-14.259446247946716,9.618117939696846,-0.9659258262890683,-0.25881904510252063,0.8660254037844387,-0.4999999999999998,0.16958717784738764,0,-0.6000000000000014,-4.0
21.2,56.2,1227.0,16.6,6.1,123.0,37.6,12.0,15.6,139.0,0.0,943.8,2026-05-19 18:00:00,70,3.100092288878234,3.086486636822455,2.9069010598473755,2.9014215940827497,3.0726933146901194,2.7343675094195836,2.995732273553991,1.667706820558076,3.0311599951826884,0.1078262059981948,2.968926527052238,0.09770971754618837,3.034211709674453,0.11764822974250148,3.1513830632086446,0.2893663911510583,59.8,40.3,6.5,2.8,798.0,465.0,-11.773469451475243,10.234520852251913,-1.0,-1.8369701987210297e-16,0.8660254037844387,-0.4999999999999998,0.18675254752278517,0,0.6000000000000014,-6.0
25.4,54.6,1736.0,30.9,7.0,100.0,35.2,16.0,13.0,127.0,0.0,944.0,2026-05-19 19:00:00,79,3.2733640101522705,3.100092288878234,3.086486636822455,2.9069010598473755,2.9338568698359038,2.9231615807191558,3.288401887516811,2.341805806147327,3.153314311950987,0.10418841572185783,3.025511050438299,0.15490474173041016,3.0633952454605455,0.1303469887116318,3.150756484985122,0.2890729306454698,56.2,34.5,16.6,2.7,1227.0,375.0,-7.823595300976629,10.382261630614805,-0.9659258262890684,0.2588190451025203,0.8660254037844387,-0.4999999999999998,0.23381171501087647,0,0.10000000000000142,-8.0
30.7,62.9,1968.0,44.2,7.8,77.0,33.5,20.0,10.2,111.0,0.0,944.1,2026-05-19 20:00:00,90,3.456316680883235,3.2733640101522705,3.100092288878234,3.086486636822455,2.884800712846709,3.0633909220278057,3.4339872044851463,2.9444389791664403,3.27659099330458,0.17813411921929093,3.1207637117777196,0.21509675507421822,3.096139058698498,0.17278864621256554,3.1516868798350424,0.2900584109056869,54.6,34.3,30.9,3.1,1736.0,355.0,-3.6553530853620626,9.522520350271456,-0.8660254037844386,0.5000000000000001,0.8660254037844387,-0.4999999999999998,0.3085997036502888,0,0.0,-6.0
34.8,68.0,1669.0,57.1,8.5,56.0,31.3,24.0,8.4,62.0,0.0,944.4,2026-05-19 21:00:00,99,3.5779478934066544,3.456316680883235,3.2733640101522705,3.100092288878234,2.9014215940827497,3.169685580677429,3.535145354171894,3.269568939183719,3.4358761948140533,0.15331730361455917,3.2335180949983706,0.2513794645317235,3.1301609180926007,0.22182218475980217,3.1534703189698248,0.29263874408269674,62.9,37.8,44.2,2.7,1968.0,429.0,3.9435611274014835,7.416759780014986,-0.7071067811865477,0.7071067811865474,0.8660254037844387,-0.4999999999999998,0.38063275461772916,0,-0.9000000000000021,-5.0
39.8,73.1,1092.0,69.0,9.2,36.0,30.0,25.0,9.4,42.0,0.0,944.5,2026-05-19 22:00:00,112,3.708682081410116,3.5779478934066544,3.456316680883235,3.2733640101522705,2.9069010598473755,3.2068032436339315,3.6584202466292277,3.4904285153900982,3.580982218566669,0.12621005979182712,3.367148265258827,0.25609301741754836,3.1719841545739484,0.27782898454597077,3.155564562085694,0.2965630225262776,68.0,40.0,57.1,2.9,1669.0,573.0,6.985561359487506,6.289827699773268,-0.5000000000000004,0.8660254037844384,0.8660254037844387,-0.4999999999999998,0.3566040462894342,0,-0.3000000000000007,-8.0
44.4,74.7,636.0,72.7,9.2,25.0,30.5,28.0,6.9,31.0,0.0,944.2,2026-05-19 23:00:00,123,3.8155121050473024,3.708682081410116,3.5779478934066544,3.456316680883235,3.086486636822455,3.1612467120315646,3.6838669122903918,3.4531571205928664,3.7007140266213576,0.11898237720750526,3.4886525099629684,0.26892291167421567,3.2265062706585934,0.334041285942078,3.161049778450566,0.3077652047917573,73.1,59.8,69.0,6.5,1092.0,798.0,5.914454374844575,3.553762716879374,-0.25881904510252157,0.9659258262890681,0.8660254037844387,-0.4999999999999998,0.4829762158287724,0,0.3000000000000007,-7.0
39.8,61.5,467.0,61.9,8.1,28.0,29.5,29.0,6.3,15.0,0.0,944.0,2026-05-20 00:00:00,112,3.708682081410116,3.8155121050473024,3.708682081410116,3.5779478934066544,3.100092288878234,3.0726933146901194,3.6027767550605247,3.265759410767051,3.7442920892891784,0.06167834290447159,3.590084142051616,0.19864610395851598,3.2795053345519265,0.35707748912264986,3.1654625003817984,0.31504711697827115,74.7,56.2,72.7,16.6,636.0,1227.0,6.085332705621131,1.6305599841458807,0.0,1.0,0.8660254037844387,-0.4999999999999998,0.508038641289057,0,-0.5,-7.0
31.2,49.1,420.0,42.9,6.4,40.0,29.6,29.0,3.6,18.0,0.0,943.7,2026-05-20 01:00:00,91,3.4719664525503626,3.708682081410116,3.8155121050473024,3.708682081410116,3.2733640101522705,2.9338568698359038,3.4657359027997265,3.095577608523707,3.6653868796692604,0.17581740445053742,3.623184549117964,0.1444767787739716,3.3243477997781317,0.3432446683886262,3.1657221066214087,0.31530776649524717,61.5,54.6,61.9,30.9,467.0,1736.0,3.4238034586625528,1.1124611797498107,0.25881904510252074,0.9659258262890683,0.8660254037844387,-0.4999999999999998,0.754775315771818,0,0.10000000000000142,-10.0
25.0,40.0,398.0,27.2,5.1,51.0,29.3,28.0,6.9,43.0,0.0,943.7,2026-05-20 02:00:00,78,3.258096538021482,3.4719664525503626,3.708682081410116,3.8155121050473024,3.456316680883235,2.884800712846709,3.269568939183719,2.9231615807191558,3.479581690660654,0.2253892785079077,3.5901478586410054,0.2016251625743549,3.355455785209363,0.31558906437914824,3.165244089906316,0.31515214421145826,49.1,62.9,42.9,44.2,420.0,1968.0,5.046340541172277,4.70578868443124,0.49999999999999994,0.8660254037844387,0.8660254037844387,-0.4999999999999998,0.41241728329385846,0,5.300000000000001,-36.0
21.2,34.5,358.0,18.6,4.5,56.0,28.7,29.0,7.5,46.0,0.0,943.5,2026-05-20 03:00:00,70,3.100092288878234,3.258096538021482,3.4719664525503626,3.708682081410116,3.5779478934066544,2.9014215940827497,3.044522437723423,2.7536607123542622,3.2767184264833595,0.1866351506258291,3.510505257886269,0.28467928975940615,3.3720116764423196,0.29408337272478263,3.1675595003710995,0.3144299517540592,40.0,68.0,27.2,57.1,398.0,1669.0,5.209937778442479,5.395048502539883,0.7071067811865475,0.7071067811865476,0.8660254037844387,-0.4999999999999998,0.3647167398680275,0,2.099999999999998,-21.0
18.9,31.7,344.0,13.2,4.2,60.0,28.6,30.0,6.2,36.0,0.0,943.6,2026-05-20 04:00:00,65,2.990719731730447,3.100092288878234,3.258096538021482,3.4719664525503626,3.708682081410116,2.9069010598473755,2.791165107812717,2.5952547069568657,3.1163028528767214,0.13442349468920778,3.3908448662729906,0.33172361205751466,3.378996565765909,0.28281145799912455,3.1758742763676717,0.30658446512644055,34.5,73.1,18.6,69.0,358.0,1092.0,5.0159053651246746,3.6442685642133337,0.8660254037844386,0.5000000000000001,0.8660254037844387,-0.4999999999999998,0.4153777405181176,0,1.2000000000000028,-14.0
17.6,29.7,393.0,9.2,3.9,80.0,28.4,34.0,4.8,59.0,0.0,943.4,2026-05-20 05:00:00,63,2.9231615807191558,2.990719731730447,3.100092288878234,3.258096538021482,3.8155121050473024,3.086486636822455,2.714694743820879,2.5416019934645457,3.004657867109279,0.08928506362094468,3.242119778884966,0.3019514054178915,3.365386144423967,0.3014821087355998,3.1845603945717667,0.2957105786599928,31.7,74.7,13.2,72.7,344.0,636.0,2.47218275956826,4.114403043370139,0.9659258262890683,0.25881904510252074,0.8660254037844387,-0.4999999999999998,0.5039933759860613,0,0.09999999999999787,-5.0
17.8,31.4,580.0,14.0,4.5,82.0,28.9,31.0,8.9,54.0,0.0,943.6,2026-05-20 06:00:00,63,2.9338568698359038,2.9231615807191558,2.990719731730447,3.100092288878234,3.708682081410116,3.100092288878234,2.7343675094195836,2.509599262378372,2.9492460607618356,0.03631317033847364,3.112982243622598,0.21594438035993516,3.3515331928371066,0.3181394654990838,3.1928724512557802,0.28512008318575094,29.7,61.5,9.2,61.9,393.0,467.0,5.2312887454030115,7.200251249937033,1.0,6.123233995736766e-17,0.8660254037844387,-0.4999999999999998,0.2963491787713034,0,0.0,-5.0
20.2,29.7,829.0,20.2,5.3,85.0,30.3,31.0,9.8,70.0,0.0,944.4,2026-05-20 07:00:00,68,3.054001181677967,2.9338568698359038,2.9231615807191558,2.990719731730447,3.4719664525503626,3.2733640101522705,2.9231615807191558,2.6390573296152584,2.970339877411009,0.07264989797692754,3.0433213651438646,0.12542181031322375,3.333252957130915,0.329151082596865,3.19832410129573,0.2809593507916632,31.4,49.1,14.0,42.9,580.0,420.0,3.351797404591555,9.208987683701903,0.9659258262890683,-0.25881904510252063,0.8660254037844387,-0.4999999999999998,0.2827778871924043,0,-0.09999999999999787,-3.0
24.1,47.6,949.0,22.8,6.1,94.0,33.0,27.0,7.4,89.0,0.0,945.4,2026-05-20 08:00:00,76,3.2228678461377385,3.054001181677967,2.9338568698359038,2.9231615807191558,3.258096538021482,3.456316680883235,3.0633909220278057,2.4159137783010487,3.07024196588387,0.14518835493747803,3.037449916496574,0.1136264696350263,3.3137988875687903,0.32811354044770763,3.2049689731336444,0.27951147873753346,29.7,40.0,20.2,27.2,829.0,398.0,0.12914780763589864,7.398872944157295,0.8660254037844387,-0.4999999999999998,0.8660254037844387,-0.4999999999999998,0.383674743587826,0,-0.29999999999999716,0.0
23.8,57.0,810.0,18.0,6.7,114.0,35.9,20.0,9.1,104.0,0.0,946.0,2026-05-20 09:00:00,76,3.2108436531709366,3.2228678461377385,3.054001181677967,2.9338568698359038,3.100092288878234,3.5779478934066544,3.169685580677429,2.128231705849268,3.1625708936622146,0.09421614550798578,3.0559084772120246,0.1331554605164789,3.2832068675491466,0.31821063241687503,3.206683892820873,0.2794118315048435,47.6,34.5,22.8,18.6,949.0,358.0,-2.201489249956977,8.829691109111568,0.7071067811865476,-0.7071067811865475,0.8660254037844387,-0.4999999999999998,0.31790531219514223,0,1.5,-7.0
20.7,49.1,542.0,9.5,7.2,139.0,37.5,18.0,9.4,121.0,0.0,946.1,2026-05-20 10:00:00,69,3.077312260546414,3.2108436531709366,3.2228678461377385,3.054001181677967,2.990719731730447,3.708682081410116,3.2068032436339315,2.1162555148025524,3.1703412532850295,0.0807894821223424,3.070340565348019,0.129314130490485,3.2305927158105052,0.29263419865380114,3.201288435192227,0.28065689159020074,57.0,31.7,18.0,13.2,810.0,344.0,-4.841357904154511,8.057372626599856,0.49999999999999994,-0.8660254037844387,0.8660254037844387,-0.4999999999999998,0.2958954096679244,0,1.1000000000000014,-8.0
19.0,43.8,338.0,3.2,7.5,157.0,39.1,12.0,12.9,134.0,0.0,946.3,2026-05-20 11:00:00,66,2.995732273553991,3.077312260546414,3.2108436531709366,3.2228678461377385,2.9231615807191558,3.8155121050473024,3.1612467120315646,2.2082744135228043,3.094629395757114,0.10859621903687493,3.082435680820492,0.11544497780400506,3.162277729852729,0.23335653645989124,3.194392000255661,0.2837006402017605,49.1,29.7,9.5,9.2,542.0,393.0,-8.961092978921066,9.2794834243686,0.258819045102521,-0.9659258262890682,0.8660254037844387,-0.4999999999999998,0.2155203074499274,0,1.5,-6.0
18.6,43.1,260.0,1.6,7.4,162.0,39.3,11.0,14.8,129.0,0.0,945.9,2026-05-20 12:00:00,65,2.975529566236472,2.995732273553991,3.077312260546414,3.2108436531709366,2.9338568698359038,3.708682081410116,3.0726933146901194,2.3702437414678603,3.016191366778959,0.05388747616040039,3.0893811302205862,0.10554765100036878,3.101181686921592,0.16251781660795905,3.1903435107367595,0.28619513359196586,43.8,31.4,3.2,14.0,338.0,580.0,-9.313941787537592,11.501760229563171,1.2246467991473532e-16,-1.0,0.8660254037844387,-0.4999999999999998,0.18832465609091592,0,0.6999999999999957,-4.0
19.0,45.2,246.0,2.3,7.0,160.0,39.6,11.0,14.8,121.0,0.0,945.0,2026-05-20 13:00:00,66,2.995732273553991,2.975529566236472,2.995732273553991,3.077312260546414,3.054001181677967,3.4719664525503626,2.9338568698359038,2.653241964607215,2.988998037781485,0.011664038508082534,3.0796696455332566,0.11194107659440018,3.061495505338561,0.11491924758427512,3.1929216525583466,0.2840548528182528,43.1,29.7,1.6,20.2,260.0,829.0,-7.6225635086688035,12.686076050391263,-0.2588190451025208,-0.9659258262890683,0.8660254037844387,-0.4999999999999998,0.18960330845278422,0,0.10000000000000142,-1.0
20.1,49.5,307.0,3.4,6.9,157.0,39.8,10.0,13.3,117.0,0.0,944.3,2026-05-20 14:00:00,68,3.0492730404820207,2.995732273553991,2.975529566236472,2.995732273553991,3.2228678461377385,3.258096538021482,2.884800712846709,2.89591193827178,3.006844960090828,0.038107005261492966,3.0507371779239705,0.08723499985220559,3.0440935472102724,0.09682892738014802,3.1997746662098177,0.27822214658644406,45.2,47.6,2.3,22.8,246.0,949.0,-6.038073646535971,11.850386771705294,-0.4999999999999997,-0.8660254037844388,0.8660254037844387,-0.4999999999999998,0.21323587695678467,0,0.5,-3.0
21.1,52.6,484.0,3.9,7.2,155.0,39.2,11.0,9.8,133.0,0.0,943.9,2026-05-20 15:00:00,70,3.095577608523707,3.0492730404820207,2.995732273553991,2.975529566236472,3.2108436531709366,3.100092288878234,2.9014215940827497,3.0252910757955354,3.0468609741865733,0.04996635144437704,3.0315261704827656,0.04942050172751709,3.0437173238473956,0.09660006772357634,3.2078645001448574,0.27192116239545133,49.5,57.0,3.4,18.0,307.0,810.0,-6.683583928612484,7.167266275867872,-0.7071067811865471,-0.7071067811865479,0.8660254037844387,-0.4999999999999998,0.28662755634478765,0,-0.5,-1.0
22.2,55.8,737.0,4.9,7.6,152.0,38.9,12.0,4.5,127.0,0.0,943.6,2026-05-20 16:00:00,72,3.1441522786722644,3.095577608523707,3.0492730404820207,2.995732273553991,3.077312260546414,2.990719731730447,2.9069010598473755,3.104586678466073,3.096334309225998,0.04744414512723432,3.0426661735037412,0.06641627233404458,3.05650336942588,0.09907019722869252,3.2177499675958945,0.26472139927734795,52.6,49.1,3.9,9.5,484.0,542.0,-2.7081676041842178,3.593859795212817,-0.8660254037844384,-0.5000000000000004,0.8660254037844387,-0.4999999999999998,0.5716640506676844,0,-0.3999999999999986,0.0
22.2,60.5,952.0,7.3,7.5,139.0,39.6,10.0,10.7,151.0,0.0,942.6,2026-05-20 17:00:00,72,3.1441522786722644,3.1441522786722644,3.095577608523707,3.0492730404820207,2.995732273553991,2.9231615807191558,3.086486636822455,2.9496883350525844,3.1279607219560788,0.028044598886053904,3.067402841023453,0.07277475992629441,3.074919260921973,0.09234151126496475,3.2201527026729697,0.26373806545938555,55.8,43.8,4.9,3.2,737.0,338.0,-9.358430866391533,5.187462936635807,-0.9659258262890683,-0.25881904510252063,0.8660254037844387,-0.4999999999999998,0.26873096398908247,0,0.30000000000000426,1.0
22.4,58.1,1093.0,17.4,8.1,121.0,37.4,12.0,7.3,253.0,0.0,942.6,2026-05-20 18:00:00,73,3.152736022363656,3.1441522786722644,3.1441522786722644,3.095577608523707,2.975529566236472,2.9338568698359038,3.100092288878234,2.995732273553991,3.147013526569395,0.004955826730879492,3.0969372503779837,0.06338484616007062,3.093159190299285,0.083099617999206,3.222346191568196,0.2629137465885724,60.5,43.1,7.3,1.6,952.0,260.0,-2.1343134444759806,-6.981024718530158,-1.0,-1.8369701987210297e-16,0.8660254037844387,-0.4999999999999998,0.37984771353778984,0,-0.20000000000000284,0.0
24.9,58.4,1197.0,31.8,9.1,95.0,32.1,28.0,22.8,301.0,0.1,943.4,2026-05-20 19:00:00,78,3.254242968705492,3.152736022363656,3.1441522786722644,3.1441522786722644,2.995732273553991,3.054001181677967,3.2733640101522705,3.288401887516811,3.183710423247138,0.06123357037251708,3.140022366236567,0.06848776831958032,3.109846005884912,0.09392175073941304,3.2215494815079135,0.26278136308024014,58.1,45.2,17.4,2.3,1093.0,246.0,11.742868107949235,-19.54341445600816,-0.9659258262890684,0.2588190451025203,0.8660254037844387,-0.4999999999999998,0.13673289784476855,0,-3.1000000000000014,12.0
30.3,63.6,1265.0,46.1,9.9,71.0,29.7,33.0,22.6,324.0,0.2,944.2,2026-05-20 20:00:00,89,3.4436180975461075,3.254242968705492,3.152736022363656,3.1441522786722644,3.0492730404820207,3.2228678461377385,3.456316680883235,3.4339872044851463,3.283532362871752,0.14763636704275243,3.2057465424139147,0.12764779354638808,3.128241860168943,0.13197907245303653,3.2210203738688663,0.26230045362906,58.4,49.5,31.8,3.4,1197.0,307.0,18.28378407287381,-13.2839467018099,-0.8660254037844386,0.5000000000000001,0.8660254037844387,-0.4999999999999998,0.14591602108246218,0,-3.8000000000000007,13.0
39.2,71.5,1322.0,62.0,10.8,47.0,30.7,28.0,14.8,344.0,0.1,945.0,2026-05-20 21:00:00,110,3.6938669956249757,3.4436180975461075,3.254242968705492,3.152736022363656,3.095577608523707,3.2108436531709366,3.5779478934066544,3.535145354171894,3.4639093539588584,0.22051331609753635,3.3054614402641267,0.22268175215544944,3.1684938053734464,0.2100366504296455,3.225850336461296,0.27010963410031585,63.6,52.6,46.1,3.9,1265.0,484.0,14.22667309988712,-4.079432866091585,-0.7071067811865477,0.7071067811865474,0.8660254037844387,-0.4999999999999998,0.2337890503560111,0,-0.6000000000000014,4.0
48.7,78.5,1344.0,77.8,11.7,25.0,29.9,32.0,12.6,336.0,0.0,944.8,2026-05-20 22:00:00,134,3.906004933102583,3.6938669956249757,3.4436180975461075,3.254242968705492,3.1441522786722644,3.077312260546414,3.708682081410116,3.6584202466292277,3.681163342091222,0.23145503566311243,3.4324368826691796,0.311714958591498,3.23755152808646,0.2959806966021943,3.2340721219484827,0.28786495680690605,71.5,55.8,62.0,4.9,1322.0,737.0,11.510672766296771,-5.124881702755082,-0.5000000000000004,0.8660254037844384,0.8660254037844387,-0.4999999999999998,0.2872062450810723,0,-0.10000000000000142,7.0
52.0,79.2,1260.0,83.7,11.7,14.0,31.2,27.0,10.7,347.0,0.0,944.5,2026-05-20 23:00:00,142,3.970291913552122,3.906004933102583,3.6938669956249757,3.4436180975461075,3.1441522786722644,2.995732273553991,3.8155121050473024,3.6838669122903918,3.856721280759894,0.1446524891038336,3.5701268218158226,0.3400764567974953,3.3187648314196383,0.35199883953096484,3.240521280636184,0.3028037314741517,78.5,60.5,77.8,7.3,1344.0,952.0,10.425759693202016,-2.406976281479359,-0.25881904510252157,0.9659258262890681,0.8660254037844387,-0.4999999999999998,0.33934118919248907,0,0.6999999999999993,-1.0
43.5,66.4,975.0,72.0,10.2,24.0,29.4,32.0,15.2,299.0,0.0,945.6,2026-05-21 00:00:00,121,3.7954891891721947,3.970291913552122,3.906004933102583,3.6938669956249757,3.152736022363656,2.975529566236472,3.708682081410116,3.6027767550605247,3.890595345275633,0.08841430687626087,3.677252349617246,0.277840899527929,3.3870947999976146,0.358831799553828,3.2441382434596036,0.30909216026231556,79.2,58.1,83.7,17.4,1260.0,1093.0,7.369106227744326,-13.294219548518813,0.0,1.0,0.8660254037844387,-0.4999999999999998,0.23428945612174043,0,-0.10000000000000142,3.0
34.3,53.0,584.0,50.4,7.9,46.0,25.9,52.0,20.8,342.0,0.6,944.6,2026-05-21 01:00:00,98,3.563882963939251,3.7954891891721947,3.970291913552122,3.906004933102583,3.254242968705492,2.995732273553991,3.4719664525503626,3.4657359027997265,3.776554688887856,0.20386501675648847,3.728859015489539,0.20194752820838285,3.434440690863053,0.33945848471631146,3.247968098100807,0.312587527071722,66.4,58.4,72.0,31.8,975.0,1197.0,19.781975538939193,-6.427553482998911,0.25881904510252074,0.9659258262890683,0.8660254037844387,-0.4999999999999998,0.16348086990547023,0,-3.700000000000003,23.0
26.9,45.5,298.0,32.8,6.0,62.0,24.9,56.0,8.6,352.0,0.1,945.4,2026-05-21 02:00:00,82,3.32862668882732,3.563882963939251,3.7954891891721947,3.970291913552122,3.4436180975461075,3.0492730404820207,3.258096538021482,3.269568939183719,3.5626662806462552,0.23343362824525543,3.7096937807030748,0.23686862073187215,3.4577201615584947,0.3196435472609635,3.2509068543843838,0.3130181325417061,53.0,63.6,50.4,46.1,584.0,1265.0,8.516305391177504,-1.1968886682565665,0.49999999999999994,0.8660254037844387,0.8660254037844387,-0.4999999999999998,0.34673194675284585,0,-4.400000000000002,28.0
22.0,33.3,183.0,24.4,4.8,63.0,24.1,66.0,8.4,23.0,0.0,946.3,2026-05-21 03:00:00,72,3.1354942159291497,3.32862668882732,3.563882963939251,3.7954891891721947,3.6938669956249757,3.095577608523707,3.100092288878234,3.044522437723423,3.342667956231907,0.2145392685457866,3.6166316507537704,0.3340733483274429,3.4610465455089483,0.31571585667513113,3.2523819346781715,0.3123592485221956,45.5,71.5,32.8,62.0,298.0,1322.0,7.7322407690005,3.2821414793099,0.7071067811865475,0.7071067811865476,0.8660254037844387,-0.4999999999999998,0.3335632144605478,0,-4.599999999999998,37.0
18.4,25.3,173.0,20.0,3.8,57.0,23.8,68.0,7.0,347.0,0.1,946.1,2026-05-21 04:00:00,64,2.9652730660692823,3.1354942159291497,3.32862668882732,3.563882963939251,3.906004933102583,3.1441522786722644,2.990719731730447,2.791165107812717,3.1431313236085843,0.1817971612900708,3.4598430062482204,0.3875719405073253,3.4461399444586998,0.3356329717821551,3.25132165694229,0.3133277431622507,33.3,78.5,24.4,77.8,183.0,1344.0,6.820590453496646,-1.5746573804070574,0.8660254037844386,0.5000000000000001,0.8660254037844387,-0.4999999999999998,0.3706591332586603,0,-4.800000000000001,38.0
21.6,41.1,284.0,9.7,4.5,84.0,24.8,54.0,9.2,35.0,0.1,946.0,2026-05-21 05:00:00,71,3.1179499062782403,2.9652730660692823,3.1354942159291497,3.32862668882732,3.970291913552122,3.1441522786722644,2.9231615807191558,2.714694743820879,3.0729057294255573,0.09362448059218033,3.3177860050359063,0.31186910735813145,3.4439564134258642,0.33785410331586324,3.2594378371739183,0.3069149696506099,25.3,79.2,20.0,83.7,173.0,1260.0,7.536198807458724,5.276903214429623,0.9659258262890683,0.25881904510252074,0.8660254037844387,-0.4999999999999998,0.3056813633606118,0,-3.599999999999998,20.0
19.5,36.7,639.0,14.9,4.4,81.0,24.7,57.0,2.9,292.0,0.0,946.2,2026-05-21 06:00:00,67,3.0204248861443626,3.1179499062782403,2.9652730660692823,3.1354942159291497,3.7954891891721947,3.152736022363656,2.9338568698359038,2.7343675094195836,3.034549286163962,0.07731221372450127,3.1886086211979343,0.22199739842841912,3.43293048540759,0.3501571247010576,3.263044837853437,0.30341092391507957,41.1,66.4,9.7,72.0,284.0,975.0,1.0863591209061447,-2.6888331782436836,1.0,6.123233995736766e-17,0.8660254037844387,-0.4999999999999998,0.7744679195241956,0,-4.199999999999999,26.0
22.8,57.5,1115.0,21.8,4.4,79.0,25.3,58.0,9.8,283.0,0.0,947.2,2026-05-21 07:00:00,74,3.169685580677429,3.0204248861443626,3.1179499062782403,2.9652730660692823,3.563882963939251,3.254242968705492,3.054001181677967,2.9231615807191558,3.1026867910333444,0.07579189104618979,3.122909057320964,0.12652499952641666,3.4258840364052516,0.35489857112942086,3.267865021145082,0.30085367106019706,36.7,53.0,14.9,50.4,639.0,584.0,2.2045203325698766,-9.548826634895306,0.9659258262890683,-0.25881904510252063,0.8660254037844387,-0.4999999999999998,0.29348940561828046,0,-5.0,27.0
25.6,62.9,1364.0,25.0,4.6,80.0,26.2,54.0,3.6,297.0,0.0,947.8,2026-05-21 08:00:00,79,3.2809112157876537,3.169685580677429,3.0204248861443626,3.1179499062782403,3.32862668882732,3.4436180975461075,3.2228678461377385,3.0633909220278057,3.1570072275364818,0.1307051546861608,3.1149564784810195,0.1116318544431771,3.412325129592047,0.35725970284328507,3.270283494880495,0.30070948735413794,57.5,45.5,21.8,32.8,1115.0,298.0,1.634365799062368,-3.207623487078125,0.8660254037844387,-0.4999999999999998,0.8660254037844387,-0.4999999999999998,0.71324156864949,0,-6.800000000000001,27.0
25.2,60.3,1161.0,20.7,5.3,90.0,27.1,48.0,5.5,279.0,0.0,947.9,2026-05-21 09:00:00,79,3.265759410767051,3.2809112157876537,3.169685580677429,3.0204248861443626,3.1354942159291497,3.6938669956249757,3.2108436531709366,3.169685580677429,3.2387854024107114,0.06031984185592831,3.136667344287337,0.12790614543041437,3.376649497520553,0.3478403665938226,3.272571651447,0.3004463505428138,62.9,33.3,25.0,24.4,1364.0,183.0,0.8603895577212687,-5.4322858732732575,0.7071067811865476,-0.7071067811865475,0.8660254037844387,-0.4999999999999998,0.5024245247333925,0,-8.799999999999997,28.0
23.2,62.9,731.0,12.7,6.2,104.0,30.9,35.0,3.9,283.0,0.0,948.3,2026-05-21 10:00:00,74,3.186352633162641,3.265759410767051,3.2809112157876537,3.169685580677429,2.9652730660692823,3.906004933102583,3.077312260546414,3.2068032436339315,3.2443410865724487,0.05078769383907633,3.173513938802896,0.09669178905646796,3.3166784725255583,0.3080377132002724,3.277115000306009,0.2981811749139112,60.3,25.3,20.7,20.0,1161.0,173.0,0.8773091119410732,-3.8000432526624173,0.49999999999999994,-0.8660254037844387,0.8660254037844387,-0.4999999999999998,0.6502760475842123,0,-6.600000000000001,17.0
22.4,64.7,404.0,6.4,6.8,116.0,33.1,27.0,6.2,78.0,0.0,948.7,2026-05-21 11:00:00,73,3.152736022363656,3.186352633162641,3.265759410767051,3.2809112157876537,3.1179499062782403,3.970291913552122,2.995732273553991,3.1612467120315646,3.2016160220977827,0.05803705594605313,3.179311624817132,0.09369011845134963,3.248548814926519,0.23114858543408104,3.2836568231730787,0.29342379954489456,62.9,41.1,12.7,9.7,731.0,284.0,1.2890524830701087,6.064515124549595,0.258819045102521,-0.9659258262890682,0.8660254037844387,-0.4999999999999998,0.4378800031060633,0,-6.0,15.0
23.7,82.4,319.0,4.0,6.6,122.0,33.8,26.0,1.1,270.0,0.0,948.3,2026-05-21 12:00:00,75,3.2068032436339315,3.152736022363656,3.186352633162641,3.265759410767051,3.0204248861443626,3.7954891891721947,2.975529566236472,3.0726933146901194,3.1819639663867427,0.027299476204218364,3.2103746843987273,0.05217375361773606,3.1994916527983306,0.15416815255947977,3.2932932263979726,0.2865824504635797,64.7,36.7,6.4,14.9,404.0,639.0,-2.0206672185931328e-16,-1.1,1.2246467991473532e-16,-1.0,0.8660254037844387,-0.4999999999999998,1.5270491636352055,0,-5.5,15.0
25.6,104.1,337.0,3.2,6.0,125.0,33.5,27.0,6.2,291.0,0.0,948.0,2026-05-21 13:00:00,79,3.2809112157876537,3.2068032436339315,3.152736022363656,3.186352633162641,3.169685580677429,3.563882963939251,2.995732273553991,2.9338568698359038,3.2134834939284143,0.06434818847735793,3.228912290250431,0.054531541234924125,3.1759106737856975,0.10813349436846205,3.305175682324375,0.27953382686587314,82.4,57.5,4.0,21.8,319.0,1115.0,2.2218812871808624,-5.788198644282651,-0.2588190451025208,-0.9659258262890683,0.8660254037844387,-0.4999999999999998,0.4556821133038408,0,-6.100000000000001,16.0
28.6,122.9,373.0,3.5,5.9,127.0,34.5,27.0,4.8,340.0,0.0,947.1,2026-05-21 14:00:00,86,3.3877743613300146,3.2809112157876537,3.2068032436339315,3.152736022363656,3.2809112157876537,3.32862668882732,3.0492730404820207,2.884800712846709,3.2918296069171995,0.09097826558407163,3.246722814507491,0.08425962932755224,3.1808396464942557,0.11673352803162763,3.319279904026375,0.2745559870304715,104.1,62.9,3.2,25.0,337.0,1364.0,4.51052457977236,-1.6416966879632093,-0.4999999999999997,-0.8660254037844388,0.8660254037844387,-0.4999999999999998,0.5840990278155198,0,-5.299999999999997,17.0
30.9,130.9,376.0,3.5,6.8,131.0,34.3,23.0,2.0,360.0,0.0,946.4,2026-05-21 15:00:00,91,3.462606009790799,3.3877743613300146,3.2809112157876537,3.2068032436339315,3.265759410767051,3.1354942159291497,3.095577608523707,2.9014215940827497,3.3770971956361557,0.09131676156326503,3.2795305810114495,0.12270573778173118,3.2080989626493928,0.14087812716190157,3.3345727540791708,0.27176152554280375,122.9,60.3,3.5,20.7,373.0,1161.0,2.0,-4.898587196589413e-16,-0.7071067811865471,-0.7071067811865479,0.8660254037844387,-0.4999999999999998,1.1542020032635996,0,-4.900000000000006,12.0
32.6,129.5,398.0,4.5,8.1,134.0,33.9,25.0,4.0,36.0,0.0,946.1,2026-05-21 16:00:00,94,3.5145260669691587,3.462606009790799,3.3877743613300146,3.2809112157876537,3.186352633162641,2.9652730660692823,3.1441522786722644,2.9069010598473755,3.4549688126966576,0.06372004241366702,3.3342261533125352,0.14413507907648307,3.2538700460577163,0.14400327115428976,3.350004995258208,0.2709931055870637,130.9,62.9,3.5,12.7,376.0,731.0,3.23606797749979,2.3511410091698925,-0.8660254037844384,-0.5000000000000004,0.8660254037844387,-0.4999999999999998,0.7029052133938317,0,-5.0,13.0
33.9,128.5,506.0,12.7,11.5,125.0,34.4,25.0,3.8,172.0,0.0,945.1,2026-05-21 17:00:00,97,3.5524868292083815,3.5145260669691587,3.462606009790799,3.3877743613300146,3.152736022363656,3.1179499062782403,3.1441522786722644,3.086486636822455,3.509872968656113,0.04512071495142427,3.4008512877866566,0.13560251387818956,3.2900814563018947,0.1604167490500368,3.36701893486388,0.27032454151275565,129.5,64.7,4.5,6.4,398.0,404.0,-3.7630186612179672,0.5288577836482482,-0.9659258262890683,-0.25881904510252063,0.8660254037844387,-0.4999999999999998,0.7401014227517462,0,-5.200000000000003,15.0
34.3,130.9,790.0,41.3,12.5,88.0,33.8,29.0,1.8,307.0,0.0,945.7,2026-05-21 18:00:00,98,3.563882963939251,3.5524868292083815,3.5145260669691587,3.462606009790799,3.2068032436339315,3.0204248861443626,3.152736022363656,3.100092288878234,3.5436319533722638,0.025842454202038668,3.4603645745042098,0.10919148782253701,3.3353696294514688,0.15395077234512408,3.3841500574295296,0.2691797604333081,128.5,82.4,12.7,4.0,506.0,319.0,1.0832670416736863,-1.4375439180851275,-1.0,-1.8369701987210297e-16,0.8660254037844387,-0.4999999999999998,1.2728153442640184,0,-3.6000000000000014,17.0
42.6,135.5,1161.0,79.8,13.8,38.0,31.1,39.0,11.7,328.0,0.0,945.8,2026-05-21 19:00:00,118,3.775057150354989,3.563882963939251,3.5524868292083815,3.5145260669691587,3.2809112157876537,3.169685580677429,3.254242968705492,3.2733640101522705,3.630475647834207,0.1253408398131947,3.5427222302654324,0.13095427723487207,3.385817260257932,0.1897471029685575,3.4058506483315916,0.2790635448070356,130.9,104.1,41.3,3.2,790.0,337.0,9.922162725030184,-6.200055391528498,-0.9659258262890684,0.2588190451025203,0.8660254037844387,-0.4999999999999998,0.2972485945161409,0,-1.0,11.0
56.7,152.7,1415.0,101.0,14.2,7.0,29.3,41.0,10.7,315.0,0.0,946.1,2026-05-21 20:00:00,152,4.055257173514054,3.775057150354989,3.563882963939251,3.5524868292083815,3.3877743613300146,3.2809112157876537,3.4436180975461075,3.456316680883235,3.7980657626027643,0.24649381460189454,3.653969365629439,0.22368405791812493,3.450346090068465,0.2668367690875531,3.431335609830256,0.30898666661492324,135.5,122.9,79.8,3.5,1161.0,373.0,7.566042558696056,-7.56604255869606,-0.8660254037844386,0.5000000000000001,0.8660254037844387,-0.4999999999999998,0.34660317722342343,0,-0.3999999999999986,8.0
42.0,110.1,1478.0,88.0,12.7,15.0,26.7,48.0,15.3,267.0,0.0,947.5,2026-05-21 21:00:00,117,3.7612001156935624,4.055257173514054,3.775057150354989,3.563882963939251,3.462606009790799,3.265759410767051,3.6938669956249757,3.5779478934066544,3.863838146520868,0.16591846574045577,3.703735049946566,0.20503246017241905,3.4916328154790075,0.2739149392583935,3.4341411564997806,0.3117672237035488,152.7,130.9,101.0,3.5,1415.0,376.0,-0.800740130517048,-15.27903188174498,-0.7071067811865477,0.7071067811865474,0.8660254037844387,-0.4999999999999998,0.23074847335543328,0,-4.0,20.0
34.0,79.4,1426.0,57.8,10.3,43.0,21.7,82.0,21.9,337.0,1.8,947.5,2026-05-21 22:00:00,97,3.5553480614894135,3.7612001156935624,4.055257173514054,3.775057150354989,3.5145260669691587,3.186352633162641,3.906004933102583,3.708682081410116,3.790601783565677,0.2512481315882049,3.710538715699942,0.1980567941372926,3.522382434506239,0.2566994187501718,3.4195304535158986,0.29653687999909445,110.1,129.5,88.0,4.5,1478.0,398.0,20.15905629060844,-8.557011713915097,-0.5000000000000004,0.8660254037844384,0.8660254037844387,-0.4999999999999998,0.15525537386416655,0,-8.2,50.0
37.8,90.6,1281.0,34.1,8.3,63.0,22.8,79.0,11.3,359.0,0.6,948.9,2026-05-21 23:00:00,107,3.6584202466292277,3.5553480614894135,3.7612001156935624,4.055257173514054,3.5524868292083815,3.152736022363656,3.970291913552122,3.8155121050473024,3.658322807937401,0.10292606169353784,3.728194285270083,0.1854713399387448,3.5645227865283697,0.2306903892367373,3.4065358007274447,0.2775797786580829,79.4,128.5,57.8,12.7,1426.0,506.0,11.298278955267222,-0.19721219274130425,-0.25881904510252157,0.9659258262890681,0.8660254037844387,-0.4999999999999998,0.29743254037635997,0,-8.399999999999999,52.0
36.0,68.2,982.0,26.9,7.3,65.0,23.4,76.0,3.1,80.0,0.0,949.1,2026-05-22 00:00:00,102,3.6109179126442243,3.6584202466292277,3.5553480614894135,3.7612001156935624,3.563882963939251,3.2068032436339315,3.7954891891721947,3.708682081410116,3.6082287402542885,0.05158868648727208,3.7360334433875786,0.17798028685908787,3.5981990089458944,0.2013542318292667,3.398845330872113,0.2687515533146318,90.6,130.9,34.1,41.3,1281.0,790.0,0.5383093507674843,3.052904034337845,0.0,1.0,0.8660254037844387,-0.4999999999999998,0.8807116860107865,0,-6.0,44.0
34.0,58.1,591.0,26.3,6.8,59.0,22.8,82.0,11.9,20.0,0.0,947.9,2026-05-22 01:00:00,97,3.5553480614894135,3.6109179126442243,3.6584202466292277,3.5553480614894135,3.775057150354989,3.2809112157876537,3.563882963939251,3.4719664525503626,3.6082287402542885,0.05158868648727208,3.6994152619099823,0.19050665226708804,3.621068746087708,0.1760338693956773,3.398489709936703,0.26852923001609963,68.2,135.5,26.9,79.8,982.0,1161.0,11.18234218735231,4.070039705575458,0.25881904510252074,0.9659258262890683,0.8660254037844387,-0.4999999999999998,0.27560837685964445,0,-3.099999999999998,30.0
33.5,79.9,318.0,25.8,6.3,54.0,24.2,63.0,14.2,21.0,0.0,946.9,2026-05-22 02:00:00,96,3.5409593240373143,3.5553480614894135,3.6109179126442243,3.6584202466292277,4.055257173514054,3.3877743613300146,3.32862668882732,3.258096538021482,3.5690750993903175,0.036944210738872746,3.613698953663859,0.08469359832604276,3.6338341596466486,0.1626214050152198,3.4073369030704526,0.269623004999255,58.1,152.7,26.3,101.0,591.0,1415.0,13.256842056260265,5.088824883543263,0.49999999999999994,0.8660254037844387,0.8660254037844387,-0.4999999999999998,0.2329578502656128,0,-0.6999999999999993,7.0
31.0,67.5,268.0,23.0,5.6,50.0,24.6,57.0,1.2,219.0,0.0,946.5,2026-05-22 03:00:00,91,3.4657359027997265,3.5409593240373143,3.5553480614894135,3.6109179126442243,3.7612001156935624,3.462606009790799,3.1354942159291497,3.100092288878234,3.5206810961088184,0.04812473004804552,3.5644549181815535,0.06550060980552497,3.6340949840640597,0.16232404833871422,3.4210969733567267,0.26350388486249554,79.9,110.1,25.8,88.0,318.0,1478.0,-0.9325751537483649,-0.7551844692598051,0.7071067811865475,0.7071067811865476,0.8660254037844387,-0.4999999999999998,1.5753345012726028,0,0.5,-9.0
27.6,57.0,335.0,20.3,4.9,47.0,22.7,72.0,11.5,245.0,0.0,946.6,2026-05-22 04:00:00,84,3.353406717825807,3.4657359027997265,3.5409593240373143,3.5553480614894135,3.5553480614894135,3.5145260669691587,2.9652730660692823,2.990719731730447,3.453367314887616,0.0943860768301531,3.530798027570952,0.10873209254458585,3.6206683716354466,0.17892760170543656,3.4372692088465815,0.24561532190794794,67.5,79.4,23.0,57.8,268.0,1426.0,-4.86011001001804,-10.422539550921476,0.8660254037844386,0.5000000000000001,0.8660254037844387,-0.4999999999999998,0.26827253742606455,0,-1.1000000000000014,4.0
19.3,49.5,420.0,14.6,3.8,59.0,24.2,63.0,3.7,215.0,0.0,947.1,2026-05-22 05:00:00,66,3.0106208860477417,3.353406717825807,3.4657359027997265,3.5409593240373143,3.6584202466292277,3.5524868292083815,3.1179499062782403,2.9231615807191558,3.2765878355577587,0.23708284442990443,3.422831467474038,0.2206669431140768,3.5755128763720605,0.25139735662294055,3.4327971663369774,0.2525610025837132,57.0,90.6,20.3,34.1,335.0,1281.0,-3.03086256386927,-2.122232814498871,0.9659258262890683,0.25881904510252074,0.8660254037844387,-0.4999999999999998,0.6405576353293068,0,-0.6000000000000014,9.0
18.1,40.2,514.0,15.8,4.4,65.0,23.6,66.0,8.1,288.0,0.0,947.3,2026-05-22 06:00:00,64,2.9496883350525844,3.0106208860477417,3.353406717825807,3.4657359027997265,3.6109179126442243,3.563882963939251,3.0204248861443626,2.9338568698359038,3.1045719796420443,0.21764015975442164,3.312626537875431,0.26798755671500063,3.524329990631505,0.30973475283169044,3.429849810041487,0.2579380731354122,49.5,68.2,14.6,26.9,420.0,982.0,2.5030376544370725,-7.703557781990744,1.0,6.123233995736766e-17,0.8660254037844387,-0.4999999999999998,0.3241415752805038,0,-1.0999999999999979,9.0
19.2,49.6,624.0,17.4,5.3,75.0,25.4,58.0,7.7,291.0,0.0,948.2,2026-05-22 07:00:00,66,3.005682604407159,2.9496883350525844,3.0106208860477417,3.353406717825807,3.5553480614894135,3.775057150354989,3.169685580677429,3.054001181677967,2.9886639418358283,0.03384405560037239,3.2210156283617226,0.26230979416952194,3.460215445135852,0.33194943365104784,3.423016352696892,0.26713852658897247,40.2,58.1,15.8,26.3,514.0,591.0,2.759433211498813,-7.188569284028453,0.9659258262890683,-0.25881904510252063,0.8660254037844387,-0.4999999999999998,0.34548075912725973,0,0.09999999999999787,0.0
21.3,72.9,673.0,17.2,6.3,87.0,27.6,46.0,5.8,300.0,0.0,949.0,2026-05-22 08:00:00,70,3.104586678466073,3.005682604407159,2.9496883350525844,3.0106208860477417,3.5409593240373143,4.055257173514054,3.2809112157876537,3.2228678461377385,3.0199858726419393,0.0784334865329026,3.1482868540998488,0.21141760802909662,3.380992903881854,0.28749344975504487,3.415669496975159,0.27356399628715555,49.6,79.9,17.4,25.8,624.0,318.0,2.9000000000000004,-5.0229473419497435,0.8660254037844387,-0.4999999999999998,0.8660254037844387,-0.4999999999999998,0.45655686448030486,0,1.4000000000000021,-8.0
21.6,79.4,604.0,13.6,7.7,103.0,29.8,38.0,7.4,293.0,0.0,949.5,2026-05-22 09:00:00,71,3.1179499062782403,3.104586678466073,3.005682604407159,2.9496883350525844,3.4657359027997265,3.7612001156935624,3.265759410767051,3.2108436531709366,3.0760730630504907,0.06132500685204426,3.0903225213462675,0.1438570634880254,3.3273887197639103,0.269567079219437,3.409510767621459,0.27870122567939576,72.9,67.5,17.2,23.0,673.0,268.0,2.891410350820624,-6.81173591554806,0.7071067811865476,-0.7071067811865475,0.8660254037844387,-0.4999999999999998,0.37118451265217145,0,2.6999999999999993,-10.0
22.3,82.2,474.0,8.4,9.2,122.0,31.6,34.0,8.0,293.0,0.0,949.9,2026-05-22 10:00:00,72,3.1484533605716547,3.1179499062782403,3.104586678466073,3.005682604407159,3.353406717825807,3.5553480614894135,3.186352633162641,3.077312260546414,3.1236633151053224,0.022484522010854685,3.0561636284705753,0.07828051332712763,3.2934808280207637,0.2638157022013042,3.4079316312635015,0.2801243630783113,79.4,57.0,13.6,20.3,604.0,335.0,3.125849027914188,-7.364038827619524,0.49999999999999994,-0.8660254037844387,0.8660254037844387,-0.4999999999999998,0.3498281511746283,0,0.7000000000000028,-1.0
23.6,82.0,375.0,4.4,10.0,136.0,33.3,24.0,3.7,191.0,0.0,950.2,2026-05-22 11:00:00,75,3.202746442938317,3.1484533605716547,3.1179499062782403,3.104586678466073,3.0106208860477417,3.6584202466292277,3.152736022363656,2.995732273553991,3.1563832365960707,0.042950848160513866,3.088184554619005,0.09370115866441198,3.2555080110465213,0.23804787590317264,3.4100153987874458,0.27832371712174564,82.2,49.5,8.4,14.6,474.0,420.0,-3.632020578756357,-0.7059932828932155,0.258819045102521,-0.9659258262890682,0.8660254037844387,-0.4999999999999998,0.6814354133911312,0,0.19999999999999574,-3.0
24.8,83.4,341.0,3.0,9.5,143.0,34.3,24.0,5.4,174.0,0.0,949.8,2026-05-22 12:00:00,78,3.250374491927572,3.202746442938317,3.1484533605716547,3.1179499062782403,2.9496883350525844,3.6109179126442243,3.2068032436339315,2.975529566236472,3.200524765145848,0.05099687385886949,3.138298914098169,0.08480001703914102,3.2254627259868,0.21024060425555577,3.4118308674663473,0.2770798850191384,82.0,40.2,4.4,15.8,375.0,514.0,-5.370418234988676,0.5644537016453302,1.2246467991473532e-16,-1.0,0.8660254037844387,-0.4999999999999998,0.5078710143636831,0,0.5,-2.0
27.2,91.0,338.0,2.9,8.3,146.0,35.0,22.0,7.6,208.0,0.0,949.5,2026-05-22 13:00:00,83,3.339321977944068,3.250374491927572,3.202746442938317,3.1484533605716547,3.005682604407159,3.5553480614894135,3.2809112157876537,2.995732273553991,3.264147637603319,0.06932166938902087,3.1939054763543204,0.08969488553472972,3.2074605523580213,0.18743796163177504,3.4142646492228645,0.27613484942244515,83.4,49.6,3.0,17.4,341.0,624.0,-6.710401705727844,-3.5679838771727703,-0.2588190451025208,-0.9659258262890683,0.8660254037844387,-0.4999999999999998,0.38829325324931024,0,1.5,-5.0
28.4,94.1,358.0,3.4,7.4,147.0,34.9,22.0,2.3,247.0,0.0,948.7,2026-05-22 14:00:00,85,3.380994674344636,3.339321977944068,3.250374491927572,3.202746442938317,3.104586678466073,3.5409593240373143,3.3877743613300146,3.0492730404820207,3.3235637147387584,0.06672068763211852,3.2399734756674152,0.10441917394773147,3.194130164883632,0.16602933861407057,3.4139821622651407,0.27616659332732,91.0,72.9,2.9,17.2,338.0,673.0,-0.8986815955253298,-2.1171611629406124,-0.4999999999999997,-0.8660254037844388,0.8660254037844387,-0.4999999999999998,1.0245438407104959,0,0.3999999999999986,-5.0
30.2,100.8,396.0,4.2,7.4,146.0,35.2,22.0,0.6,326.0,0.0,948.1,2026-05-22 15:00:00,89,3.4404180948154366,3.380994674344636,3.339321977944068,3.250374491927572,3.1179499062782403,3.4657359027997265,3.462606009790799,3.095577608523707,3.3869115823680467,0.050807121174455336,3.293718173756947,0.11178028257447326,3.192020347551608,0.1623850098595467,3.4130576658078335,0.27603384910134665,94.1,79.4,3.4,13.6,358.0,604.0,0.49742254353302506,-0.33551574208244794,-0.7071067811865471,-0.7071067811865479,0.8660254037844387,-0.4999999999999998,2.1502613092596476,0,0.9000000000000057,-1.0
31.4,106.6,457.0,5.7,7.8,143.0,35.0,22.0,3.1,298.0,0.0,947.5,2026-05-22 16:00:00,92,3.4781584227982836,3.4404180948154366,3.380994674344636,3.339321977944068,3.1484533605716547,3.353406717825807,3.5145260669691587,3.1441522786722644,3.4331903973194517,0.04898344834443033,3.348669017461386,0.10702609591668902,3.2024163229659806,0.17699263663053946,3.411542347300714,0.2755520102492636,100.8,82.2,4.2,8.4,396.0,474.0,1.4553618446362604,-2.737137537862674,-0.8660254037844384,-0.5000000000000004,0.8660254037844387,-0.4999999999999998,0.8483313226337278,0,1.1000000000000014,-3.0
27.4,91.3,546.0,7.2,7.3,139.0,35.3,17.0,9.6,274.0,0.0,947.2,2026-05-22 17:00:00,83,3.3463891451671604,3.4781584227982836,3.4404180948154366,3.380994674344636,3.202746442938317,3.0106208860477417,3.5524868292083815,3.1441522786722644,3.42165522092696,0.0678588218971829,3.3726094678328598,0.08067943370419224,3.230397011225932,0.17033069027886957,3.402954943798996,0.2741766081814897,106.6,82.0,5.7,4.4,457.0,375.0,0.6696621479436021,-9.576614882494313,-0.9659258262890683,-0.25881904510252063,0.8660254037844387,-0.4999999999999998,0.31569708916671324,0,0.8999999999999986,-8.0
29.0,94.3,687.0,38.0,9.2,101.0,33.8,19.0,10.3,301.0,0.0,947.1,2026-05-22 18:00:00,87,3.4011973816621555,3.3463891451671604,3.4781584227982836,3.4404180948154366,3.250374491927572,2.9496883350525844,3.563882963939251,3.152736022363656,3.4085816498758668,0.06619426859363592,3.3977466161219567,0.05409339562653328,3.2680227651100626,0.15151508234484112,3.3961763778707836,0.2720275859822987,91.3,83.4,7.2,3.0,546.0,341.0,5.304892171573558,-8.828823197231758,-1.0,-1.8369701987210297e-16,0.8660254037844387,-0.4999999999999998,0.3009909187311642,0,0.0,-10.0
41.1,100.1,855.0,80.1,11.8,49.0,30.7,31.0,11.0,346.0,0.0,947.4,2026-05-22 19:00:00,115,3.7400477406883357,3.4011973816621555,3.3463891451671604,3.4781584227982836,3.339321977944068,3.005682604407159,3.775057150354989,3.254242968705492,3.49587808917255,0.2132254669075166,3.4645342432460016,0.142564775427925,3.3292198598001614,0.1813006610897888,3.3947176524680067,0.269993798528279,94.3,91.0,38.0,2.9,687.0,338.0,10.67325298903596,-2.6611408515963464,-0.9659258262890684,0.2588190451025203,0.8660254037844387,-0.4999999999999998,0.3116706450573613,0,-0.40000000000000213,-8.0
55.4,115.0,984.0,108.7,13.2,11.0,29.1,36.0,10.3,1.0,0.0,947.4,2026-05-22 20:00:00,150,4.032469158504013,3.7400477406883357,3.4011973816621555,3.3463891451671604,3.380994674344636,3.104586678466073,4.055257173514054,3.4436180975461075,3.7245714269515013,0.31592032425032596,3.5731133239392308,0.2632330844616061,3.4065433998033234,0.2583024264721273,3.3937681518425884,0.2675993002166968,100.1,94.1,80.1,3.4,855.0,358.0,10.298431260110831,0.17975978630402017,-0.8660254037844386,0.5000000000000001,0.8660254037844387,-0.4999999999999998,0.35685567774371796,0,-0.1999999999999993,-5.0
60.3,109.4,1069.0,112.4,12.6,0.0,27.9,39.0,6.9,6.0,0.0,947.6,2026-05-22 21:00:00,153,4.115779842942166,4.032469158504013,3.7400477406883357,3.4011973816621555,3.4404180948154366,3.1179499062782403,3.7612001156935624,3.6938669956249757,3.9627655807115048,0.19732611265068262,3.6856736152936858,0.33085292673682265,3.4896958945253167,0.3119847982841769,3.408542307144613,0.29694618777807863,115.0,100.8,108.7,4.2,984.0,396.0,6.862201078041086,0.721246396546809,-0.7071067811865477,0.7071067811865474,0.8660254037844387,-0.4999999999999998,0.5209847902458438,0,1.1999999999999993,-9.0
50.8,84.3,1115.0,102.5,10.8,2.0,26.4,46.0,5.7,24.0,0.0,947.7,2026-05-22 22:00:00,139,3.9473901492654373,4.115779842942166,4.032469158504013,3.7400477406883357,3.4781584227982836,3.1484533605716547,3.5553480614894135,3.906004933102583,4.031879716903872,0.0841963943122735,3.7638789030382114,0.3274308728578196,3.5562739602497984,0.3177371062801675,3.4248773941352812,0.315572144984187,109.4,106.6,112.4,5.7,1069.0,457.0,5.207209108562825,2.3183988655320613,-0.5000000000000004,0.8660254037844384,0.8660254037844387,-0.4999999999999998,0.5891627088455876,0,4.699999999999999,-36.0
44.7,72.4,1068.0,88.4,9.0,10.0,27.3,44.0,4.9,360.0,0.0,947.4,2026-05-22 23:00:00,124,3.822098297900159,3.9473901492654373,4.115779842942166,4.032469158504013,3.3463891451671604,3.202746442938317,3.6584202466292277,3.970291913552122,3.961756096702588,0.14736688165558914,3.8431637618270442,0.2559023835426477,3.6078866148299515,0.3051437865867272,3.4316973129382364,0.32253067405762126,84.3,91.3,102.5,7.2,1115.0,546.0,4.9,-1.2001538631644061e-15,-0.25881904510252157,0.9659258262890681,0.8660254037844387,-0.4999999999999998,0.6478132708305354,0,4.5,-35.0
38.5,63.3,847.0,70.3,7.5,22.0,26.6,46.0,4.4,21.0,0.0,947.3,2026-05-23 00:00:00,108,3.676300671907076,3.822098297900159,3.9473901492654373,4.115779842942166,3.4011973816621555,3.250374491927572,3.6109179126442243,3.7954891891721947,3.815263039690891,0.1356739354102327,3.8890143102011976,0.17165402551549086,3.643380463161577,0.2838033636433812,3.434421594574188,0.3243811150949074,72.4,94.3,88.4,38.0,1068.0,687.0,4.107753876587688,1.5768189779993214,0.0,1.0,0.8660254037844387,-0.4999999999999998,0.6807964207235325,1,3.200000000000003,-30.0
32.1,55.2,533.0,48.0,5.9,40.0,26.5,45.0,4.3,17.0,0.0,947.3,2026-05-23 01:00:00,93,3.4995332823830174,3.676300671907076,3.822098297900159,3.9473901492654373,3.7400477406883357,3.339321977944068,3.5553480614894135,3.563882963939251,3.665977417396751,0.16153010399507356,3.8489285671503115,0.23116606749286914,3.6567314051981565,0.27170995874850773,3.4320959787780887,0.32367576354524424,63.3,100.1,70.3,80.1,847.0,855.0,4.112110450641052,1.257198330307768,0.25881904510252074,0.9659258262890683,0.8660254037844387,-0.4999999999999998,0.6602892985628335,1,3.6999999999999993,-37.0
26.5,48.2,320.0,29.6,4.7,56.0,26.0,45.0,2.8,45.0,0.0,946.8,2026-05-23 02:00:00,81,3.3141860046725258,3.4995332823830174,3.676300671907076,3.822098297900159,4.032469158504013,3.380994674344636,3.5409593240373143,3.32862668882732,3.4966733196542066,0.1810742737020003,3.729214708178397,0.294435991370533,3.651164016058814,0.2784737584065565,3.4226470904712225,0.3236696367365301,55.2,115.0,48.0,108.7,533.0,984.0,1.9798989873223332,1.9798989873223327,0.49999999999999994,0.8660254037844387,0.8660254037844387,-0.4999999999999998,0.8721542117559279,1,1.8000000000000007,-18.0
22.4,42.3,304.0,18.1,3.9,69.0,25.9,42.0,4.3,45.0,0.0,946.8,2026-05-23 03:00:00,73,3.152736022363656,3.3141860046725258,3.4995332823830174,3.676300671907076,4.115779842942166,3.4404180948154366,3.4657359027997265,3.1354942159291497,3.3221517698064,0.17353580307781472,3.568707404748645,0.3039020467617015,3.6271905100211654,0.3089783530236413,3.4096054287863864,0.32813306397740966,48.2,109.4,29.6,112.4,320.0,1069.0,3.0405591591021546,3.040559159102154,0.7071067811865475,0.7071067811865476,0.8660254037844387,-0.4999999999999998,0.5948558532761615,1,1.2999999999999972,-15.0
19.2,40.7,389.0,10.6,3.5,79.0,25.6,40.0,10.4,42.0,0.0,947.2,2026-05-23 04:00:00,66,3.005682604407159,3.152736022363656,3.3141860046725258,3.4995332823830174,3.9473901492654373,3.4781584227982836,3.353406717825807,2.9652730660692823,3.1575348771477807,0.15430767560058153,3.4117561472722655,0.31227436385142243,3.587817525155238,0.35619231009524915,3.395116924060609,0.3382433795110308,42.3,84.3,18.1,102.5,304.0,1115.0,7.7287061849649,6.958958306132126,0.8660254037844386,0.5000000000000001,0.8660254037844387,-0.4999999999999998,0.26365636880764554,1,2.900000000000002,-32.0
16.4,34.7,482.0,7.3,3.5,83.0,24.4,48.0,3.8,25.0,0.0,947.4,2026-05-23 05:00:00,60,2.856470206220483,3.005682604407159,3.152736022363656,3.3141860046725258,3.822098297900159,3.3463891451671604,3.0106208860477417,3.1179499062782403,3.0049629443304333,0.14813421916193478,3.2508181319923195,0.3072887628171258,3.546990946909682,0.41034155438824743,3.388693979067807,0.34720689290550677,40.7,72.4,10.6,88.4,389.0,1068.0,3.4439695907392696,1.605949394614658,0.9659258262890683,0.25881904510252074,0.8660254037844387,-0.4999999999999998,0.5950979596292674,1,0.1999999999999993,-15.0
15.9,29.2,572.0,10.6,3.5,84.0,24.4,49.0,7.0,69.0,0.0,948.0,2026-05-23 06:00:00,59,2.827313621929028,2.856470206220483,3.005682604407159,3.152736022363656,3.676300671907076,3.4011973816621555,2.9496883350525844,3.0204248861443626,2.8964888108522238,0.09568171201998896,3.1093202903293116,0.26469709551420995,3.499167300265255,0.45938858359569695,3.3835950326876585,0.35475088484546624,34.7,63.3,7.3,70.3,482.0,847.0,2.5085756468171025,6.535062985480412,1.0,6.123233995736766e-17,0.8660254037844387,-0.4999999999999998,0.3534142027411285,1,0.7999999999999972,-17.0
17.5,35.9,669.0,14.9,3.7,86.0,26.5,39.0,6.9,83.0,0.0,948.2,2026-05-23 07:00:00,62,2.917770732084279,2.827313621929028,2.856470206220483,3.005682604407159,3.4995332823830174,3.7400477406883357,3.005682604407159,3.169685580677429,2.8671848534112634,0.046170606913147984,3.0123598652795223,0.1888596684364548,3.4306442162149167,0.48100937473945266,3.3799320380075386,0.35924805719312947,29.2,55.2,10.6,48.0,572.0,533.0,0.8408984694955177,6.848568446325122,0.9659258262890683,-0.25881904510252063,0.8660254037844387,-0.4999999999999998,0.36933806735244035,1,1.1000000000000014,-19.0
19.8,45.1,709.0,16.7,4.3,93.0,28.9,33.0,6.7,146.0,0.0,949.1,2026-05-23 08:00:00,67,3.0349529867072724,2.917770732084279,2.827313621929028,2.856470206220483,3.3141860046725258,4.032469158504013,3.104586678466073,3.2809112157876537,2.926679113573527,0.10410593593522001,2.96582102895198,0.12227520010555748,3.347517868565188,0.4529226922118395,3.377030634184256,0.36184036085396826,35.9,48.2,14.9,29.6,669.0,320.0,-5.554551736118779,3.7465924532540043,0.8660254037844387,-0.4999999999999998,0.8660254037844387,-0.4999999999999998,0.394149738533412,1,1.2999999999999972,-13.0
21.7,57.7,643.0,13.6,5.9,110.0,30.8,30.0,3.3,151.0,0.0,950.2,2026-05-23 09:00:00,71,3.122364924487357,3.0349529867072724,2.917770732084279,2.827313621929028,3.152736022363656,4.115779842942166,3.1179499062782403,3.265759410767051,3.0250295477596367,0.1026574491777336,2.96075917930593,0.11328827418628942,3.264733292027288,0.385505166800326,3.3772145932763027,0.36170401441604894,45.1,42.3,16.7,18.1,709.0,304.0,-2.8862450335600056,1.5998717468129127,0.7071067811865476,-0.7071067811865475,0.8660254037844387,-0.4999999999999998,0.7261313777877575,1,1.0,-8.0
22.6,66.4,519.0,7.9,8.0,132.0,32.9,23.0,0.7,14.0,0.0,950.2,2026-05-23 10:00:00,73,3.1612467120315646,3.122364924487357,3.0349529867072724,2.917770732084279,3.005682604407159,3.9473901492654373,3.1484533605716547,3.186352633162641,3.106188207742065,0.06468223007570469,2.986686530576664,0.14022477436789155,3.199221338924465,0.32021922397575847,3.3777476495871315,0.3613614875410844,57.7,40.7,13.6,10.6,643.0,389.0,0.6792070083931975,0.1693453269197674,0.49999999999999994,-0.8660254037844387,0.8660254037844387,-0.4999999999999998,1.8595568894303323,1,1.2999999999999972,-11.0
25.7,76.1,420.0,3.7,9.4,149.0,34.4,19.0,5.4,132.0,0.0,950.1,2026-05-23 11:00:00,80,3.2846635654062037,3.1612467120315646,3.122364924487357,3.0349529867072724,2.856470206220483,3.822098297900159,3.202746442938317,3.152736022363656,3.1894250673083753,0.08473917034410458,3.0580520904409507,0.16708722277968718,3.1544351112166353,0.2564085623261483,3.3811608630232937,0.36002104354969267,66.4,34.7,7.9,7.3,519.0,482.0,-3.6133052743378347,4.012982057577929,0.258819045102521,-0.9659258262890682,0.8660254037844387,-0.4999999999999998,0.5132286820947193,1,1.1000000000000014,-5.0
26.4,77.8,378.0,2.5,9.5,157.0,35.5,18.0,2.4,138.0,0.0,949.8,2026-05-23 12:00:00,81,3.3105430133940246,3.2846635654062037,3.1612467120315646,3.122364924487357,2.827313621929028,3.676300671907076,3.250374491927572,3.2068032436339315,3.252151096943931,0.07978183912559102,3.1385903223517837,0.14911987433449286,3.123955306340548,0.20539909064148762,3.3836678847510626,0.35927943910720095,76.1,29.2,3.7,10.6,420.0,572.0,-1.7835475811457455,1.60591345526126,1.2246467991473532e-16,-1.0,0.8660254037844387,-0.4999999999999998,0.9736891215864778,1,1.2000000000000028,-6.0
26.1,74.5,361.0,2.7,8.8,161.0,35.6,19.0,5.0,235.0,0.0,949.3,2026-05-23 13:00:00,80,3.299533727885655,3.3105430133940246,3.2846635654062037,3.1612467120315646,2.917770732084279,3.4995332823830174,3.339321977944068,3.2809112157876537,3.298246768895295,0.012987634681576175,3.2022174883186794,0.11316772989923764,3.107288676799101,0.17850701497310775,3.382010040998629,0.3595846328146572,77.8,35.9,2.5,14.9,378.0,669.0,-2.867882181755232,-4.095760221444958,-0.2588190451025208,-0.9659258262890683,0.8660254037844387,-0.4999999999999998,0.5499222879809426,1,0.6000000000000014,-3.0
25.8,71.7,355.0,3.4,8.1,161.0,32.7,28.0,15.8,348.0,0.0,949.5,2026-05-23 14:00:00,80,3.288401887516811,3.299533727885655,3.3105430133940246,3.2846635654062037,3.0349529867072724,3.3141860046725258,3.380994674344636,3.3877743613300146,3.299492876265497,0.01107061946867251,3.2444589717869357,0.08096783937462003,3.105140000369458,0.175926737704086,3.3781520082141356,0.36009236236784276,74.5,45.1,2.7,16.7,361.0,709.0,15.45473209159413,-3.285004714920606,-0.4999999999999997,-0.8660254037844388,0.8660254037844387,-0.4999999999999998,0.19573820759028637,1,-2.1999999999999957,6.0
25.7,69.8,323.0,3.0,7.3,160.0,33.4,24.0,11.2,37.0,0.0,948.9,2026-05-23 15:00:00,80,3.2846635654062037,3.288401887516811,3.299533727885655,3.3105430133940246,3.122364924487357,3.152736022363656,3.4404180948154366,3.462606009790799,3.29086639360289,0.007735358797683235,3.2715087452734104,0.05495137223591981,3.1161339622896698,0.18314557303378753,3.371662236155418,0.36032484914883883,71.7,57.7,3.4,13.6,355.0,643.0,8.944717712529679,6.74032825930294,-0.7071067811865471,-0.7071067811865479,0.8660254037844387,-0.4999999999999998,0.26923471847591834,1,-1.8000000000000043,2.0
23.9,63.8,302.0,3.1,6.4,155.0,33.9,24.0,4.3,62.0,0.0,948.5,2026-05-23 16:00:00,76,3.214867803470662,3.2846635654062037,3.288401887516811,3.299533727885655,3.1612467120315646,3.005682604407159,3.4781584227982836,3.5145260669691587,3.2626444187978927,0.04141796098489874,3.2804455938465935,0.03367356022819593,3.1335660622116293,0.181625899681088,3.3606917936834333,0.3609490251125909,69.8,66.4,3.0,7.9,323.0,519.0,2.0187277199793305,3.7966746492933856,-0.8660254037844384,-0.5000000000000004,0.8660254037844387,-0.4999999999999998,0.6065788308435212,1,-1.1000000000000014,2.0
14.0,34.2,387.0,6.8,5.5,142.0,35.5,18.0,5.8,292.0,0.0,947.6,2026-05-23 17:00:00,55,2.70805020110221,3.214867803470662,3.2846635654062037,3.288401887516811,3.2846635654062037,2.856470206220483,3.3463891451671604,3.5524868292083815,3.0691938566596924,0.314700519634315,3.184343366462594,0.23574325398370638,3.1211977284517727,0.2056726366810956,3.334094337680727,0.38478084453680905,63.8,76.1,3.1,3.7,302.0,420.0,2.1727182418122895,-5.377666356487367,-0.9659258262890683,-0.25881904510252063,0.8660254037844387,-0.4999999999999998,0.398242676632678,1,0.20000000000000284,1.0
13.6,30.9,682.0,17.9,5.8,120.0,34.1,21.0,7.8,334.0,0.0,947.5,2026-05-23 18:00:00,54,2.681021528714291,2.70805020110221,3.214867803470662,3.2846635654062037,3.3105430133940246,2.827313621929028,3.4011973816621555,3.563882963939251,2.8679798444290547,0.30071760736412456,3.0794231190159724,0.2997436840092808,3.109006720683878,0.22781917450165895,3.3040870104745665,0.4067733897633988,34.2,77.8,6.8,2.5,387.0,378.0,7.010593561133501,-3.4192949449548067,-1.0,-1.8369701987210297e-16,0.8660254037844387,-0.4999999999999998,0.30466153735389667,1,0.30000000000000426,2.0
16.5,29.8,1084.0,33.4,6.1,89.0,31.8,30.0,8.2,8.0,0.0,947.2,2026-05-23 19:00:00,60,2.8622008809294686,2.681021528714291,2.70805020110221,3.214867803470662,3.299533727885655,2.917770732084279,3.7400477406883357,3.775057150354989,2.7504242035819897,0.09774025006053821,3.006534311189941,0.28847583304734636,3.10437589975431,0.23257489979246437,3.2675100579846137,0.4053328323502051,30.9,74.5,17.9,2.7,682.0,361.0,8.120198163680877,1.1412194278725365,-0.9659258262890684,0.2588190451025203,0.8660254037844387,-0.4999999999999998,0.31110879140537706,1,1.1000000000000014,-1.0
21.9,34.2,1372.0,46.0,6.3,62.0,29.9,38.0,9.2,3.0,0.0,947.1,2026-05-23 20:00:00,72,3.131136910560194,2.8622008809294686,2.681021528714291,2.70805020110221,3.288401887516811,3.0349529867072724,4.032469158504013,4.055257173514054,2.8914531067346516,0.2264789919164475,2.9803234816971713,0.26383554080185906,3.1123912267420533,0.23162029848851443,3.229954547653621,0.3717387717602353,29.8,71.7,33.4,3.4,1084.0,355.0,9.18739171974208,0.4814907974350832,-0.8660254037844386,0.5000000000000001,0.8660254037844387,-0.4999999999999998,0.3069742069176661,1,0.7999999999999972,2.0
23.7,34.7,1476.0,53.2,6.3,45.0,28.7,37.0,9.5,29.0,0.0,947.5,2026-05-23 21:00:00,75,3.2068032436339315,3.131136910560194,2.8622008809294686,2.681021528714291,3.2846635654062037,3.122364924487357,4.115779842942166,3.7612001156935624,3.0667136783745317,0.1811089774950758,2.9673467614017928,0.24726738052084857,3.1194277533376016,0.23322786189388284,3.192080522682445,0.32031142173570043,34.2,69.8,46.0,3.0,1372.0,323.0,8.30888721782426,4.605691392340202,-0.7071067811865477,0.7071067811865474,0.8660254037844387,-0.4999999999999998,0.3054098327270411,1,0.8000000000000007,-2.0
24.9,34.5,1466.0,57.5,6.1,32.0,27.1,40.0,8.0,14.0,0.0,947.6,2026-05-23 22:00:00,78,3.254242968705492,3.2068032436339315,3.131136910560194,2.8622008809294686,3.214867803470662,3.1612467120315646,3.9473901492654373,3.5553480614894135,3.1973943742998734,0.062090019364056316,2.973909288940931,0.2555347938110923,3.127177441393762,0.23626895618194083,3.163199390159113,0.2776562639289541,34.7,63.8,53.2,3.1,1476.0,302.0,7.762365810207972,1.9353751647973418,-0.5000000000000004,0.8660254037844384,0.8660254037844387,-0.4999999999999998,0.36158255207838796,1,0.7000000000000028,-6.0
26.0,33.8,1340.0,58.8,5.8,24.0,28.3,45.0,5.4,6.0,0.0,947.5,2026-05-23 23:00:00,80,3.295836866004329,3.254242968705492,3.2068032436339315,3.131136910560194,2.70805020110221,3.2846635654062037,3.822098297900159,3.6584202466292277,3.252294359447918,0.04454878546749764,3.071873733091284,0.2457088808414288,3.128108549776939,0.236966997109109,3.1412718304967875,0.2418267724513117,34.5,34.2,57.5,6.8,1466.0,387.0,5.370418234988676,0.5644537016453288,-0.25881904510252157,0.9659258262890681,0.8660254037844387,-0.4999999999999998,0.5149745103131764,1,1.0,1.0
24.9,32.4,1018.0,56.7,5.4,21.0,26.6,53.0,5.8,4.0,0.0,946.8,2026-05-24 00:00:00,78,3.254242968705492,3.295836866004329,3.254242968705492,3.2068032436339315,2.681021528714291,3.3105430133940246,3.676300671907076,3.6109179126442243,3.268107601138438,0.02401424780215957,3.1674106397564845,0.15974577292871597,3.123416879386228,0.23355948274447277,3.123686092863388,0.21509641336727417,33.8,30.9,58.8,17.9,1340.0,682.0,5.78587149150698,0.40458754771592675,0.0,1.0,0.8660254037844387,-0.4999999999999998,0.47856514245669,1,0.0,7.0
23.8,30.9,580.0,51.7,4.9,21.0,25.5,58.0,5.0,13.0,0.0,946.1,2026-05-24 01:00:00,76,3.2108436531709366,3.254242968705492,3.295836866004329,3.254242968705492,2.8622008809294686,3.299533727885655,3.4995332823830174,3.5553480614894135,3.2536411626269195,0.04249980217429501,3.225517768463396,0.05668925678576425,3.1160260398266684,0.2288352233922545,3.1116573583128844,0.20075850748461838,32.4,29.8,56.7,33.4,1018.0,1084.0,4.871850323926176,1.124755271719325,0.25881904510252074,0.9659258262890683,0.8660254037844387,-0.4999999999999998,0.5351406088618228,1,-1.0,13.0
22.1,28.5,256.0,45.4,4.5,25.0,24.5,62.0,1.5,315.0,0.0,946.0,2026-05-24 02:00:00,72,3.139832617527748,3.2108436531709366,3.254242968705492,3.295836866004329,3.131136910560194,3.288401887516811,3.3141860046725258,3.5409593240373143,3.201639746468059,0.057757822310935875,3.2269670529579884,0.05383299243708169,3.1036452673275794,0.22259524459056448,3.104392633848519,0.19621426452266374,30.9,34.2,51.7,46.0,580.0,1372.0,1.060660171779821,-1.0606601717798214,0.49999999999999994,0.8660254037844387,0.8660254037844387,-0.4999999999999998,1.2559330470110992,1,-1.5,17.0
19.0,24.4,148.0,37.3,4.1,31.0,24.1,62.0,1.5,21.0,0.0,945.8,2026-05-24 03:00:00,66,2.995732273553991,3.139832617527748,3.2108436531709366,3.254242968705492,3.2068032436339315,3.2846635654062037,3.152736022363656,3.4657359027997265,3.1154695147508917,0.1096056430703488,3.191788557944665,0.10966105991170913,3.079567659673229,0.21678558484433014,3.0978508109814498,0.19714745803496816,28.5,34.7,45.4,53.2,256.0,1476.0,1.4003706397458027,0.5375519243179504,0.7071067811865475,0.7071067811865476,0.8660254037844387,-0.4999999999999998,1.1982929094215964,1,-1.7999999999999972,20.0
15.6,20.4,154.0,28.0,3.7,40.0,23.6,63.0,1.8,360.0,0.0,945.2,2026-05-24 04:00:00,58,2.8094026953624973,2.995732273553991,3.139832617527748,3.2108436531709366,3.254242968705492,3.214867803470662,3.005682604407159,3.353406717825807,2.9816558621480787,0.1656640950359681,3.1176485123874986,0.18410087270445485,3.045778900664215,0.22521478717079751,3.089672481437922,0.2050499260672239,24.4,34.5,37.3,57.5,148.0,1466.0,1.8,-4.4087284769304716e-16,0.8660254037844386,0.5000000000000001,0.8660254037844387,-0.4999999999999998,1.0033581054866063,1,-2.0,23.0
15.4,24.9,202.0,18.2,3.5,57.0,24.9,53.0,2.5,352.0,0.0,945.6,2026-05-24 05:00:00,58,2.797281334830153,2.8094026953624973,2.995732273553991,3.139832617527748,3.295836866004329,2.70805020110221,2.856470206220483,3.0106208860477417,2.8674721012488806,0.11124178933787773,3.0345559238584694,0.19946098672841417,3.053214828474877,0.21425676045619368,3.087206278463325,0.20830675225664208,20.4,33.8,28.0,58.8,154.0,1340.0,2.475670171853926,-0.3479327524001647,0.9659258262890683,0.25881904510252074,0.8660254037844387,-0.4999999999999998,0.7992232385229008,1,0.5,5.0
14.8,24.8,305.0,17.0,4.0,68.0,25.1,52.0,3.2,286.0,0.0,945.6,2026-05-24 06:00:00,57,2.760009940032921,2.797281334830153,2.8094026953624973,2.995732273553991,3.254242968705492,2.681021528714291,2.827313621929028,2.9496883350525844,2.7888979900751907,0.02574143394847595,2.9521837524130414,0.19252297417330272,3.0597971960847627,0.20268355920058248,3.0844019583843205,0.21237105343126383,24.9,32.4,18.2,56.7,202.0,1018.0,0.8820395386143981,-3.0760374270026203,1.0,6.123233995736766e-17,0.8660254037844387,-0.4999999999999998,0.6571452238173621,1,0.7000000000000028,3.0
15.3,25.4,451.0,15.2,4.8,83.0,27.4,44.0,5.9,198.0,0.0,947.1,2026-05-24 07:00:00,58,2.791165107812717,2.760009940032921,2.797281334830153,2.8094026953624973,3.2108436531709366,2.8622008809294686,2.917770732084279,3.005682604407159,2.782818794225264,0.01998836987874059,2.882237328186671,0.15165257927195167,3.0538775483250338,0.20988855597102762,3.079126724039672,0.21818297968270287,24.8,30.9,17.0,51.7,305.0,580.0,-5.611233446141407,-1.8232002668121892,0.9659258262890683,-0.25881904510252063,0.8660254037844387,-0.4999999999999998,0.40451668229169807,1,0.8999999999999986,5.0
17.3,46.9,530.0,12.9,5.7,98.0,29.6,37.0,1.0,45.0,0.0,947.9,2026-05-24 08:00:00,62,2.9069010598473755,2.791165107812717,2.760009940032921,2.797281334830153,3.139832617527748,3.131136910560194,3.0349529867072724,3.104586678466073,2.819358702564338,0.07739773484315658,2.843415401906609,0.0896689899656815,3.0351912274322985,0.21235223766481612,3.0737912270871757,0.22085947037063758,25.4,28.5,15.2,45.4,451.0,256.0,0.7071067811865476,0.7071067811865475,0.8660254037844387,-0.4999999999999998,0.8660254037844387,-0.4999999999999998,1.4534505299236877,1,0.7000000000000028,4.0
21.3,68.0,477.0,9.8,7.1,112.0,31.6,31.0,0.4,360.0,0.0,948.2,2026-05-24 09:00:00,70,3.104586678466073,2.9069010598473755,2.791165107812717,2.760009940032921,2.995732273553991,3.2068032436339315,3.122364924487357,3.1179499062782403,2.9342176153753887,0.15848632714572566,2.8615578027252897,0.12902539662701226,3.0266731803349773,0.20682064259927893,3.073050466836289,0.2207192409348493,46.9,24.4,12.9,37.3,530.0,148.0,0.4,-9.797174393178826e-17,0.7071067811865476,-0.7071067811865475,0.8660254037844387,-0.4999999999999998,2.2175619131900524,1,0.8000000000000007,1.0
20.9,64.0,357.0,6.2,8.6,126.0,33.8,25.0,3.2,232.0,0.0,948.7,2026-05-24 10:00:00,70,3.086486636822455,3.104586678466073,2.9069010598473755,2.791165107812717,2.8094026953624973,3.254242968705492,3.1612467120315646,3.1484533605716547,3.0326581250453017,0.10928418212290943,2.9077384596352824,0.1538276123602298,3.0126934860113903,0.19539401196146616,3.0699354637025764,0.21994660334830363,68.0,20.4,9.8,28.0,477.0,154.0,-1.970116721042106,-2.521634411541511,0.49999999999999994,-0.8660254037844387,0.8660254037844387,-0.4999999999999998,0.7348777706720131,1,0.8999999999999986,2.0
21.9,67.5,263.0,3.6,9.5,137.0,30.5,38.0,10.2,97.0,0.0,950.1,2026-05-24 11:00:00,72,3.131136910560194,3.086486636822455,3.104586678466073,2.9069010598473755,2.797281334830153,3.295836866004329,3.2846635654062037,3.202746442938317,3.107403408616241,0.022458009991301826,2.9633810555902893,0.16579757065168876,2.9989684897243793,0.17877491788748695,3.0635385197506593,0.21561994034316143,64.0,24.9,6.2,18.2,357.0,202.0,-1.243067302732503,10.123970746741485,0.258819045102521,-0.9659258262890682,0.8660254037844387,-0.4999999999999998,0.27956579558573164,1,-3.8999999999999986,19.0
23.3,73.8,229.0,2.5,9.2,145.0,33.9,25.0,10.0,103.0,0.0,949.5,2026-05-24 12:00:00,75,3.190476350346503,3.131136910560194,3.086486636822455,3.104586678466073,2.760009940032921,3.254242968705492,3.3105430133940246,3.250374491927572,3.136033299243051,0.05216748121488194,3.0351254573092192,0.15282217074713375,2.9936546048611308,0.1712883099857082,3.0585357421236794,0.21098283215066482,67.5,24.8,3.6,17.0,263.0,305.0,-2.2495105434386504,9.743700647852352,1.2246467991473532e-16,-1.0,0.8660254037844387,-0.4999999999999998,0.2900433045769548,1,-1.6000000000000014,7.0
23.2,68.9,221.0,2.4,8.3,151.0,35.1,22.0,8.5,126.0,0.0,948.8,2026-05-24 13:00:00,74,3.186352633162641,3.190476350346503,3.131136910560194,3.086486636822455,2.791165107812717,3.2108436531709366,3.299533727885655,3.339321977944068,3.16932196468978,0.033133442773338004,3.1009900448675403,0.10401655885878204,2.991613686527106,0.1685898734555056,3.053819863176887,0.20658083540316674,73.8,25.4,2.5,15.2,229.0,451.0,-4.996174644486021,6.876644452187053,-0.2588190451025208,-0.9659258262890683,0.8660254037844387,-0.4999999999999998,0.33540554033290954,1,-0.5,3.0
22.8,63.6,225.0,2.6,7.5,154.0,35.1,21.0,8.7,146.0,0.0,947.8,2026-05-24 14:00:00,74,3.169685580677429,3.186352633162641,3.190476350346503,3.131136910560194,2.9069010598473755,3.139832617527748,3.288401887516811,3.380994674344636,3.1821715213955244,0.011007965187371177,3.1447874650058822,0.04390098188769103,2.9941014334562457,0.17117627307732883,3.0488733503919128,0.202092172514118,68.9,46.9,2.4,12.9,221.0,530.0,-7.212626881228862,4.864978260195498,-0.4999999999999997,-0.8660254037844388,0.8660254037844387,-0.4999999999999998,0.3267717093481886,1,2.3999999999999986,-7.0
22.7,61.2,225.0,2.3,7.1,154.0,34.9,22.0,8.4,143.0,0.0,947.2,2026-05-24 15:00:00,73,3.1654750481410856,3.169685580677429,3.186352633162641,3.190476350346503,3.104586678466073,2.995732273553991,3.2846635654062037,3.4404180948154366,3.1738377539937184,0.011040778800468679,3.1549355266183845,0.03957386760003865,3.0082466646718373,0.17819286958698818,3.0439071621725335,0.19745727993836443,63.6,68.0,2.6,9.8,225.0,477.0,-6.708538284397261,5.0552461944772045,-0.7071067811865471,-0.7071067811865479,0.8660254037844387,-0.4999999999999998,0.3367526646958602,1,1.5,-2.0
22.6,59.3,238.0,2.3,6.9,152.0,35.2,20.0,6.3,156.0,0.0,946.7,2026-05-24 16:00:00,73,3.1612467120315646,3.1654750481410856,3.169685580677429,3.186352633162641,3.086486636822455,2.8094026953624973,3.214867803470662,3.4781584227982836,3.1654691136166933,0.004219437453136074,3.1673955391532362,0.021229809499567216,3.0375669993942593,0.1713140636668817,3.041672950029237,0.1957346149664573,61.2,64.0,2.3,6.2,225.0,357.0,-5.755336383148385,2.5624408513775427,-0.8660254037844384,-0.5000000000000004,0.8660254037844387,-0.4999999999999998,0.43304749479884447,1,1.3000000000000043,-4.0
29.2,80.1,298.0,5.1,8.7,148.0,35.1,21.0,7.7,208.0,0.0,946.3,2026-05-24 17:00:00,87,3.407841924380824,3.1612467120315646,3.1654750481410856,3.169685580677429,3.131136910560194,2.797281334830153,2.70805020110221,3.3463891451671604,3.244854561517825,0.14116702889251867,3.213513041456674,0.09590866067906513,3.088447048523482,0.18368316575430244,3.0708309384991797,0.1959977782246408,59.3,67.5,2.3,3.6,238.0,263.0,-6.798696465013737,-3.61493103345136,-0.9659258262890683,-0.25881904510252063,0.8660254037844387,-0.4999999999999998,0.39170596831963495,1,-0.3999999999999986,3.0
26.8,69.4,446.0,16.1,9.0,126.0,33.7,24.0,5.0,210.0,0.0,946.2,2026-05-24 18:00:00,82,3.3250360206965914,3.407841924380824,3.1612467120315646,3.1654750481410856,3.190476350346503,2.760009940032921,2.681021528714291,3.4011973816621555,3.2980415523696602,0.12549432528439436,3.2359396531816897,0.10476767082140839,3.135532555245454,0.163104380242685,3.0976648756651084,0.1840292240536629,80.1,73.8,5.1,2.5,298.0,229.0,-4.330127018922193,-2.5000000000000004,-1.0,-1.8369701987210297e-16,0.8660254037844387,-0.4999999999999998,0.5541726701160986,1,-0.3999999999999986,3.0
28.0,60.5,641.0,31.7,9.4,94.0,31.2,36.0,2.4,17.0,0.0,945.8,2026-05-24 19:00:00,84,3.367295829986474,3.3250360206965914,3.407841924380824,3.1612467120315646,3.186352633162641,2.791165107812717,2.8622008809294686,3.7400477406883357,3.3667245916879636,0.041405907261363596,3.2660968526523284,0.11333151088522973,3.183543448759934,0.1348730559089779,3.118710498542484,0.18481046612202331,69.4,68.9,16.1,2.4,446.0,221.0,2.295131414311285,0.7016920913345682,-0.9659258262890684,0.2588190451025203,0.8660254037844387,-0.4999999999999998,0.99038112646661,1,-0.6000000000000014,6.0
35.6,67.3,794.0,45.5,9.5,66.0,28.9,48.0,5.4,2.0,0.0,945.7,2026-05-24 20:00:00,101,3.6000482404073204,3.367295829986474,3.3250360206965914,3.407841924380824,3.169685580677429,2.9069010598473755,3.131136910560194,4.032469158504013,3.4307933636967953,0.1480941688184451,3.3378239626073096,0.16466929464982208,3.2413057138065966,0.1528533558303576,3.138248470619448,0.20933984461389368,60.5,63.6,31.7,2.6,641.0,225.0,5.3967104659031175,0.18845728219350524,-0.8660254037844386,0.5000000000000001,0.8660254037844387,-0.4999999999999998,0.5625075375636438,1,-1.0,10.0
43.2,72.6,889.0,57.2,9.3,42.0,27.4,57.0,4.9,4.0,0.0,945.9,2026-05-24 21:00:00,120,3.7887247890836524,3.6000482404073204,3.367295829986474,3.3250360206965914,3.1654750481410856,3.104586678466073,3.2068032436339315,4.115779842942166,3.5853562864924826,0.21109827574807316,3.441698919431071,0.22110958824568663,3.298317223024728,0.2129825932766707,3.1624952016798527,0.24779399852868622,67.3,61.2,45.5,2.3,794.0,225.0,4.8880638462731385,0.341806721346214,-0.7071067811865477,0.7071067811865474,0.8660254037844387,-0.4999999999999998,0.6421567439124835,1,-1.3000000000000007,20.0
48.0,73.8,941.0,67.2,8.9,22.0,26.5,63.0,3.2,3.0,0.0,946.1,2026-05-24 22:00:00,132,3.8918202981106265,3.7887247890836524,3.6000482404073204,3.367295829986474,3.1612467120315646,3.086486636822455,3.254242968705492,3.9473901492654373,3.7601977758672,0.14796309092605975,3.5634611837775814,0.23640929375440353,3.365428361465409,0.26151729987610556,3.1890609237383996,0.28883594355566905,72.6,59.3,57.2,2.3,889.0,238.0,3.1956145112146364,0.1674750599774203,-0.5000000000000004,0.8660254037844384,0.8660254037844387,-0.4999999999999998,0.9266238805025301,1,-0.6000000000000014,23.0
44.9,65.2,910.0,70.6,8.2,10.0,28.5,49.0,4.8,338.0,0.0,945.9,2026-05-24 23:00:00,124,3.8264651170664994,3.8918202981106265,3.7887247890836524,3.6000482404073204,3.407841924380824,3.131136910560194,3.295836866004329,3.822098297900159,3.8356700680869267,0.05216051512253431,3.6332317158918603,0.24297856818594887,3.4233723786742676,0.281178781037597,3.2111704341993232,0.31636204669998647,73.8,80.1,67.2,5.1,941.0,298.0,4.450482501920579,-1.7981116483963793,-0.25881904510252157,0.9659258262890681,0.8660254037844387,-0.4999999999999998,0.6597353650114655,1,0.1999999999999993,4.0
39.1,55.4,732.0,63.0,7.1,13.0,26.9,56.0,2.3,356.0,0.0,945.4,2026-05-25 00:00:00,110,3.6913763343125234,3.8264651170664994,3.8918202981106265,3.7887247890836524,3.3250360206965914,3.190476350346503,3.254242968705492,3.676300671907076,3.803220583163217,0.10222366126811648,3.694288434827849,0.19037940830850877,3.4651140440047694,0.2806411064129963,3.22938432443295,0.33118589878593035,65.2,69.4,70.6,16.1,910.0,446.0,2.2943973155975956,-0.16043988961148895,0.0,1.0,0.8660254037844387,-0.4999999999999998,1.1185988891856131,0,0.29999999999999716,3.0
33.9,46.8,470.0,48.9,5.8,25.0,25.9,54.0,4.8,329.0,0.0,945.3,2026-05-25 01:00:00,97,3.5524868292083815,3.6913763343125234,3.8264651170664994,3.8918202981106265,3.367295829986474,3.186352633162641,3.2108436531709366,3.4995332823830174,3.690109426862468,0.1369935376040824,3.725153601364834,0.133183464621301,3.495625227008581,0.26715821472675455,3.2436194567678434,0.33763386562806974,55.4,60.5,63.0,31.7,732.0,641.0,4.114403043370138,-2.4721827595682613,0.25881904510252074,0.9659258262890683,0.8660254037844387,-0.4999999999999998,0.6124977291738589,0,0.3999999999999986,-4.0
29.2,40.9,273.0,36.7,4.8,36.0,25.2,52.0,9.3,257.0,0.5,945.4,2026-05-25 02:00:00,87,3.407841924380824,3.5524868292083815,3.6913763343125234,3.8264651170664994,3.6000482404073204,3.169685580677429,3.139832617527748,3.3141860046725258,3.5505683626339093,0.14177694025943421,3.693119215360418,0.1830668260131701,3.515471588983864,0.24897085386588105,3.2547865112200554,0.33848298797287524,46.8,67.3,48.9,45.5,470.0,794.0,-2.092044805397947,-9.061641602502688,0.49999999999999994,0.8660254037844387,0.8660254037844387,-0.4999999999999998,0.33085843926027414,0,0.6999999999999993,-10.0
25.6,37.1,190.0,29.3,4.1,39.0,25.3,48.0,13.4,321.0,0.0,945.5,2026-05-25 03:00:00,79,3.2809112157876537,3.407841924380824,3.5524868292083815,3.6913763343125234,3.7887247890836524,3.1654750481410856,2.995732273553991,3.152736022363656,3.413746656458953,0.13588406031208122,3.6084836198110843,0.23889881494623158,3.5250912696210777,0.23611666566013415,3.2666689671464577,0.3339689935038762,40.9,72.6,36.7,57.2,273.0,889.0,10.413755883523406,-8.432893240067827,0.7071067811865475,0.7071067811865476,0.8660254037844387,-0.4999999999999998,0.2278410566519204,0,1.1999999999999993,-14.0
23.2,34.1,173.0,23.9,3.6,41.0,24.6,49.0,7.9,24.0,0.0,945.3,2026-05-25 04:00:00,74,3.186352633162641,3.2809112157876537,3.407841924380824,3.5524868292083815,3.8918202981106265,3.1612467120315646,2.8094026953624973,3.005682604407159,3.2917019244437067,0.11113822958846699,3.4909056756530874,0.24508393575181947,3.5271834297153344,0.2326859674565208,3.282375214554797,0.320105243530092,37.1,73.8,29.3,67.2,190.0,941.0,7.217009115376547,3.2132194802988217,0.8660254037844386,0.5000000000000001,0.8660254037844387,-0.4999999999999998,0.35801714979355515,0,1.0,-14.0
23.1,33.1,226.0,25.3,4.0,43.0,24.6,56.0,5.0,128.0,0.0,945.1,2026-05-25 05:00:00,74,3.1822118404966093,3.186352633162641,3.2809112157876537,3.407841924380824,3.8264651170664994,3.407841924380824,2.797281334830153,2.856470206220483,3.2164918964823017,0.05582717139351042,3.3835301295581055,0.20680685460823958,3.508380922724983,0.25155714066337576,3.2984139856242325,0.3039802808688888,34.1,65.2,23.9,70.6,173.0,910.0,-3.0783073766282913,3.94005376803361,0.9659258262890683,0.25881904510252074,0.8660254037844387,-0.4999999999999998,0.5303686400827682,0,-0.29999999999999716,3.0
21.0,30.6,417.0,23.1,4.9,60.0,24.2,62.0,2.4,81.0,0.0,945.6,2026-05-25 06:00:00,70,3.091042453358316,3.1822118404966093,3.186352633162641,3.2809112157876537,3.6913763343125234,3.3250360206965914,2.760009940032921,2.827313621929028,3.153202309005856,0.05387181342380315,3.283474482732404,0.17003431167947405,3.4888814587801273,0.27503458311306295,3.3122070070127907,0.2854325744003434,33.1,55.4,25.3,63.0,226.0,732.0,0.3754427160965542,2.3704520174283306,1.0,6.123233995736766e-17,0.8660254037844387,-0.4999999999999998,0.9091301333406813,0,-0.9000000000000021,10.0
22.2,32.4,678.0,19.9,6.0,84.0,26.3,55.0,3.1,298.0,0.0,946.1,2026-05-25 07:00:00,72,3.1441522786722644,3.091042453358316,3.1822118404966093,3.186352633162641,3.5524868292083815,3.367295829986474,2.791165107812717,2.917770732084279,3.1391355241757304,0.045791267257556896,3.2154187243097176,0.11297066185723009,3.4702861628372763,0.2910779281948401,3.326914805798605,0.2658388217858452,30.6,46.8,23.1,48.9,417.0,470.0,1.4553618446362604,-2.737137537862674,0.9659258262890683,-0.25881904510252063,0.8660254037844387,-0.4999999999999998,0.7668664094322597,0,-1.0999999999999979,11.0
21.8,44.7,812.0,16.3,6.9,107.0,29.4,40.0,1.8,259.0,0.0,946.9,2026-05-25 08:00:00,71,3.126760535960395,3.1441522786722644,3.091042453358316,3.1822118404966093,3.407841924380824,3.6000482404073204,2.9069010598473755,3.0349529867072724,3.120651755996992,0.027076766437329033,3.168571826239647,0.06554028911342298,3.430845520800032,0.3036886640980659,3.336075617303315,0.254272407383642,32.4,40.9,19.9,36.7,678.0,273.0,-0.3434561916777803,-1.7669289302057951,0.8660254037844387,-0.4999999999999998,0.8660254037844387,-0.4999999999999998,1.116700191414427,0,-0.20000000000000284,3.0
18.3,41.3,691.0,11.8,7.2,126.0,31.8,30.0,5.0,255.0,0.0,947.3,2026-05-25 09:00:00,64,2.9601050959108397,3.126760535960395,3.1441522786722644,3.091042453358316,3.2809112157876537,3.7887247890836524,3.104586678466073,3.122364924487357,3.0770059701811667,0.10161190374417431,3.1151041395935106,0.08386074839110694,3.3617938797022977,0.3090743186614601,3.330055551363513,0.2615962230565616,44.7,37.1,16.3,29.3,812.0,190.0,-1.2940952255126033,-4.8296291314453415,0.7071067811865476,-0.7071067811865475,0.8660254037844387,-0.4999999999999998,0.4933508493184733,0,0.1999999999999993,-1.0
16.4,37.1,443.0,6.9,7.2,144.0,33.3,24.0,6.6,248.0,0.0,947.3,2026-05-25 10:00:00,60,2.856470206220483,2.9601050959108397,3.126760535960395,3.1441522786722644,3.186352633162641,3.8918202981106265,3.086486636822455,3.1612467120315646,2.9811119460305733,0.13636414998706195,3.060123735103151,0.12557166877299492,3.2755147053781193,0.29168649713537526,3.3204715334217636,0.2747886311415826,41.3,34.1,11.8,23.9,691.0,173.0,-2.472403516545021,-6.119413440140796,0.49999999999999994,-0.8660254037844387,0.8660254037844387,-0.4999999999999998,0.37585134292374783,0,-0.5,-1.0
16.1,36.0,253.0,3.4,6.9,156.0,34.1,19.0,5.0,235.0,0.0,947.3,2026-05-25 11:00:00,59,2.8390784635086144,2.856470206220483,2.9601050959108397,3.126760535960395,3.1822118404966093,3.8264651170664994,3.131136910560194,3.2846635654062037,2.8852179218799794,0.06543458416149092,3.002934838938485,0.13650883307736078,3.1932324842482953,0.25964608934454264,3.3083024314612817,0.2896054145266843,37.1,33.1,6.9,25.3,443.0,226.0,-2.867882181755232,-4.095760221444958,0.258819045102521,-0.9659258262890682,0.8660254037844387,-0.4999999999999998,0.4731797439181024,0,3.6000000000000014,-19.0
15.3,34.0,197.0,2.3,6.3,159.0,35.1,15.0,7.3,224.0,0.0,947.0,2026-05-25 12:00:00,58,2.791165107812717,2.8390784635086144,2.856470206220483,2.9601050959108397,3.091042453358316,3.6913763343125234,3.190476350346503,3.3105430133940246,2.8289045925139384,0.03382040371989108,2.9529552813475526,0.1518348035077118,3.1182148820399775,0.2311151230201899,3.2916644630223737,0.30758131544865863,36.0,30.6,3.4,23.1,253.0,417.0,-5.251180542472153,-5.071006104350681,1.2246467991473532e-16,-1.0,0.8660254037844387,-0.4999999999999998,0.33628495274852005,0,1.2000000000000028,-10.0
14.7,31.9,200.0,2.7,5.5,156.0,35.7,14.0,9.6,244.0,0.0,946.4,2026-05-25 13:00:00,56,2.7536607123542622,2.791165107812717,2.8390784635086144,2.856470206220483,3.1441522786722644,3.5524868292083815,3.186352633162641,3.299533727885655,2.7946347612251983,0.04281444761025268,2.887873353627885,0.13639437476018837,3.051646038968802,0.20860726238094598,3.2736356329886913,0.32614351563778965,34.0,32.4,2.3,19.9,197.0,678.0,-4.208363009175146,-8.628422844472,-0.2588190451025208,-0.9659258262890683,0.8660254037844387,-0.4999999999999998,0.2597793124862512,0,0.6000000000000014,-8.0
13.7,28.2,222.0,3.4,4.9,153.0,35.9,12.0,10.3,269.0,0.0,945.9,2026-05-25 14:00:00,54,2.6878474937846906,2.7536607123542622,2.791165107812717,2.8390784635086144,3.126760535960395,3.407841924380824,3.169685580677429,3.288401887516811,2.74422443798389,0.05230119308016072,2.8147211799319347,0.09365142065735084,2.9916465030857906,0.20021838761219615,3.253559046034827,0.3469850955724467,31.9,44.7,2.7,16.3,200.0,812.0,-0.17975978630402004,-10.298431260110831,-0.4999999999999997,-0.8660254037844388,0.8660254037844387,-0.4999999999999998,0.23786261006944162,0,0.7999999999999972,-9.0
12.0,24.0,230.0,3.3,4.5,154.0,35.6,13.0,10.6,298.0,0.0,945.6,2026-05-25 15:00:00,50,2.5649493574615367,2.6878474937846906,2.7536607123542622,2.791165107812717,2.9601050959108397,3.2809112157876537,3.1654750481410856,3.2846635654062037,2.66881918786683,0.09578387748437886,2.748861890190384,0.10869935322618318,2.9319830148919475,0.21248337438838447,3.228537142256512,0.37419869850238013,28.2,41.3,3.4,11.8,222.0,691.0,4.976398565530438,-9.359244484304627,-0.7071067811865471,-0.7071067811865479,0.8660254037844387,-0.4999999999999998,0.221116323919098,0,0.7000000000000028,-9.0
10.0,19.7,255.0,3.4,4.3,155.0,35.2,15.0,11.7,308.0,0.0,945.4,2026-05-25 16:00:00,42,2.3978952727983707,2.5649493574615367,2.6878474937846906,2.7536607123542622,2.856470206220483,3.186352633162641,3.1612467120315646,3.214867803470662,2.550230708014866,0.14553539636417775,2.6724327346200316,0.1646980685232993,2.8662782348615914,0.245945563902334,3.196730832288463,0.4108170987247551,24.0,37.1,3.3,6.9,230.0,443.0,7.2032392613102045,-9.219725817198645,-0.8660254037844384,-0.5000000000000004,0.8660254037844387,-0.4999999999999998,0.1888106514014465,0,0.0,-5.0
3.4,4.8,357.0,5.7,3.7,161.0,35.3,12.0,15.1,298.0,0.0,945.2,2026-05-25 17:00:00,14,1.4816045409242156,2.3978952727983707,2.5649493574615367,2.6878474937846906,2.8390784635086144,3.1822118404966093,3.407841924380824,2.70805020110221,2.148149723728041,0.5832569136666145,2.446187080855965,0.49372171954204674,2.7245609598972256,0.45145050948614907,3.116470941311104,0.5366650861383818,19.7,36.0,3.4,3.4,255.0,253.0,7.089020598066945,-13.3325086521698,-0.9659258262890683,-0.25881904510252063,0.8660254037844387,-0.4999999999999998,0.09202512676547922,0,0.19999999999999574,-9.0
3.6,5.3,624.0,17.9,4.4,137.0,33.8,13.0,12.6,295.0,0.0,945.2,2026-05-25 18:00:00,15,1.5260563034950494,1.4816045409242156,2.3978952727983707,2.5649493574615367,2.791165107812717,3.091042453358316,3.3250360206965914,2.681021528714291,1.8018520390725454,0.5166668579962063,2.2353356134696876,0.5796009734822611,2.5941454474086196,0.5510229695975051,3.0415134530943733,0.6246838805599932,4.8,34.0,5.7,2.3,357.0,197.0,5.324990097932815,-11.41947811666179,-1.0,-1.8369701987210297e-16,0.8660254037844387,-0.4999999999999998,0.11221002231581245,0,0.09999999999999432,-11.0
7.1,8.9,966.0,35.0,5.5,103.0,31.5,18.0,7.1,308.0,0.0,945.0,2026-05-25 19:00:00,30,2.0918640616783932,1.5260563034950494,1.4816045409242156,2.3978952727983707,2.7536607123542622,3.1441522786722644,3.367295829986474,2.8622008809294686,1.6998416353658863,0.34022812471616276,2.125036171690376,0.5212703366213454,2.5064547626591307,0.5391401103927165,2.9883704627482035,0.6495218447274417,5.3,31.9,17.9,2.7,624.0,200.0,4.371196474812176,-5.594876350607724,-0.9659258262890684,0.2588190451025203,0.8660254037844387,-0.4999999999999998,0.25825482242943126,0,0.3000000000000007,-18.0
16.1,18.6,1172.0,50.4,6.3,73.0,29.2,25.0,5.8,356.0,0.0,945.3,2026-05-25 20:00:00,59,2.8390784635086144,2.0918640616783932,1.5260563034950494,1.4816045409242156,2.6878474937846906,3.126760535960395,3.6000482404073204,3.131136910560194,2.152332942894019,0.6585963576943602,2.1502413333110297,0.5563994659235766,2.4824812566214822,0.5149011530074183,2.956663388710757,0.6368133535918191,8.9,28.2,35.0,3.4,966.0,222.0,5.78587149150698,-0.4045875477159287,-0.8660254037844386,0.5000000000000001,0.8660254037844387,-0.4999999999999998,0.41751153875126684,0,0.3000000000000007,-23.0
25.6,28.9,1126.0,64.1,6.9,49.0,26.7,34.0,8.1,28.0,0.0,945.2,2026-05-25 21:00:00,79,3.2809112157876537,2.8390784635086144,2.0918640616783932,1.5260563034950494,2.5649493574615367,2.9601050959108397,3.7887247890836524,3.2068032436339315,2.7372845803248875,0.6010239426712152,2.269568309698716,0.716784472834356,2.50921509994455,0.5491435197686383,2.935504489823424,0.6160633928250073,18.6,24.0,50.4,3.3,1172.0,230.0,7.151875502157308,3.8027196585657155,-0.7071067811865477,0.7071067811865474,0.8660254037844387,-0.4999999999999998,0.36053969404259933,0,-0.6999999999999993,-23.0
32.8,36.9,944.0,75.9,7.3,28.0,26.3,33.0,9.8,38.0,0.0,945.7,2026-05-25 22:00:00,95,3.520460802488973,3.2809112157876537,2.8390784635086144,2.0918640616783932,2.3978952727983707,2.856470206220483,3.8918202981106265,3.254242968705492,3.2134834939284143,0.3456592921142628,2.4566625646471496,0.8839839998704181,2.564547649633591,0.6166210069079228,2.920031177505855,0.5953140272015662,28.9,19.7,64.1,3.4,1126.0,255.0,7.722505385345875,6.033482458191452,-0.5000000000000004,0.8660254037844384,0.8660254037844387,-0.4999999999999998,0.325968592823053,0,-0.1999999999999993,-30.0
31.7,35.9,760.0,79.1,7.3,18.0,27.3,31.0,9.4,36.0,0.0,945.9,2026-05-25 23:00:00,92,3.4873750779032076,3.520460802488973,3.2809112157876537,2.8390784635086144,1.4816045409242156,2.8390784635086144,3.8264651170664994,3.295836866004329,3.429582365393278,0.12981139910129696,2.7909576541436487,0.8183213860485178,2.618572367499807,0.6690329099579676,2.9059024258740513,0.5765956268287266,36.9,4.8,75.9,5.7,944.0,357.0,7.604759747124507,5.525181371549247,-0.25881904510252157,0.9659258262890681,0.8660254037844387,-0.4999999999999998,0.33532452672146223,0,-1.1999999999999993,-18.0
28.5,32.4,597.0,67.2,6.5,27.0,25.9,35.0,7.8,38.0,0.0,945.6,2026-05-26 00:00:00,85,3.3843902633457743,3.4873750779032076,3.520460802488973,3.2809112157876537,1.5260563034950494,2.791165107812717,3.6913763343125234,3.254242968705492,3.4640753812459852,0.07096446155591216,3.100679980785436,0.5522442885881613,2.6680077971275615,0.7039510465827565,2.89311133958377,0.5616239091529439,35.9,5.3,79.1,17.9,760.0,624.0,6.146483878132431,4.802159507540135,0.0,1.0,0.8660254037844387,-0.4999999999999998,0.38458980265292886,0,-1.0,-21.0
24.3,27.9,433.0,46.5,5.2,46.0,24.7,40.0,4.9,33.0,0.0,945.3,2026-05-26 01:00:00,77,3.2308043957334744,3.3843902633457743,3.4873750779032076,3.520460802488973,2.0918640616783932,2.7536607123542622,3.5524868292083815,3.2108436531709366,3.3675232456608186,0.12911429414069783,3.290503369794616,0.24815078562173593,2.7077697707424964,0.7224610244788318,2.8797079048556493,0.5488977677442056,32.4,8.9,67.2,35.0,597.0,966.0,4.109485782932578,2.668731271573633,0.25881904510252074,0.9659258262890683,0.8660254037844387,-0.4999999999999998,0.547593965378555,0,-1.1999999999999993,-14.0
20.2,24.0,336.0,29.5,4.2,62.0,24.5,43.0,1.1,351.0,0.0,945.6,2026-05-26 02:00:00,68,3.054001181677967,3.2308043957334744,3.3843902633457743,3.4873750779032076,2.8390784635086144,2.6878474937846906,3.407841924380824,3.139832617527748,3.223065280252405,0.1653304471434351,3.326323822822842,0.17455329951689702,2.738282578066936,0.7292434539657207,2.864964540576363,0.5387536852610474,27.9,18.6,46.5,50.4,433.0,1172.0,1.0864571746546514,-0.17207791154425425,0.49999999999999994,0.8660254037844387,0.8660254037844387,-0.4999999999999998,1.454286276989508,0,-0.6999999999999993,-9.0
17.2,21.0,344.0,20.6,3.6,67.0,24.6,42.0,0.9,349.0,0.0,945.5,2026-05-26 03:00:00,62,2.9014215940827497,3.054001181677967,3.2308043957334744,3.3843902633457743,3.2809112157876537,2.5649493574615367,3.2809112157876537,2.995732273553991,3.062075723831397,0.16483978942920013,3.263075552538691,0.2477183113167535,2.7663219311187035,0.728441152300696,2.8491524730053253,0.5315356846127205,24.0,28.9,29.5,64.1,336.0,1126.0,0.8834644651028976,-0.1717280958388902,0.7071067811865475,0.7071067811865476,0.8660254037844387,-0.4999999999999998,1.5270639968856579,0,-0.6999999999999993,-6.0
15.4,18.9,418.0,15.4,3.2,69.0,24.2,42.0,0.4,360.0,0.0,945.3,2026-05-26 04:00:00,58,2.797281334830153,2.9014215940827497,3.054001181677967,3.2308043957334744,3.520460802488973,2.3978952727983707,3.186352633162641,2.8094026953624973,2.917568036863623,0.12911932718323305,3.142545641262221,0.2721669113220692,2.799604102954685,0.7191421330363298,2.8329411689081385,0.5267155632959176,21.0,36.9,20.6,75.9,344.0,944.0,0.4,-9.797174393178826e-17,0.8660254037844386,0.5000000000000001,0.8660254037844387,-0.4999999999999998,1.998058096307252,0,-0.40000000000000213,-7.0
14.8,18.6,517.0,12.6,3.5,75.0,24.2,48.0,1.1,198.0,0.0,945.5,2026-05-26 05:00:00,57,2.760009940032921,2.797281334830153,2.9014215940827497,3.054001181677967,3.4873750779032076,1.4816045409242156,3.1822118404966093,2.797281334830153,2.8195709563152747,0.07329348125680969,3.02131811828384,0.2488468149159165,2.906137886213744,0.5890725353628955,2.8153494230554847,0.5215685056425661,18.9,35.9,15.4,79.1,418.0,760.0,-1.046162167924669,-0.33991869381244205,0.9659258262890683,0.25881904510252074,0.8660254037844387,-0.4999999999999998,1.3142904476347241,0,-0.40000000000000213,-8.0
14.3,17.9,673.0,15.0,4.2,83.0,24.5,49.0,0.4,360.0,0.0,946.2,2026-05-26 06:00:00,56,2.72785282839839,2.760009940032921,2.797281334830153,2.9014215940827497,3.3843902633457743,1.5260563034950494,3.091042453358316,2.760009940032921,2.7617147010871546,0.03474563330877953,2.911895212459276,0.19600201346012178,3.006287596622356,0.4071934746808501,2.800216522015488,0.5184814002057735,18.6,32.4,12.6,67.2,517.0,597.0,0.4,-9.797174393178826e-17,1.0,6.123233995736766e-17,0.8660254037844387,-0.4999999999999998,1.94846630599885,0,0.3000000000000007,-13.0
15.9,20.3,853.0,18.0,5.2,94.0,25.9,41.0,2.8,215.0,0.0,946.9,2026-05-26 07:00:00,59,2.827313621929028,2.72785282839839,2.760009940032921,2.797281334830153,3.2308043957334744,2.0918640616783932,3.1441522786722644,2.791165107812717,2.7717254634534463,0.05075482715172529,2.844646750158535,0.11865984206228543,3.067575059976576,0.2976665658134162,2.787014911317853,0.5133516381830963,17.9,27.9,15.0,46.5,673.0,433.0,-2.293625724009177,-1.606014021782929,0.9659258262890683,-0.25881904510252063,0.8660254037844387,-0.4999999999999998,0.744029900507639,0,-0.40000000000000213,-14.0
15.9,23.7,913.0,18.8,6.1,107.0,28.6,32.0,0.6,214.0,0.0,947.7,2026-05-26 08:00:00,59,2.827313621929028,2.827313621929028,2.72785282839839,2.760009940032921,3.054001181677967,2.8390784635086144,3.126760535960395,2.9069010598473755,2.794160024085482,0.0574237159187517,2.8068654902003782,0.06051017815950174,3.0665946565116102,0.29850575723981443,2.774537956566546,0.5083497817019457,20.3,24.0,18.0,29.5,853.0,336.0,-0.49742254353302506,-0.335515742082448,0.8660254037844387,-0.4999999999999998,0.8660254037844387,-0.4999999999999998,1.7670710137056425,0,-0.7999999999999972,-8.0
12.9,21.9,742.0,15.0,6.7,124.0,31.6,26.0,0.6,72.0,0.0,948.0,2026-05-26 09:00:00,53,2.631888840136646,2.827313621929028,2.827313621929028,2.72785282839839,2.9014215940827497,3.2809112157876537,2.9601050959108397,3.104586678466073,2.7621720279982345,0.11282855037416821,2.7619433645426947,0.07466645210394854,3.012509458540693,0.31451226507289737,2.7608622792426214,0.5075548177892553,23.7,21.0,18.8,20.6,913.0,344.0,0.18541019662496847,0.570633909777092,0.7071067811865476,-0.7071067811865475,0.8660254037844387,-0.4999999999999998,1.6449305250854036,0,-0.1999999999999993,-4.0
9.9,18.8,451.0,8.9,7.2,143.0,33.9,22.0,1.0,248.0,0.0,948.0,2026-05-26 10:00:00,41,2.388762789235098,2.631888840136646,2.827313621929028,2.827313621929028,2.797281334830153,3.520460802488973,2.856470206220483,3.086486636822455,2.6159884171002576,0.21970736401789118,2.693856940276852,0.1661780960150747,2.9182012907695363,0.31800723079898957,2.7413744702015634,0.5126773755550574,21.9,18.9,15.0,15.4,742.0,418.0,-0.3746065934159123,-0.9271838545667873,0.49999999999999994,-0.8660254037844387,0.8660254037844387,-0.4999999999999998,1.194381394617549,0,0.6000000000000014,-2.0
9.4,20.3,236.0,4.3,7.2,157.0,34.9,17.0,2.7,233.0,0.0,948.3,2026-05-26 11:00:00,39,2.341805806147327,2.388762789235098,2.631888840136646,2.827313621929028,2.760009940032921,3.4873750779032076,2.8390784635086144,3.131136910560194,2.4541524785063573,0.155704528673252,2.62415625129592,0.21377112217258637,2.8227371847898794,0.3032141151085556,2.7206547761448436,0.5185716927501816,18.8,18.6,8.9,12.6,451.0,517.0,-1.6249005625105304,-2.1563158771276907,0.258819045102521,-0.9659258262890682,0.8660254037844387,-0.4999999999999998,0.6329204881479262,0,0.7999999999999972,-2.0
10.1,23.2,177.0,2.8,6.4,162.0,36.5,14.0,4.9,253.0,0.0,948.1,2026-05-26 12:00:00,42,2.4069451083182885,2.341805806147327,2.388762789235098,2.631888840136646,2.72785282839839,3.3843902633457743,2.791165107812717,3.190476350346503,2.3791712345669045,0.03361220927800548,2.5706716312825693,0.22260033083429098,2.7412834218709228,0.2678430815868032,2.704645609499242,0.522218212711581,20.3,17.9,4.3,15.0,236.0,673.0,-1.4326213531414118,-4.685893304218873,1.2246467991473532e-16,-1.0,0.8660254037844387,-0.4999999999999998,0.40795679802004886,0,1.3999999999999986,-1.0
10.6,25.1,193.0,2.8,5.2,161.0,37.3,11.0,10.7,264.0,0.0,947.5,2026-05-26 13:00:00,44,2.451005098112319,2.4069451083182885,2.341805806147327,2.388762789235098,2.827313621929028,3.2308043957334744,2.7536607123542622,3.186352633162641,2.399918670859312,0.05493768705489239,2.5079535439797844,0.18579997491182235,2.6763001470691594,0.23023622044213898,2.6920349589058277,0.5246318445523815,23.2,20.3,2.8,18.0,177.0,853.0,-1.1184545569638908,-10.641384280440525,-0.2588190451025208,-0.9659258262890683,0.8660254037844387,-0.4999999999999998,0.20948761522327514,0,1.5999999999999943,-3.0
11.0,26.0,233.0,3.3,4.3,159.0,37.3,11.0,12.8,284.0,0.0,946.8,2026-05-26 14:00:00,46,2.4849066497880004,2.451005098112319,2.4069451083182885,2.341805806147327,2.827313621929028,3.054001181677967,2.6878474937846906,3.169685580677429,2.4476189520728693,0.039090919352675016,2.4508857152896133,0.1015953058973141,2.6288756027449955,0.2022779904539543,2.6835790904059658,0.5263349786312634,25.1,23.7,2.8,18.8,193.0,913.0,3.0966002636757435,-12.419785296332757,-0.4999999999999997,-0.8660254037844388,0.8660254037844387,-0.4999999999999998,0.18006569926000002,0,1.3999999999999986,-1.0
11.3,26.7,251.0,2.1,3.9,160.0,37.2,11.0,13.6,292.0,0.0,946.3,2026-05-26 15:00:00,47,2.509599262378372,2.4849066497880004,2.451005098112319,2.4069451083182885,2.631888840136646,2.9014215940827497,2.5649493574615367,3.1654750481410856,2.481837003426231,0.029417444962173963,2.4305041189965677,0.06292968060379935,2.5962237417696308,0.18518591133288753,2.681272836444167,0.5269982278434745,26.0,21.9,3.3,15.0,233.0,742.0,5.094649670456403,-12.60970042210831,-0.7071067811865471,-0.7071067811865479,0.8660254037844387,-0.4999999999999998,0.1718903604368748,0,1.6000000000000014,-2.0
11.8,27.9,293.0,1.3,3.8,159.0,36.7,11.0,14.6,297.0,0.0,946.1,2026-05-26 16:00:00,49,2.5494451709255714,2.509599262378372,2.4849066497880004,2.451005098112319,2.388762789235098,2.797281334830153,2.3978952727983707,3.1612467120315646,2.514650361030648,0.032564403508368776,2.4572845159449797,0.07470237046294641,2.575570728110916,0.17421970314488003,2.6875874155328003,0.5243564484391857,26.7,18.8,2.1,8.9,251.0,451.0,6.628261296197381,-13.008695253150172,-0.8660254037844384,-0.5000000000000004,0.8660254037844387,-0.4999999999999998,0.16342597249522894,0,1.5,-4.0
3.7,7.6,441.0,6.4,4.2,159.0,37.3,10.0,10.4,268.0,0.0,945.8,2026-05-26 17:00:00,15,1.547562508716013,2.5494451709255714,2.509599262378372,2.4849066497880004,2.341805806147327,2.760009940032921,1.4816045409242156,3.407841924380824,2.2022023140066525,0.5672846552747717,2.3249106330397606,0.38393331440021117,2.47453344216784,0.33495701665124816,2.6903356641907923,0.5178938778683697,27.9,20.3,1.3,4.3,293.0,236.0,-0.36295476570600793,-10.393664600998596,-0.9659258262890683,-0.25881904510252063,0.8660254037844387,-0.4999999999999998,0.1357510972557906,0,2.0,-2.0
5.4,11.7,820.0,19.9,5.1,134.0,35.9,12.0,10.3,263.0,0.0,946.0,2026-05-26 18:00:00,23,1.8562979903656263,1.547562508716013,2.5494451709255714,2.509599262378372,2.4069451083182885,2.72785282839839,1.5260563034950494,3.3250360206965914,1.9844352233357372,0.5130853535855024,2.2331361133809837,0.42411242106778074,2.4019038723317765,0.367905860302353,2.704095734477066,0.4892075154807798,7.6,23.2,6.4,2.8,441.0,177.0,-1.255254237073016,-10.223225361905618,-1.0,-1.8369701987210297e-16,0.8660254037844387,-0.4999999999999998,0.16427415843943594,0,2.1000000000000014,-1.0
10.8,17.5,1306.0,39.0,6.3,99.0,34.0,15.0,7.8,275.0,0.0,946.0,2026-05-26 19:00:00,45,2.468099531471619,1.8562979903656263,1.547562508716013,2.5494451709255714,2.451005098112319,2.827313621929028,2.0918640616783932,3.367295829986474,1.9573200101844197,0.4685095398517997,2.2359851856075337,0.4259222789612049,2.371969364793659,0.3439816929366138,2.719772212385117,0.47454419243929624,11.7,25.1,19.9,2.8,820.0,193.0,0.6798147934317316,-7.770318645115615,-0.9659258262890684,0.2588190451025203,0.8660254037844387,-0.4999999999999998,0.2804658558490476,0,2.5,-3.0
19.2,27.5,1607.0,56.1,7.3,68.0,31.9,21.0,8.4,341.0,0.0,946.2,2026-05-26 20:00:00,66,3.005682604407159,2.468099531471619,1.8562979903656263,1.547562508716013,2.4849066497880004,2.827313621929028,2.8390784635086144,3.6000482404073204,2.4433600420814687,0.5750915401049804,2.3227811780440604,0.5276968625899424,2.3868334466668366,0.3684315950111441,2.726714051589223,0.4775742425708173,17.5,26.0,39.0,3.3,1306.0,233.0,7.942356035034262,-2.734772497440116,-0.8660254037844386,0.5000000000000001,0.8660254037844387,-0.4999999999999998,0.3197534685539531,0,2.6999999999999993,-4.0
27.6,36.4,1582.0,71.1,7.9,43.0,29.6,28.0,8.8,355.0,0.0,946.2,2026-05-26 21:00:00,84,3.353406717825807,3.005682604407159,2.468099531471619,1.8562979903656263,2.509599262378372,2.631888840136646,3.2809112157876537,3.7887247890836524,2.9423962845681957,0.44603371202372566,2.463415753951966,0.6783714906904093,2.4469599364742667,0.459643107357967,2.72973469750748,0.4814455060909927,27.5,26.7,56.1,2.1,1607.0,251.0,8.766513343207361,-0.7669705361793933,-0.7071067811865477,0.7071067811865474,0.8660254037844387,-0.4999999999999998,0.342184358961817,0,2.900000000000002,-6.0
34.9,42.3,1372.0,84.2,8.2,22.0,27.7,35.0,7.7,359.0,0.0,946.5,2026-05-26 22:00:00,99,3.580737295494233,3.353406717825807,3.005682604407159,2.468099531471619,2.5494451709255714,2.388762789235098,3.520460802488973,3.8918202981106265,3.3132755392424005,0.28962019621598095,2.63529777471341,0.820327396732669,2.5462911453291945,0.563080292256724,2.7322462180493656,0.4858865091920174,36.4,27.9,71.1,1.3,1582.0,293.0,7.698827252704213,-0.1343835295670834,-0.5000000000000004,0.8660254037844384,0.8660254037844387,-0.4999999999999998,0.4115789994820958,0,1.3999999999999986,2.0
31.9,36.3,1117.0,88.7,8.1,12.0,28.3,34.0,6.4,350.0,0.0,946.6,2026-05-26 23:00:00,93,3.493472657771326,3.580737295494233,3.353406717825807,3.005682604407159,1.547562508716013,2.341805806147327,3.4873750779032076,3.8264651170664994,3.4758722236971225,0.11468273342341302,2.9596161328892947,0.6762968173026728,2.642263382964528,0.6202978822247888,2.732500283877204,0.48629994519849823,42.3,7.6,84.2,6.4,1372.0,441.0,6.3027696192781315,-1.1113483370683546,-0.25881904510252157,0.9659258262890681,0.8660254037844387,-0.4999999999999998,0.47209089969882784,0,1.0,3.0
26.2,28.9,811.0,78.3,7.3,19.0,27.4,37.0,3.2,341.0,0.0,946.5,2026-05-27 00:00:00,81,3.3032169733019514,3.493472657771326,3.580737295494233,3.353406717825807,1.8562979903656263,2.4069451083182885,3.3843902633457743,3.6913763343125234,3.4591423088558373,0.14190952029346612,3.200769296712016,0.409562803205756,2.7169527050465,0.6429341200393712,2.7291180634587113,0.4818306617744825,36.3,11.7,88.7,19.9,1117.0,820.0,3.025659441917814,-1.0418180942629014,0.0,1.0,0.8660254037844387,-0.4999999999999998,0.7864802317385599,0,1.5,2.0
22.5,24.2,460.0,59.3,6.2,36.0,28.0,31.0,3.9,344.0,0.0,946.3,2026-05-27 01:00:00,73,3.1570004211501135,3.3032169733019514,3.493472657771326,3.580737295494233,2.468099531471619,2.451005098112319,3.2308043957334744,3.5524868292083815,3.317896684074464,0.1687157726340208,3.3155861116584315,0.21200083606093828,2.775785648632983,0.6486619227035543,2.7260428978510713,0.47871500412388984,28.9,17.5,78.3,39.0,811.0,1306.0,3.7489206141594438,-1.0749856876862958,0.25881904510252074,0.9659258262890683,0.8660254037844387,-0.4999999999999998,0.644285800234717,0,3.3000000000000007,-9.0
18.2,19.6,217.0,43.4,5.2,49.0,27.3,32.0,2.7,337.0,0.0,945.7,2026-05-27 02:00:00,64,2.954910279033736,3.1570004211501135,3.3032169733019514,3.493472657771326,3.005682604407159,2.4849066497880004,3.054001181677967,3.407841924380824,3.138375891161934,0.1748986653922063,3.3071240574295278,0.22730552422452224,2.8149526177367945,0.6436721083144733,2.721914110240895,0.47618409784517507,24.2,27.5,59.3,56.1,460.0,1607.0,2.4853631043215887,-1.0549740469210396,0.49999999999999994,0.8660254037844387,0.8660254037844387,-0.4999999999999998,0.7986243997388476,0,2.8000000000000007,-11.0
15.5,16.5,142.0,34.8,4.6,51.0,27.1,30.0,2.4,306.0,0.0,945.4,2026-05-27 03:00:00,58,2.803360380906535,2.954910279033736,3.1570004211501135,3.3032169733019514,3.353406717825807,2.509599262378372,2.9014215940827497,3.2809112157876537,2.971757027030128,0.17742090971588584,3.2154496679429827,0.3031664894803325,2.839432710947474,0.636549935340706,2.7178282263585523,0.47499609506193713,19.6,36.4,43.4,71.1,217.0,1582.0,1.4106846055019349,-1.9416407864998741,0.7071067811865475,0.7071067811865476,0.8660254037844387,-0.4999999999999998,0.8245177590901573,0,2.5,-12.0
13.7,14.6,174.0,29.3,4.2,49.0,27.1,26.0,4.2,310.0,0.0,945.2,2026-05-27 04:00:00,54,2.6878474937846906,2.803360380906535,2.954910279033736,3.1570004211501135,3.580737295494233,2.5494451709255714,2.797281334830153,3.186352633162641,2.815372717908321,0.1339360108276727,3.066634700991392,0.3071166679686588,2.8509662378524006,0.6320560288588318,2.713268482981658,0.47472540049380096,16.5,42.3,34.8,84.2,142.0,1372.0,2.699707960683465,-3.217386661099708,0.8660254037844386,0.5000000000000001,0.8660254037844387,-0.4999999999999998,0.5168937488047481,0,2.900000000000002,-16.0
11.1,11.7,287.0,24.4,4.3,55.0,27.4,25.0,4.5,360.0,0.0,945.3,2026-05-27 05:00:00,46,2.4932054526026954,2.6878474937846906,2.803360380906535,2.954910279033736,3.493472657771326,1.547562508716013,2.760009940032921,3.1822118404966093,2.661471109097974,0.15675077396826276,2.8999235001299533,0.30049224726253193,2.929769816509624,0.49991403897528197,2.7021516293387324,0.47670306509335797,14.6,36.3,29.3,88.7,174.0,1117.0,4.5,-1.102182119232618e-15,0.9659258262890683,0.25881904510252074,0.8660254037844387,-0.4999999999999998,0.4533100822913992,0,3.1999999999999993,-23.0
10.7,11.4,557.0,25.0,5.1,74.0,26.9,31.0,5.0,334.0,0.0,945.5,2026-05-27 06:00:00,45,2.4595888418037104,2.4932054526026954,2.6878474937846906,2.803360380906535,3.3032169733019514,1.8562979903656263,2.72785282839839,3.091042453358316,2.546880596063699,0.12323258018972341,2.7593188115469136,0.2698550975747483,2.980044054129465,0.40310757754788595,2.6909739632306207,0.47921272716589997,11.7,28.9,24.4,78.3,287.0,811.0,4.493970231495834,-2.191855733945389,1.0,6.123233995736766e-17,0.8660254037844387,-0.4999999999999998,0.4099314736339517,0,2.3999999999999986,-18.0
12.3,13.6,907.0,25.5,6.2,99.0,29.2,31.0,4.6,315.0,0.0,946.2,2026-05-27 07:00:00,51,2.5877640352277083,2.4595888418037104,2.4932054526026954,2.6878474937846906,3.1570004211501135,2.468099531471619,2.827313621929028,3.1441522786722644,2.513519443211372,0.06645836074686579,2.664446080559846,0.1904648191068662,2.9900160961091387,0.3905771986708243,2.680992730451399,0.47874401155097945,11.4,24.2,25.0,59.3,557.0,460.0,3.2526911934581175,-3.2526911934581193,0.9659258262890683,-0.25881904510252063,0.8660254037844387,-0.4999999999999998,0.4621007205763765,0,3.3000000000000007,-10.0
10.9,14.6,1078.0,23.8,6.9,121.0,32.5,23.0,5.3,235.0,0.0,947.4,2026-05-27 08:00:00,45,2.4765384001174837,2.5877640352277083,2.4595888418037104,2.4932054526026954,2.954910279033736,3.005682604407159,2.827313621929028,3.126760535960395,2.5079637590496344,0.0696267544865794,2.584717434073804,0.13724732415477278,2.945920745751666,0.4175836481318229,2.6663770962092515,0.47943667239577775,13.6,19.6,25.5,43.4,907.0,217.0,-3.0399551126605457,-4.341505834731655,0.8660254037844387,-0.4999999999999998,0.8660254037844387,-0.4999999999999998,0.39310133335198155,0,3.8999999999999986,-9.0
10.1,22.2,891.0,17.8,6.7,134.0,35.6,18.0,4.2,25.0,0.0,947.6,2026-05-27 09:00:00,42,2.4069451083182885,2.4765384001174837,2.5877640352277083,2.4595888418037104,2.803360380906535,3.353406717825807,2.631888840136646,2.9601050959108397,2.4904158478878275,0.09120476275741451,2.5186482219757624,0.10177578967467078,2.867048944959373,0.42296979516539135,2.6570044407168196,0.4823302234173969,14.6,16.5,23.8,34.8,1078.0,142.0,3.80649270555393,1.7749966993109376,0.7071067811865476,-0.7071067811865475,0.8660254037844387,-0.4999999999999998,0.46287405929197856,0,4.0,-8.0
13.4,35.4,525.0,9.7,6.2,143.0,37.7,14.0,4.0,352.0,0.0,947.5,2026-05-27 10:00:00,54,2.667228206581955,2.4069451083182885,2.4765384001174837,2.5877640352277083,2.6878474937846906,3.580737295494233,2.388762789235098,2.856470206220483,2.5169039050059094,0.13475478952196912,2.5152116741086403,0.09504558474433278,2.7909231875500162,0.36042571020537467,2.6686071664396054,0.4789343335964171,22.2,14.6,17.8,29.3,891.0,174.0,3.961072274966281,-0.5566924038402635,0.49999999999999994,-0.8660254037844387,0.8660254037844387,-0.4999999999999998,0.5334456413163909,0,3.8000000000000043,-8.0
14.4,39.2,252.0,3.7,5.6,149.0,38.8,13.0,2.9,223.0,0.0,947.4,2026-05-27 11:00:00,56,2.7343675094195836,2.667228206581955,2.4069451083182885,2.4765384001174837,2.4932054526026954,3.493472657771326,2.341805806147327,2.8390784635086144,2.602846941439943,0.1729452736032483,2.555405350244788,0.12885661229040973,2.7276644251873705,0.2845373202523456,2.6849639040759494,0.4739657147054945,35.4,11.7,9.7,24.4,525.0,287.0,-2.1209257346955948,-1.9777952441812452,0.258819045102521,-0.9659258262890682,0.8660254037844387,-0.4999999999999998,0.7011198742101497,0,3.8999999999999986,-4.0
14.1,37.8,188.0,1.9,5.2,152.0,39.7,11.0,10.4,272.0,0.0,947.1,2026-05-27 12:00:00,55,2.714694743820879,2.7343675094195836,2.667228206581955,2.4069451083182885,2.4595888418037104,3.3032169733019514,2.4069451083182885,2.791165107812717,2.7054301532741394,0.03451515572734595,2.597923000580983,0.13294054064140087,2.678620906063948,0.21963205358005103,2.6977868055552237,0.47026559097450177,39.2,11.4,3.7,25.0,252.0,557.0,0.3629547657060133,-10.393664600998596,1.2246467991473532e-16,-1.0,0.8660254037844387,-0.4999999999999998,0.23813111787902444,0,3.200000000000003,-3.0
13.9,36.3,216.0,2.4,4.9,153.0,39.6,12.0,14.3,284.0,0.0,946.4,2026-05-27 13:00:00,55,2.7013612129514133,2.714694743820879,2.7343675094195836,2.667228206581955,2.5877640352277083,3.1570004211501135,2.451005098112319,2.7536607123542622,2.716807822063959,0.01660429843098994,2.616855863534934,0.13914846469414088,2.6406509720473896,0.16096024325344677,2.7082183103401865,0.4673209340162399,37.8,13.6,1.9,25.5,188.0,907.0,3.4594831070752448,-13.875228885746752,-0.2588190451025208,-0.9659258262890683,0.8660254037844387,-0.4999999999999998,0.17655955640205315,0,2.3000000000000043,1.0
14.4,36.2,263.0,3.2,4.6,152.0,39.5,12.0,14.9,287.0,0.0,946.1,2026-05-27 14:00:00,56,2.7343675094195836,2.7013612129514133,2.714694743820879,2.7343675094195836,2.4765384001174837,2.954910279033736,2.4849066497880004,2.6878474937846906,2.7168078220639593,0.01660429843098994,2.6598273817519504,0.12637417793603511,2.622272407912877,0.13175763455679992,2.7186125128248357,0.4649060872763801,36.3,14.6,2.4,23.8,216.0,1078.0,4.356338400368777,-14.248940863849228,-0.4999999999999997,-0.8660254037844388,0.8660254037844387,-0.4999999999999998,0.171972799334565,0,2.200000000000003,1.0
14.8,36.6,270.0,2.3,4.4,153.0,39.2,13.0,15.6,293.0,0.0,945.8,2026-05-27 15:00:00,57,2.760009940032921,2.7343675094195836,2.7013612129514133,2.714694743820879,2.4069451083182885,2.803360380906535,2.509599262378372,2.5649493574615367,2.731912887467973,0.02940131244974283,2.7186715203710556,0.0321355538705659,2.6186598711734095,0.12684385018785754,2.729046291060442,0.46281656091575235,36.2,22.2,3.2,17.8,263.0,891.0,6.095405604432666,-14.359875713858072,-0.7071067811865471,-0.7071067811865479,0.8660254037844387,-0.4999999999999998,0.16626565903812776,0,2.0,2.0
15.1,37.1,294.0,1.9,4.2,153.0,38.9,12.0,14.4,290.0,0.0,945.6,2026-05-27 16:00:00,57,2.7788192719904172,2.760009940032921,2.7343675094195836,2.7013612129514133,2.667228206581955,2.6878474937846906,2.5494451709255714,2.3978952727983707,2.7577322404809745,0.022313241256105808,2.737270031272466,0.028493434182638472,2.6262408526905534,0.13387831544611303,2.738603545271477,0.46131237596453345,36.6,35.4,2.3,9.7,270.0,525.0,4.925090063889634,-13.53157373931708,-0.8660254037844384,-0.5000000000000004,0.8660254037844387,-0.4999999999999998,0.18044280986950761,0,2.1999999999999957,1.0
13.3,33.4,435.0,6.2,4.0,147.0,39.1,10.0,11.5,279.0,0.0,945.1,2026-05-27 17:00:00,54,2.6602595372658615,2.7788192719904172,2.760009940032921,2.7343675094195836,2.7343675094195836,2.4932054526026954,1.547562508716013,1.4816045409242156,2.7330295830964,0.06371857986340333,2.724918702580179,0.04258224650918948,2.6401620264124834,0.12731160809165748,2.7849659214610543,0.38620681796740025,37.1,39.2,1.9,3.7,294.0,252.0,1.7989963479626527,-11.358415916844084,-0.9659258262890683,-0.25881904510252063,0.8660254037844387,-0.4999999999999998,0.21282076298126892,0,1.8000000000000043,0.0
12.8,30.7,824.0,16.5,4.7,128.0,37.6,11.0,7.8,292.0,0.0,945.2,2026-05-27 18:00:00,52,2.624668592163159,2.6602595372658615,2.7788192719904172,2.760009940032921,2.714694743820879,2.4595888418037104,1.8562979903656263,1.5260563034950494,2.6879158004731463,0.08071096390049864,2.7099143439705595,0.05943232997459044,2.653918672275771,0.11427762405010565,2.8169813632026184,0.33422542685002044,33.4,37.8,6.2,1.9,435.0,188.0,2.9219314286441134,-7.232034065620942,-1.0,-1.8369701987210297e-16,0.8660254037844387,-0.4999999999999998,0.2982577945639953,0,1.7000000000000028,-1.0
15.0,30.0,1331.0,31.3,5.6,100.0,34.3,18.0,4.4,330.0,0.0,944.9,2026-05-27 19:00:00,57,2.772588722239781,2.624668592163159,2.6602595372658615,2.7788192719904172,2.7013612129514133,2.5877640352277083,2.468099531471619,2.0918640616783932,2.6858389505562674,0.07720635342175822,2.7217855955186203,0.06429676693635843,2.669320729526777,0.11697419812181184,2.829668412817958,0.3260862603607844,30.7,36.3,16.5,2.4,824.0,216.0,3.8105117766515293,-2.200000000000002,-0.9659258262890684,0.2588190451025203,0.8660254037844387,-0.4999999999999998,0.5134423559703298,0,0.29999999999999716,3.0
21.3,36.2,1656.0,46.0,6.4,73.0,32.3,23.0,6.2,353.0,0.0,945.0,2026-05-27 20:00:00,70,3.104586678466073,2.772588722239781,2.624668592163159,2.6602595372658615,2.7343675094195836,2.4765384001174837,3.005682604407159,2.8390784635086144,2.833947997623005,0.24577238025626735,2.783488790359702,0.16982639972577607,2.7216580860558266,0.15665063224223558,2.8337894159037464,0.3290191751159566,30.0,36.2,31.3,3.2,1331.0,263.0,6.153786140176197,-0.7555899291119128,-0.8660254037844386,0.5000000000000001,0.8660254037844387,-0.4999999999999998,0.431192594231399,0,0.3999999999999986,2.0
29.1,44.4,1665.0,62.3,7.0,46.0,30.3,29.0,7.4,3.0,0.0,944.9,2026-05-27 21:00:00,87,3.40452517175483,3.104586678466073,2.772588722239781,2.624668592163159,2.760009940032921,2.4069451083182885,3.353406717825807,3.2809112157876537,3.0939001908202286,0.31610373268925046,2.890907995646687,0.3033501761449498,2.804789758008871,0.22447237655422642,2.835919351484122,0.33267437325003296,36.2,36.6,46.0,2.3,1656.0,270.0,7.389858557183847,0.3872860761977844,-0.7071067811865477,0.7071067811865474,0.8660254037844387,-0.4999999999999998,0.4053006156850988,0,0.6999999999999993,1.0
35.7,49.0,1494.0,78.5,7.4,20.0,29.3,31.0,6.4,8.0,0.0,944.9,2026-05-27 22:00:00,101,3.6027767550605247,3.40452517175483,3.104586678466073,2.772588722239781,2.7788192719904172,2.667228206581955,3.580737295494233,3.520460802488973,3.37062953509381,0.2508187069235259,3.028234242825038,0.410158239344239,2.8827521370487523,0.3161111430955259,2.8368376622993843,0.33484310127375244,44.4,37.1,62.3,1.9,1665.0,294.0,6.337715639946051,0.8907078461444189,-0.5000000000000004,0.8660254037844384,0.8660254037844387,-0.4999999999999998,0.48686172365682767,0,1.6000000000000014,-4.0
36.2,46.9,1252.0,85.1,7.4,7.0,29.9,29.0,5.9,358.0,0.0,944.7,2026-05-27 23:00:00,103,3.616308761279101,3.6027767550605247,3.40452517175483,3.104586678466073,2.6602595372658615,2.7343675094195836,3.493472657771326,3.4873750779032076,3.5412035626981524,0.1185601775944067,3.187575780160578,0.4240841446483774,2.9562472413703786,0.37543402296607126,2.8419558332788752,0.34606701647477905,49.0,33.4,78.5,6.2,1494.0,435.0,5.896405879412665,-0.20590703054475487,-0.25881904510252157,0.9659258262890681,0.8660254037844387,-0.4999999999999998,0.5241027190259566,0,1.5999999999999979,-5.0
31.8,41.1,913.0,74.1,6.8,16.0,29.1,29.0,6.5,2.0,0.0,944.5,2026-05-28 00:00:00,92,3.4904285153900982,3.616308761279101,3.6027767550605247,3.40452517175483,2.624668592163159,2.714694743820879,3.3032169733019514,3.3843902633457743,3.569838010576575,0.06910267536357596,3.331869100698402,0.3314117413540404,3.0208917223344804,0.3962681460160396,2.849756314199214,0.3587920178452289,46.9,30.7,85.1,16.5,1252.0,824.0,6.496040375624123,0.2268467285662563,0.0,1.0,0.8660254037844387,-0.4999999999999998,0.4653904687186798,0,1.7000000000000028,-8.0
26.5,35.5,503.0,53.3,5.9,37.0,28.6,29.0,6.0,17.0,0.0,944.0,2026-05-28 01:00:00,81,3.3141860046725258,3.4904285153900982,3.616308761279101,3.6027767550605247,2.772588722239781,2.7013612129514133,3.1570004211501135,3.2308043957334744,3.473641093780575,0.15175935937566343,3.422135314437192,0.19380347036955212,3.0719604549779067,0.3907962132501004,2.8563057135126475,0.36600640898294867,41.1,30.0,74.1,31.3,913.0,1331.0,5.737828535778212,1.7542302283364206,0.25881904510252074,0.9659258262890683,0.8660254037844387,-0.4999999999999998,0.4734551435246465,0,0.6000000000000014,-2.0
22.1,31.2,215.0,37.1,5.1,52.0,28.3,27.0,6.0,321.0,0.0,944.1,2026-05-28 02:00:00,72,3.139832617527748,3.3141860046725258,3.4904285153900982,3.616308761279101,3.104586678466073,2.7343675094195836,2.954910279033736,3.054001181677967,3.3148157125301245,0.17529879719629468,3.4280096376141382,0.18245523071422942,3.10574921398692,0.376210283790959,2.864010810949899,0.3700960922754601,35.5,36.2,53.3,46.0,503.0,1656.0,4.662875768741824,-3.7759223462990272,0.49999999999999994,0.8660254037844387,0.8660254037844387,-0.4999999999999998,0.44854751678967825,0,1.0,-5.0
20.3,28.8,134.0,31.5,4.5,48.0,28.5,23.0,12.8,298.0,0.0,944.4,2026-05-28 03:00:00,68,3.0587070727153796,3.139832617527748,3.3141860046725258,3.4904285153900982,3.40452517175483,2.760009940032921,2.803360380906535,2.9014215940827497,3.170908564971885,0.13054369785882367,3.3703732877742296,0.237634478744902,3.130640641710458,0.3608220756881041,2.874650256441934,0.3719424403444559,31.2,44.4,37.1,62.3,215.0,1665.0,6.009236003659398,-11.301729188594267,0.7071067811865475,0.7071067811865476,0.8660254037844387,-0.4999999999999998,0.2216454400518391,0,1.3999999999999986,-7.0
20.0,27.8,174.0,30.4,4.0,38.0,28.4,22.0,12.5,320.0,0.0,944.4,2026-05-28 04:00:00,68,3.044522437723423,3.0587070727153796,3.139832617527748,3.3141860046725258,3.6027767550605247,2.7788192719904172,2.6878474937846906,2.797281334830153,3.0810207093221837,0.05142403501817616,3.277330901551379,0.23772960207331878,3.1527825721882086,0.3450788001161314,2.889511712439381,0.37127908711865165,28.8,49.0,31.5,78.5,134.0,1494.0,9.575555538987222,-8.034845121081744,0.8660254037844386,0.5000000000000001,0.8660254037844387,-0.4999999999999998,0.2255201805721054,0,1.2999999999999972,-4.0
19.5,25.8,267.0,29.4,4.4,44.0,27.6,28.0,3.6,279.0,0.0,944.2,2026-05-28 05:00:00,67,3.0204248861443626,3.044522437723423,3.0587070727153796,3.139832617527748,3.616308761279101,2.6602595372658615,2.4932054526026954,2.760009940032921,3.041218132194389,0.01935381818759944,3.178016922362256,0.1868110976907674,3.1827963512614166,0.31246859552749445,2.911479188836951,0.3622997569410353,27.8,46.9,30.4,85.1,174.0,1252.0,0.5631640741448305,-3.555678026142496,0.9659258262890683,0.25881904510252074,0.8660254037844387,-0.4999999999999998,0.6566141056835572,0,0.20000000000000284,3.0
18.4,24.2,445.0,29.0,5.1,58.0,28.1,34.0,0.9,349.0,0.0,945.2,2026-05-28 06:00:00,64,2.9652730660692823,3.0204248861443626,3.044522437723423,3.0587070727153796,3.4904285153900982,2.624668592163159,2.4595888418037104,2.72785282839839,3.0100734633123563,0.04062609620529151,3.0904910141421205,0.12343919019160655,3.211180057420261,0.2697043873174631,2.932549364848016,0.34934968522918675,25.8,41.1,29.4,74.1,267.0,913.0,0.8834644651028976,-0.1717280958388902,1.0,6.123233995736766e-17,0.8660254037844387,-0.4999999999999998,1.5606700347733065,0,1.2000000000000028,3.0
20.0,27.0,676.0,28.2,6.1,79.0,29.0,29.0,6.1,60.0,0.0,945.5,2026-05-28 07:00:00,68,3.044522437723423,2.9652730660692823,3.0204248861443626,3.044522437723423,3.3141860046725258,2.772588722239781,2.5877640352277083,2.827313621929028,3.0100734633123563,0.04062609620529151,3.0455470863172693,0.056815648751744385,3.233841200377231,0.23920229096413423,2.9515809649520044,0.3421166760910907,24.2,35.5,29.0,53.3,445.0,503.0,3.0500000000000007,5.282754963085075,0.9659258262890683,-0.25881904510252063,0.8660254037844387,-0.4999999999999998,0.4288059771441441,0,-0.1999999999999993,-2.0
19.4,34.2,793.0,25.5,7.0,101.0,31.4,25.0,10.9,241.0,0.0,946.9,2026-05-28 08:00:00,66,3.0155349008501706,3.044522437723423,2.9652730660692823,3.0204248861443626,3.139832617527748,3.104586678466073,2.4765384001174837,2.827313621929028,3.008443468214292,0.0400977809799778,3.02483080020434,0.033394827546793536,3.226420218909239,0.24489054204512958,2.9740391524825327,0.32693089579562107,27.0,31.2,28.2,37.1,676.0,215.0,-5.284424860685072,-9.533354807819416,0.8660254037844387,-0.4999999999999998,0.8660254037844387,-0.4999999999999998,0.25340629418908994,0,-1.1000000000000014,2.0
18.6,39.2,685.0,19.2,7.8,125.0,33.3,20.0,5.9,322.0,0.0,947.1,2026-05-28 09:00:00,65,2.975529566236472,3.0155349008501706,3.044522437723423,2.9652730660692823,3.0587070727153796,3.40452517175483,2.4069451083182885,2.631888840136646,3.011862301603356,0.03464274913927665,3.0109678824578556,0.03378165015281978,3.190670585116043,0.2478220518086237,2.9977301715624574,0.30383518598348513,34.2,28.8,25.5,31.5,793.0,134.0,4.64926344627966,-3.6324027044213834,0.7071067811865476,-0.7071067811865475,0.8660254037844387,-0.4999999999999998,0.4312361690197785,0,-2.3000000000000043,2.0
17.9,41.8,463.0,11.0,8.4,149.0,36.4,16.0,5.7,328.0,0.0,947.2,2026-05-28 10:00:00,63,2.9391619220655967,2.975529566236472,3.0155349008501706,3.044522437723423,3.044522437723423,3.6027767550605247,2.667228206581955,2.388762789235098,2.9767421297174135,0.03820092544371452,2.993407796514884,0.039714096978464855,3.135369349033132,0.21997930785428202,3.009060743040942,0.2959422235144595,39.2,27.8,19.2,30.4,685.0,174.0,4.8338741480916285,-3.0205398061292685,0.49999999999999994,-0.8660254037844387,0.8660254037844387,-0.4999999999999998,0.43868088389038756,0,-1.3000000000000043,2.0
17.1,41.3,295.0,4.9,8.5,166.0,37.0,15.0,9.4,79.0,0.0,947.7,2026-05-28 11:00:00,62,2.89591193827178,2.9391619220655967,2.975529566236472,3.0155349008501706,3.0204248861443626,3.616308761279101,2.7343675094195836,2.341805806147327,2.9368678088579503,0.03985836031801673,2.972655638536121,0.05306157625237473,3.075336280449189,0.1692468224915424,3.0157917609097837,0.2912223349903112,41.8,25.8,11.0,29.4,463.0,267.0,1.7936045565395222,9.227295524408042,0.258819045102521,-0.9659258262890682,0.8660254037844387,-0.4999999999999998,0.27845307098767114,0,-1.7999999999999972,2.0
15.7,37.5,253.0,2.8,7.5,171.0,38.9,11.0,5.0,125.0,0.0,947.6,2026-05-28 12:00:00,59,2.8154087194227095,2.89591193827178,2.9391619220655967,2.975529566236472,2.9652730660692823,3.4904285153900982,2.714694743820879,2.4069451083182885,2.8834941932533624,0.06280417250949709,2.9476782474283585,0.08367380135629453,3.019084630785239,0.12518319396071623,3.0199881765598597,0.2873954724952894,41.3,24.2,4.9,29.0,295.0,445.0,-2.8678821817552307,4.095760221444959,1.2246467991473532e-16,-1.0,0.8660254037844387,-0.4999999999999998,0.4692347865704516,0,-0.8000000000000043,0.0
14.3,33.5,264.0,2.9,6.0,168.0,38.6,12.0,1.5,150.0,0.1,947.0,2026-05-28 13:00:00,56,2.72785282839839,2.8154087194227095,2.89591193827178,2.9391619220655967,3.044522437723423,3.3141860046725258,2.7013612129514133,2.451005098112319,2.813057828697627,0.084054215350947,2.8948999792075196,0.10699314860916265,2.9702235327623945,0.11340250582593923,3.021091993870151,0.2861667424279192,37.5,27.0,2.8,28.2,253.0,676.0,-1.299038105676658,0.7499999999999999,-0.2588190451025208,-0.9659258262890683,0.8660254037844387,-0.4999999999999998,1.091141131359356,0,-1.0,0.0
13.5,31.7,280.0,3.4,4.8,164.0,38.7,11.0,7.2,283.0,0.0,946.7,2026-05-28 14:00:00,54,2.6741486494265287,2.72785282839839,2.8154087194227095,2.89591193827178,3.0155349008501706,3.139832617527748,2.7343675094195836,2.4849066497880004,2.739136732415877,0.07130285205545513,2.838002270636913,0.11999328238142629,2.931416535420627,0.12872900005219698,3.0185828747037733,0.2890396362789425,33.5,34.2,2.9,25.5,264.0,793.0,1.6196475912758275,-7.015464466453694,-0.4999999999999997,-0.8660254037844388,0.8660254037844387,-0.4999999999999998,0.32611568895445475,0,-0.7999999999999972,-1.0
12.7,29.9,230.0,2.2,4.2,164.0,38.4,12.0,7.9,286.0,0.2,945.9,2026-05-28 15:00:00,52,2.617395832834079,2.6741486494265287,2.72785282839839,2.8154087194227095,2.975529566236472,3.0587070727153796,2.760009940032921,2.509599262378372,2.6731324368863327,0.05523550926010221,2.778313315069848,0.12678229683070635,2.8946405987638517,0.15029038454792354,3.012640620237155,0.2959695630304791,31.7,39.2,3.4,19.2,280.0,685.0,2.1775351109542953,-7.593967397912719,-0.7071067811865471,-0.7071067811865479,0.8660254037844387,-0.4999999999999998,0.29408941941955946,0,-0.8000000000000043,-1.0
11.5,27.2,185.0,1.5,3.8,162.0,38.7,11.0,10.9,279.0,0.0,945.5,2026-05-28 16:00:00,48,2.5257286443082556,2.617395832834079,2.6741486494265287,2.72785282839839,2.9391619220655967,3.044522437723423,2.7788192719904172,2.5494451709255714,2.6057577088562884,0.07489131409665235,2.7094077687769573,0.13402063245641255,2.851407782645921,0.17572233892750833,3.0020951774170648,0.3088897008849989,29.9,41.8,2.2,11.0,230.0,463.0,1.7051356689385144,-10.765802912487002,-0.8660254037844384,-0.5000000000000004,0.8660254037844387,-0.4999999999999998,0.21224610456371895,0,-0.19999999999999574,-1.0
11.0,24.2,304.0,6.8,5.7,155.0,38.1,11.0,7.4,277.0,0.0,945.3,2026-05-28 17:00:00,46,2.4849066497880004,2.5257286443082556,2.617395832834079,2.6741486494265287,2.89591193827178,3.0204248861443626,2.6602595372658615,1.547562508716013,2.542677042310112,0.0678511757612293,2.6409068873629935,0.12431441773300761,2.8067812629495577,0.19575488577864505,2.9947888071054876,0.3192277817877122,27.2,41.3,1.5,4.9,185.0,295.0,0.9018331411980929,-7.344841522145783,-0.9659258262890683,-0.25881904510252063,0.8660254037844387,-0.4999999999999998,0.29582222021285715,0,-1.0,1.0
10.3,21.5,788.0,30.3,6.7,124.0,37.4,12.0,6.6,279.0,0.0,945.2,2026-05-28 18:00:00,43,2.424802725718295,2.4849066497880004,2.5257286443082556,2.617395832834079,2.8154087194227095,2.9652730660692823,2.624668592163159,1.8562979903656263,2.4784793399381844,0.05076901608994628,2.575805888412258,0.11669760167470544,2.761742067920308,0.21699713666961273,2.9864610626702848,0.3316675516568068,24.2,37.5,6.8,2.8,304.0,253.0,1.0324674692655225,-6.518743047927909,-1.0,-1.8369701987210297e-16,0.8660254037844387,-0.4999999999999998,0.31905299022609146,0,-0.20000000000000284,1.0
16.8,25.3,1437.0,62.7,8.2,80.0,35.7,18.0,1.2,309.0,0.0,944.7,2026-05-28 19:00:00,61,2.8791984572980396,2.424802725718295,2.4849066497880004,2.5257286443082556,2.72785282839839,3.044522437723423,2.772588722239781,2.468099531471619,2.596302610934779,0.2468312487091907,2.6010301598955334,0.163219390299031,2.747965069551526,0.202151816982355,2.9909031349643787,0.32938465100231656,21.5,33.5,30.3,2.9,788.0,264.0,0.755184469259805,-0.9325751537483649,-0.9659258262890684,0.2588190451025203,0.8660254037844387,-0.4999999999999998,1.3087265714991088,0,1.4000000000000057,0.0
27.6,35.0,1811.0,87.5,9.2,45.0,33.1,19.0,2.9,94.0,0.0,945.3,2026-05-28 20:00:00,84,3.353406717825807,2.8791984572980396,2.424802725718295,2.4849066497880004,2.6741486494265287,3.0155349008501706,3.104586678466073,3.005682604407159,2.885802633614048,0.4643372210991867,2.7142398379620793,0.35129145478137236,2.7761210542994963,0.25848717030238916,3.0012706366043673,0.3369474845305859,25.3,31.7,62.7,3.4,1437.0,280.0,-0.20229377385796346,2.89293574575349,-0.8660254037844386,0.5000000000000001,0.8660254037844387,-0.4999999999999998,0.8598478763655916,0,0.8000000000000043,-4.0
39.6,47.6,1654.0,98.3,9.6,24.0,31.7,22.0,8.8,43.0,0.0,945.8,2026-05-28 21:00:00,111,3.703768066607687,3.353406717825807,2.8791984572980396,2.424802725718295,2.617395832834079,2.975529566236472,3.40452517175483,3.353406717825807,3.3121244139105115,0.4138320089259452,2.8953018769243477,0.5272788661136167,2.8368075959970973,0.37069256289142133,3.01373909055657,0.35743228555490736,35.0,29.9,87.5,2.2,1811.0,230.0,6.4359125742487,6.001585568549987,-0.7071067811865477,0.7071067811865474,0.8660254037844387,-0.4999999999999998,0.37793551700078437,0,1.3999999999999986,-7.0
47.1,55.2,1222.0,101.5,9.6,12.0,30.4,24.0,7.8,32.0,0.0,945.6,2026-05-28 22:00:00,130,3.8732821771117156,3.703768066607687,3.353406717825807,2.8791984572980396,2.5257286443082556,2.9391619220655967,3.6027767550605247,3.580737295494233,3.6434856538484035,0.2651284599170631,3.119894132391591,0.6176286941591035,2.914650950584274,0.47698206875047183,3.0250101498087028,0.38034482959612487,47.6,27.2,98.3,1.5,1654.0,185.0,6.614775150020122,4.133370261018998,-0.5000000000000004,0.8660254037844384,0.8660254037844387,-0.4999999999999998,0.4401457019445131,0,1.0999999999999979,-7.0
44.6,50.5,844.0,99.1,9.2,6.0,30.3,26.0,4.0,8.0,0.0,945.1,2026-05-28 23:00:00,123,3.8199077165203406,3.8732821771117156,3.703768066607687,3.353406717825807,2.4849066497880004,2.89591193827178,3.616308761279101,3.493472657771326,3.7989859867465814,0.08667206872768476,3.342394310180314,0.5825972810525043,2.991650598771654,0.5436093303804163,3.033493439610421,0.39605287640547954,55.2,24.2,101.5,6.8,1222.0,304.0,3.9610722749662814,0.5566924038402618,-0.25881904510252157,0.9659258262890681,0.8660254037844387,-0.4999999999999998,0.7639815433040681,0,0.40000000000000213,-3.0
39.2,43.9,633.0,89.8,8.0,9.0,29.0,31.0,1.8,354.0,0.0,944.1,2026-05-29 00:00:00,110,3.6938669956249757,3.8199077165203406,3.8732821771117156,3.703768066607687,2.424802725718295,2.8154087194227095,3.4904285153900982,3.3032169733019514,3.7956856297523447,0.09212754176969065,3.5539050218314276,0.3768914977359021,3.0648554551218434,0.5759073000608594,3.041970042953541,0.4082470673294965,50.5,21.5,99.1,30.3,844.0,788.0,1.790139411662892,-0.18815123388177615,0.0,1.0,0.8660254037844387,-0.4999999999999998,1.3192382127232056,0,-0.10000000000000142,2.0
33.8,38.0,476.0,74.9,6.4,18.0,28.0,32.0,2.4,9.0,0.0,943.1,2026-05-29 01:00:00,97,3.5496173867804286,3.6938669956249757,3.8199077165203406,3.8732821771117156,2.8791984572980396,2.72785282839839,3.3141860046725258,3.1570004211501135,3.687797366308582,0.13524735076058164,3.6656415100784927,0.18979735724357383,3.133335834987013,0.5810265219847303,3.051779683874704,0.41778948111365233,43.9,25.3,89.8,62.7,633.0,1437.0,2.3704520174283306,0.37544271609655405,0.25881904510252074,0.9659258262890683,0.8660254037844387,-0.4999999999999998,1.0440051137589497,0,-0.6000000000000014,3.0
29.0,33.4,367.0,60.4,5.2,28.0,27.3,33.0,2.1,15.0,0.0,942.7,2026-05-29 02:00:00,87,3.4011973816621555,3.5496173867804286,3.6938669956249757,3.8199077165203406,3.353406717825807,2.6741486494265287,3.139832617527748,2.954910279033736,3.5482272546891873,0.14633975907015137,3.6736066207178837,0.17445610205380377,3.1939232293399815,0.5665170269684469,3.0626698823803036,0.4235511496450768,38.0,35.0,74.9,87.5,476.0,1811.0,2.0284442352070435,0.5435199947152936,0.49999999999999994,0.8660254037844387,0.8660254037844387,-0.4999999999999998,1.0971604456974695,0,-1.0,6.0
25.4,30.4,301.0,47.6,4.6,33.0,27.0,32.0,2.7,360.0,0.0,942.7,2026-05-29 03:00:00,79,3.2733640101522705,3.4011973816621555,3.5496173867804286,3.6938669956249757,3.703768066607687,2.617395832834079,3.0587070727153796,2.803360380906535,3.4080595928649515,0.13825447364031063,3.601872611308648,0.23689005195562876,3.248587244116498,0.5366924042768556,3.0716139214401745,0.42572468486583137,33.4,47.6,60.4,98.3,367.0,1654.0,2.7,-6.613092715395707e-16,0.7071067811865475,0.7071067811865476,0.8660254037844387,-0.4999999999999998,0.8846929757168298,0,-1.5,9.0
23.1,28.9,283.0,35.1,4.3,39.0,27.1,29.0,2.1,322.0,0.0,943.0,2026-05-29 04:00:00,74,3.1822118404966093,3.2733640101522705,3.4011973816621555,3.5496173867804286,3.8732821771117156,2.5257286443082556,3.044522437723423,2.6878474937846906,3.285591077437012,0.11000360308045543,3.486694221872797,0.24634939633318603,3.303294177132194,0.4875162525535433,3.0773509798890575,0.42627112657335514,30.4,55.2,47.6,101.5,301.0,1222.0,1.6548225825741163,-1.2928890981838823,0.8660254037844386,0.5000000000000001,0.8660254037844387,-0.4999999999999998,1.0265199485472933,0,-1.2999999999999972,7.0
23.5,28.3,322.0,45.2,4.0,25.0,27.8,35.0,0.8,243.0,0.0,943.1,2026-05-29 05:00:00,75,3.1986731175506815,3.1822118404966093,3.2733640101522705,3.4011973816621555,3.8199077165203406,2.4849066497880004,3.0204248861443626,2.4932054526026954,3.218082989399854,0.04857712272393566,3.38315512204452,0.20544730600756383,3.3627747161124173,0.41703774284494066,3.0847779895309873,0.42678868188495017,28.9,50.5,35.1,99.1,283.0,844.0,-0.36319239979163753,-0.7128052193506943,0.9659258262890683,0.25881904510252074,0.8660254037844387,-0.4999999999999998,1.7770406208614897,0,0.1999999999999993,7.0
20.7,26.0,469.0,36.7,6.0,54.0,26.4,32.0,3.8,95.0,0.0,943.5,2026-05-29 06:00:00,69,3.077312260546414,3.1986731175506815,3.1822118404966093,3.2733640101522705,3.6938669956249757,2.424802725718295,2.9652730660692823,2.4595888418037104,3.152732406197902,0.0658323035305118,3.2803959995314265,0.17010840174214428,3.4171505106814273,0.31324429950308397,3.089446289300868,0.426036770942574,28.3,43.9,45.2,89.8,322.0,633.0,-0.3311918224411013,3.785539852748633,1.0,6.123233995736766e-17,0.8660254037844387,-0.4999999999999998,0.6411067209471696,0,-1.7000000000000028,-2.0
21.6,28.7,673.0,24.9,8.7,94.0,27.3,32.0,5.1,80.0,0.0,944.7,2026-05-29 07:00:00,71,3.1179499062782403,3.077312260546414,3.1986731175506815,3.1822118404966093,3.5496173867804286,2.8791984572980396,3.044522437723423,2.5877640352277083,3.1313117614584454,0.061773932881088414,3.2084514194477283,0.11622115466365045,3.4370464647631107,0.2819929568677105,3.092505767157318,0.42596377925803747,26.0,38.0,36.7,74.9,469.0,476.0,0.885605706101345,5.022519540362261,0.9659258262890683,-0.25881904510252063,0.8660254037844387,-0.4999999999999998,0.5111393288980722,0,-1.6999999999999993,3.0
20.8,31.5,784.0,15.2,10.5,128.0,30.4,26.0,8.7,77.0,0.0,946.2,2026-05-29 08:00:00,69,3.0819099697950434,3.1179499062782403,3.077312260546414,3.1986731175506815,3.4011973816621555,3.353406717825807,3.0155349008501706,2.4765384001174837,3.092390712206566,0.022253966697670907,3.1552368508032096,0.07669129623479397,3.4144217357605466,0.29965193253539013,3.0952713950300215,0.42565767203010907,28.7,33.4,24.9,60.4,673.0,367.0,1.9570741727916245,8.477019563631545,0.8660254037844387,-0.4999999999999998,0.8660254037844387,-0.4999999999999998,0.3177226772984581,0,-1.0,1.0
21.0,33.9,710.0,9.6,10.4,151.0,32.5,26.0,11.4,116.0,0.0,946.7,2026-05-29 09:00:00,70,3.091042453358316,3.0819099697950434,3.1179499062782403,3.077312260546414,3.2733640101522705,3.703768066607687,2.975529566236472,2.4069451083182885,3.096967443143867,0.018736285208107228,3.1248499246708836,0.05298014307204218,3.3633612679897653,0.2980651076036857,3.1000844319934315,0.42489723806368934,31.5,30.4,15.2,47.6,784.0,301.0,-4.997431073395484,10.246252127810504,0.7071067811865476,-0.7071067811865475,0.8660254037844387,-0.4999999999999998,0.2492776172063158,0,-0.7999999999999972,6.0
23.2,42.7,543.0,6.1,9.3,169.0,33.8,26.0,15.8,125.0,0.0,946.8,2026-05-29 10:00:00,74,3.186352633162641,3.091042453358316,3.0819099697950434,3.1179499062782403,3.1822118404966093,3.8732821771117156,2.9391619220655967,2.667228206581955,3.119768352105334,0.05784419095250051,3.125540056781889,0.053895851176710946,3.306117139327343,0.25392571070483905,3.1103840449558082,0.4238214568046717,33.9,28.9,9.6,35.1,710.0,283.0,-9.06250769434653,12.942602299766069,0.49999999999999994,-0.8660254037844387,0.8660254037844387,-0.4999999999999998,0.18966384721206195,0,-2.6000000000000014,10.0
26.0,53.7,413.0,3.8,8.5,181.0,35.4,23.0,17.4,129.0,0.0,947.0,2026-05-29 11:00:00,80,3.295836866004329,3.186352633162641,3.091042453358316,3.0819099697950434,3.1986731175506815,3.8199077165203406,2.89591193827178,2.7343675094195836,3.191077317508429,0.10247892390332643,3.1417340148574975,0.08556039604316465,3.262444568451009,0.1959819884048803,3.1270475836113314,0.42288330832109017,42.7,28.3,6.1,45.2,543.0,322.0,-10.950174804267167,13.522339729351295,0.258819045102521,-0.9659258262890682,0.8660254037844387,-0.4999999999999998,0.17912156880458313,0,-1.6000000000000014,8.0
28.8,65.7,369.0,2.8,8.3,188.0,36.2,22.0,17.3,137.0,0.0,946.6,2026-05-29 12:00:00,86,3.3945083935113587,3.295836866004329,3.186352633162641,3.091042453358316,3.077312260546414,3.6938669956249757,2.8154087194227095,2.714694743820879,3.2922326308927765,0.1041246753879423,3.1946000370183216,0.1261576261158967,3.2374980182748736,0.1496498690589736,3.1511767366983587,0.4208449081763166,53.7,26.0,3.8,36.7,413.0,469.0,-12.652419038011649,11.798571629081225,1.2246467991473532e-16,-1.0,0.8660254037844387,-0.4999999999999998,0.1854922619405114,0,-2.6999999999999957,11.0
31.4,77.3,362.0,3.0,8.2,189.0,36.8,20.0,18.0,132.0,0.0,946.3,2026-05-29 13:00:00,92,3.4781584227982836,3.3945083935113587,3.295836866004329,3.186352633162641,3.1179499062782403,3.5496173867804286,2.72785282839839,2.7013612129514133,3.389501227437991,0.09126385539746248,3.254634789771662,0.16277826606198398,3.2315431046096954,0.1369868323303693,3.1824394697983536,0.4158698235462878,65.7,28.7,2.8,24.9,369.0,673.0,-12.044350914459448,13.376606858593096,-0.2588190451025208,-0.9659258262890683,0.8660254037844387,-0.4999999999999998,0.1830609696209623,0,-1.8000000000000043,8.0
33.1,85.0,373.0,3.6,8.3,189.0,35.7,17.0,18.8,122.0,0.0,946.2,2026-05-29 14:00:00,95,3.529297384289471,3.4781584227982836,3.3945083935113587,3.295836866004329,3.0819099697950434,3.4011973816621555,2.6741486494265287,2.7343675094195836,3.467321400199705,0.06804482936159345,3.329199358854067,0.17013538557711125,3.242218104828638,0.15519105068513903,3.21807066708431,0.4069653448886514,77.3,31.5,3.0,15.2,362.0,784.0,-9.96248216758425,15.94330420774081,-0.4999999999999997,-0.8660254037844388,0.8660254037844387,-0.4999999999999998,0.17824734264088238,0,-3.0,6.0
33.1,87.1,391.0,4.2,8.4,189.0,34.6,18.0,11.7,159.0,0.0,945.8,2026-05-29 15:00:00,95,3.529297384289471,3.529297384289471,3.4781584227982836,3.3945083935113587,3.091042453358316,3.2733640101522705,2.617395832834079,2.760009940032921,3.512251063792409,0.02952509318303495,3.4022418473425926,0.1385925860409708,3.2635458860067383,0.17604566520647205,3.2560665650616176,0.3906895525758496,85.0,33.9,3.6,9.6,373.0,710.0,-10.92289099001726,4.192905009680012,-0.7071067811865471,-0.7071067811865479,0.8660254037844387,-0.4999999999999998,0.27789743183381665,0,-3.799999999999997,6.0
32.5,86.4,428.0,5.2,8.7,187.0,35.8,15.0,7.7,139.0,0.0,945.6,2026-05-29 16:00:00,94,3.5115454388310208,3.529297384289471,3.529297384289471,3.4781584227982836,3.186352633162641,3.1822118404966093,2.5257286443082556,2.7788192719904172,3.5233800691366546,0.01024909048913243,3.4564406482873227,0.09354526893175656,3.2909903525346063,0.18751072816433,3.2971422648333992,0.3612817984250472,87.1,42.7,4.2,6.1,391.0,543.0,-5.811263767715345,5.051654523226906,-0.8660254037844384,-0.5000000000000004,0.8660254037844387,-0.4999999999999998,0.4036259125093128,0,-2.9000000000000057,4.0
39.2,74.5,496.0,7.3,9.0,181.0,37.0,15.0,12.3,129.0,0.0,944.5,2026-05-29 17:00:00,110,3.6938669956249757,3.5115454388310208,3.529297384289471,3.529297384289471,3.295836866004329,3.1986731175506815,2.4849066497880004,2.6602595372658615,3.5782366062484896,0.10053145329900183,3.522779003224097,0.09790466608876801,3.3322565090407967,0.2174470415240236,3.3475156125766072,0.3256317477878366,86.4,53.7,5.2,3.8,428.0,413.0,-7.740640809912999,9.558895325920744,-0.9659258262890683,-0.25881904510252063,0.8660254037844387,-0.4999999999999998,0.2777343605733064,0,-1.1000000000000014,4.0
37.0,66.1,635.0,11.9,9.1,168.0,34.9,23.0,19.9,122.0,0.0,945.1,2026-05-29 18:00:00,105,3.6375861597263857,3.6938669956249757,3.5115454388310208,3.529297384289471,3.3945083935113587,3.077312260546414,2.424802725718295,2.624668592163159,3.614332864727461,0.09335857922105514,3.563291964259935,0.08343398828592768,3.3789460006391283,0.2178794697620982,3.3980482556602776,0.2645985891045032,74.5,65.7,7.3,2.8,496.0,369.0,-10.545393358240775,16.87615711351288,-1.0,-1.8369701987210297e-16,0.8660254037844387,-0.4999999999999998,0.17404718467590363,0,-2.5,11.0
35.7,55.8,806.0,18.3,9.1,150.0,33.1,27.0,15.0,110.0,0.0,945.9,2026-05-29 19:00:00,101,3.6027767550605247,3.6375861597263857,3.6938669956249757,3.5115454388310208,3.4781584227982836,3.1179499062782403,2.8791984572980396,2.772588722239781,3.6447433034706287,0.04596494872677474,3.5840616863036416,0.07284118712185898,3.4193482380376516,0.20988725386685733,3.428197351400381,0.24327287604319983,66.1,77.3,11.9,3.0,635.0,362.0,-5.130302149885031,14.095389311788626,-0.9659258262890684,0.2588190451025203,0.8660254037844387,-0.4999999999999998,0.2251735471912828,0,-2.6000000000000014,9.0
39.8,59.6,906.0,24.5,9.1,133.0,31.4,29.0,13.5,91.0,0.0,946.1,2026-05-29 20:00:00,112,3.708682081410116,3.6027767550605247,3.6375861597263857,3.6938669956249757,3.529297384289471,3.0819099697950434,3.353406717825807,3.104586678466073,3.6496816653990094,0.05397879658172744,3.6139591358237486,0.08209404592436523,3.4715792473389073,0.1957948371378134,3.443000491549727,0.24925957963545353,55.8,85.0,18.3,3.6,806.0,373.0,-0.23560748690332695,13.497943884611281,-0.8660254037844386,0.5000000000000001,0.8660254037844387,-0.4999999999999998,0.25577117802828386,0,-1.7000000000000028,10.0
44.6,65.9,875.0,30.5,8.9,117.0,30.5,30.0,10.7,95.0,0.0,946.2,2026-05-29 21:00:00,123,3.8199077165203406,3.708682081410116,3.6027767550605247,3.6375861597263857,3.529297384289471,3.091042453358316,3.703768066607687,3.40452517175483,3.710455517663661,0.10857634370904962,3.66239419119556,0.10475556316112802,3.5323180192690766,0.17937920489345324,3.4478396436294214,0.2555892667616149,59.6,87.1,24.5,4.2,906.0,391.0,-0.9325664473999431,10.659283269581676,-0.7071067811865477,0.7071067811865474,0.8660254037844387,-0.4999999999999998,0.32648783901883255,0,-1.1999999999999993,8.0
47.4,67.8,772.0,36.2,8.7,101.0,29.1,33.0,7.7,65.0,0.0,946.5,2026-05-29 22:00:00,130,3.879499813722586,3.8199077165203406,3.708682081410116,3.6027767550605247,3.5115454388310208,3.186352633162641,3.8732821771117156,3.6027767550605247,3.802696537217681,0.08669972859147382,3.723719920344154,0.10647354129105932,3.590080284315739,0.16915600370572784,3.4480987118215403,0.25604199960189694,65.9,86.4,30.5,5.2,875.0,428.0,3.2541606154033857,6.978569960182205,-0.5000000000000004,0.8660254037844384,0.8660254037844387,-0.4999999999999998,0.4459195188186881,0,-1.2999999999999972,9.0
47.8,67.3,672.0,39.1,8.2,89.0,29.7,30.0,8.1,69.0,0.0,946.2,2026-05-29 23:00:00,131,3.8877303128591016,3.879499813722586,3.8199077165203406,3.708682081410116,3.6938669956249757,3.295836866004329,3.8199077165203406,3.616308761279101,3.8623792810340096,0.0370109527462918,3.7560304732165086,0.12363450630985645,3.6394047382203034,0.16168792014334635,3.450924653335656,0.2606567769782889,67.8,74.5,36.2,7.3,772.0,496.0,2.902780391316933,7.5620014546273335,-0.25881904510252157,0.9659258262890681,0.8660254037844387,-0.4999999999999998,0.427223111303198,0,-0.6000000000000014,4.0
46.2,63.8,593.0,37.5,7.4,82.0,28.7,31.0,7.6,93.0,0.0,945.6,2026-05-30 00:00:00,127,3.8543938925915096,3.8877303128591016,3.879499813722586,3.8199077165203406,3.6375861597263857,3.3945083935113587,3.6938669956249757,3.4904285153900982,3.873874673057733,0.01736550847769891,3.792165095360696,0.11334857486566516,3.6777285298103153,0.1526119200475266,3.457613274042595,0.2690852229369723,67.3,66.1,39.1,11.9,672.0,635.0,-0.3977532674463732,7.589584464134761,0.0,1.0,0.8660254037844387,-0.4999999999999998,0.44818533634784996,1,-0.3000000000000007,0.0
43.8,59.1,517.0,33.2,6.4,78.0,27.5,34.0,6.5,76.0,0.0,945.4,2026-05-30 01:00:00,121,3.8022081394209395,3.8543938925915096,3.8877303128591016,3.879499813722586,3.6027767550605247,3.4781584227982836,3.5496173867804286,3.3141860046725258,3.8481107816238507,0.04310590040784322,3.825403659420765,0.06609629878908084,3.704732672862203,0.1424176445398072,3.4681378887359493,0.2776438256195938,63.8,55.8,37.5,18.3,593.0,806.0,1.57249232139784,6.306922220793977,0.25881904510252074,0.9659258262890683,0.8660254037844387,-0.4999999999999998,0.5069610852561253,1,-0.5,2.0
41.6,56.1,458.0,28.8,5.7,78.0,26.7,37.0,6.5,58.0,0.0,945.3,2026-05-30 02:00:00,116,3.751854253275325,3.8022081394209395,3.8543938925915096,3.8877303128591016,3.708682081410116,3.529297384289471,3.4011973816621555,3.139832617527748,3.8028187617625915,0.05127254677219294,3.8325990213983006,0.05161114711998096,3.7232790786110246,0.13157297080416439,3.4827485917198318,0.28314006062658953,59.1,59.6,33.2,24.5,517.0,906.0,3.4444752175158317,5.512312625016769,0.49999999999999994,0.8660254037844387,0.8660254037844387,-0.4999999999999998,0.5002472337700433,1,-0.6000000000000014,4.0
40.3,57.0,422.0,25.1,5.5,80.0,26.0,39.0,5.5,73.0,0.0,945.8,2026-05-30 03:00:00,113,3.720862499966987,3.751854253275325,3.8022081394209395,3.8543938925915096,3.8199077165203406,3.529297384289471,3.2733640101522705,3.0587070727153796,3.7583082975544175,0.04105507618079551,3.816091485306075,0.06929291601635719,3.7392428382508176,0.11667544563952728,3.501394362128778,0.28348630337518543,56.1,65.9,28.8,30.5,458.0,875.0,1.6080443759750522,5.259676157796695,0.7071067811865475,0.7071067811865476,0.8660254037844387,-0.4999999999999998,0.5724403846103057,1,-1.0,7.0
41.1,63.8,403.0,21.3,5.7,85.0,25.0,44.0,5.2,78.0,0.0,946.7,2026-05-30 04:00:00,115,3.7400477406883357,3.720862499966987,3.751854253275325,3.8022081394209395,3.879499813722586,3.5115454388310208,3.1822118404966093,3.044522437723423,3.7375881646435496,0.015641589721693685,3.7928494731336997,0.06712440577649263,3.758284696738927,0.09221920004987406,3.5246375246367663,0.27901186036283626,57.0,67.8,25.1,36.2,422.0,772.0,1.0811407922523493,5.086367523815789,0.8660254037844386,0.5000000000000001,0.8660254037844387,-0.4999999999999998,0.6032335065626347,1,-2.1000000000000014,15.0
40.5,57.9,402.0,23.6,5.6,75.0,23.9,48.0,13.2,121.0,0.0,947.1,2026-05-30 05:00:00,113,3.7256934272366524,3.7400477406883357,3.720862499966987,3.751854253275325,3.8877303128591016,3.6938669956249757,3.1986731175506815,3.0204248861443626,3.7288678892973253,0.009978791129968662,3.7658433255299575,0.0522685334735812,3.7609368993732333,0.09064231899536271,3.5465967042070154,0.2729144607825839,63.8,67.3,21.3,39.1,403.0,672.0,-6.798502588812716,11.314608369267882,0.9659258262890683,0.25881904510252074,0.8660254037844387,-0.4999999999999998,0.2623727765659615,1,-3.900000000000002,13.0
38.6,58.4,431.0,19.2,6.8,100.0,23.1,55.0,13.2,75.0,0.0,947.8,2026-05-30 06:00:00,109,3.6788291182604347,3.7256934272366524,3.7400477406883357,3.720862499966987,3.8543938925915096,3.6375861597263857,3.077312260546414,2.9652730660692823,3.714856762061808,0.03201569797891049,3.7365825298081123,0.04062782863890692,3.764373812584404,0.08621372185669397,3.571659906611766,0.2549743849289411,57.9,63.8,23.6,37.5,402.0,593.0,3.4164113953532738,12.7502209070157,1.0,6.123233995736766e-17,0.8660254037844387,-0.4999999999999998,0.25907247311693204,1,-3.299999999999997,23.0
36.2,79.6,476.0,13.1,8.5,134.0,25.3,46.0,13.7,76.0,0.0,948.4,2026-05-30 07:00:00,103,3.616308761279101,3.6788291182604347,3.7256934272366524,3.7400477406883357,3.8022081394209395,3.6027767550605247,3.1179499062782403,3.044522437723423,3.6736104355920634,0.054878750653206354,3.705599300117806,0.05030387246807754,3.7655014797692856,0.08396712290508003,3.592424858903469,0.23600542627141713,58.4,59.1,19.2,33.2,431.0,517.0,3.314329969715447,13.293051449981151,0.9659258262890683,-0.25881904510252063,0.8660254037844387,-0.4999999999999998,0.24600739872646948,1,-2.0,14.0
44.2,166.2,499.0,8.3,9.9,160.0,26.5,51.0,19.2,122.0,0.0,950.0,2026-05-30 08:00:00,122,3.8110970868381857,3.616308761279101,3.6788291182604347,3.7256934272366524,3.751854253275325,3.708682081410116,3.0819099697950434,3.0155349008501706,3.702078322125908,0.09945359246307946,3.715473105711616,0.06489639129611353,3.774036063554959,0.08286445719468752,3.6228076554469326,0.21326695413811578,79.6,56.1,13.1,28.8,476.0,458.0,-10.174449873277531,16.28252344620338,0.8660254037844387,-0.4999999999999998,0.8660254037844387,-0.4999999999999998,0.18866817261575178,1,-3.8999999999999986,25.0
48.4,185.8,474.0,6.3,10.7,169.0,27.7,45.0,19.3,118.0,0.0,950.9,2026-05-30 09:00:00,133,3.899950424193877,3.8110970868381857,3.616308761279101,3.6788291182604347,3.720862499966987,3.8199077165203406,3.091042453358316,2.975529566236472,3.7757854241037214,0.14508043761675693,3.745321093082764,0.09971472246324288,3.78070628919442,0.08982205422451417,3.656512154231748,0.18799564080576878,166.2,57.0,8.3,25.1,499.0,422.0,-9.060801161767696,17.04088854217729,0.7071067811865476,-0.7071067811865475,0.8660254037844387,-0.4999999999999998,0.1921157844430481,1,-4.800000000000001,19.0
56.0,219.3,426.0,5.6,11.2,170.0,29.3,41.0,19.5,118.0,0.0,951.3,2026-05-30 10:00:00,151,4.04305126783455,3.899950424193877,3.8110970868381857,3.616308761279101,3.7400477406883357,3.879499813722586,3.186352633162641,2.9391619220655967,3.9180329262888716,0.11702956114561554,3.795821680940467,0.15686218272612415,3.7943355770370832,0.11504293789713384,3.692207930676411,0.17577855266543346,185.8,63.8,6.3,21.3,474.0,403.0,-9.154695474324873,17.217478060749073,0.49999999999999994,-0.8660254037844387,0.8660254037844387,-0.4999999999999998,0.1972220130651,1,-4.4999999999999964,15.0
61.0,249.6,387.0,5.2,11.4,171.0,31.1,39.0,16.6,119.0,0.0,950.2,2026-05-30 11:00:00,154,4.127134385045092,4.04305126783455,3.899950424193877,3.8110970868381857,3.7256934272366524,3.8877303128591016,3.295836866004329,2.89591193827178,4.0233786923578405,0.11486250774916382,3.8627285072418736,0.20050921043544737,3.814285916385916,0.14858114728406052,3.7268453273031095,0.17618089865782086,219.3,57.9,5.6,23.6,426.0,402.0,-8.047839696089195,14.518687138513972,0.258819045102521,-0.9659258262890682,0.8660254037844387,-0.4999999999999998,0.234496271877562,1,-4.299999999999997,16.0
65.0,276.6,365.0,4.8,11.3,176.0,31.6,35.0,16.4,113.0,0.0,950.2,2026-05-30 12:00:00,156,4.189654742026425,4.127134385045092,4.04305126783455,3.899950424193877,3.6788291182604347,3.8543938925915096,3.3945083935113587,2.8154087194227095,4.119946798302023,0.07356555385282904,3.947866111202872,0.21475149611612546,3.8422243205054922,0.18408653672097824,3.7599764251579035,0.18548572586661266,249.6,58.4,5.2,19.2,387.0,431.0,-6.407990507224089,15.096279596620018,1.2246467991473532e-16,-1.0,0.8660254037844387,-0.4999999999999998,0.24078475528887502,1,-4.600000000000001,13.0
68.5,291.5,353.0,4.6,11.1,182.0,31.6,34.0,11.9,146.0,0.0,950.1,2026-05-30 13:00:00,158,4.241326752570746,4.189654742026425,4.127134385045092,4.04305126783455,3.616308761279101,3.8022081394209395,3.4781584227982836,2.72785282839839,4.186038626547422,0.05718200257638914,4.052035776418146,0.16832824020809337,3.878817538267976,0.21624461664732236,3.79177510556509,0.19992639503590753,276.6,79.6,4.8,13.1,365.0,476.0,-9.865547113404995,6.654395551301889,-0.2588190451025208,-0.9659258262890683,0.8660254037844387,-0.4999999999999998,0.3287850195791276,1,-5.199999999999996,14.0
69.4,299.9,356.0,4.9,10.9,186.0,31.6,31.0,13.3,138.0,0.0,949.6,2026-05-30 14:00:00,158,4.254193263163997,4.241326752570746,4.189654742026425,4.127134385045092,3.8110970868381857,3.751854253275325,3.529297384289471,2.6741486494265287,4.22839158592039,0.03415836764044817,4.125885139139115,0.13547384199386941,3.9206791224253656,0.2370534325815239,3.821979100518195,0.21288537493227863,291.5,166.2,4.6,8.3,353.0,499.0,-9.883826178849342,8.899437064572817,-0.4999999999999997,-0.8660254037844388,0.8660254037844387,-0.4999999999999998,0.29749603238909067,1,-4.100000000000001,14.0
70.8,312.0,359.0,4.3,11.0,189.0,30.8,34.0,10.6,148.0,0.2,949.2,2026-05-30 15:00:00,159,4.273884476054178,4.254193263163997,4.241326752570746,4.189654742026425,3.899950424193877,3.720862499966987,3.529297384289471,2.617395832834079,4.2564681639296404,0.016397643724799738,4.188207481115832,0.08867769931164755,3.966764287099297,0.2481712860232206,3.853003562675058,0.22241946985800704,299.9,185.8,4.9,6.3,356.0,474.0,-8.989309819258114,5.617144200871972,-0.7071067811865471,-0.7071067811865479,0.8660254037844387,-0.4999999999999998,0.36843831690122225,1,-3.8000000000000007,16.0
78.5,338.1,379.0,4.1,11.1,189.0,31.2,35.0,10.3,128.0,0.0,949.0,2026-05-30 16:00:00,163,4.375757021660286,4.273884476054178,4.254193263163997,4.241326752570746,4.04305126783455,3.7400477406883357,3.5115454388310208,2.5257286443082556,4.301278253626154,0.06524761399608857,4.243658440086787,0.08363530663005649,4.0197400605136275,0.2627955190138962,3.8890123786262776,0.23437038374510194,312.0,219.3,4.3,5.6,359.0,426.0,-6.341313195854281,8.116510762149238,-0.8660254037844384,-0.5000000000000004,0.8660254037844387,-0.4999999999999998,0.38723513466020226,1,-4.599999999999998,20.0
72.4,262.6,468.0,7.9,10.5,173.0,31.5,38.0,11.2,147.0,0.0,947.4,2026-05-30 17:00:00,160,4.29592393562047,4.375757021660286,4.273884476054178,4.254193263163997,4.127134385045092,3.7256934272366524,3.6938669956249757,2.4849066497880004,4.315188477778312,0.053598934928596915,4.27179003184935,0.06225725735200006,4.0672592695456125,0.2562657605893494,3.914098084459422,0.2445732963208075,338.1,249.6,4.1,5.2,379.0,387.0,-9.393110360988748,6.099957192168305,-0.9659258262890683,-0.25881904510252063,0.8660254037844387,-0.4999999999999998,0.3521249127557763,1,-5.5,23.0
64.5,204.9,702.0,12.5,10.0,159.0,30.3,41.0,12.2,117.0,0.0,947.1,2026-05-30 18:00:00,156,4.182050142641207,4.29592393562047,4.375757021660286,4.273884476054178,4.189654742026425,3.6788291182604347,3.6375861597263857,2.424802725718295,4.284577033307322,0.09735066968904521,4.270522598618481,0.06430743973101649,4.109194354910676,0.22635247775789752,3.9367840837475403,0.2430564426057435,262.6,276.6,7.9,4.8,468.0,365.0,-5.538684096822469,10.870279595098088,-1.0,-1.8369701987210297e-16,0.8660254037844387,-0.4999999999999998,0.3168219805031217,1,-4.599999999999998,18.0
58.9,163.9,1005.0,19.0,9.4,139.0,29.3,43.0,13.0,125.0,0.0,947.5,2026-05-30 19:00:00,153,4.092676505121403,4.182050142641207,4.29592393562047,4.375757021660286,4.241326752570746,3.616308761279101,3.6027767550605247,2.8791984572980396,4.190216861127694,0.1018695291500156,4.245747557376924,0.09774584754187232,4.148891666897534,0.16569852088626627,3.9571965733334107,0.23419607788259578,204.9,291.5,12.5,4.6,702.0,353.0,-7.4564936725636,10.648976575756892,-0.9659258262890684,0.2588190451025203,0.8660254037844387,-0.4999999999999998,0.2923340360801002,1,-3.8000000000000007,16.0
58.8,143.0,1208.0,25.9,8.9,119.0,28.0,48.0,11.8,137.0,0.0,948.3,2026-05-30 20:00:00,153,4.091005660956586,4.092676505121403,4.182050142641207,4.29592393562047,4.254193263163997,3.8110970868381857,3.708682081410116,3.353406717825807,4.121910769573066,0.052088924684881154,4.218549623675689,0.11593671768185848,4.1722173814074015,0.12959115498030868,3.97312672248118,0.229513134434077,163.9,299.9,19.0,4.9,1005.0,356.0,-8.629973679106213,8.047580648737483,-0.8660254037844386,0.5000000000000001,0.8660254037844387,-0.4999999999999998,0.3196098172622333,1,-3.3999999999999986,19.0
63.6,142.0,1229.0,33.9,8.6,99.0,27.2,52.0,6.7,126.0,0.0,948.5,2026-05-30 21:00:00,155,4.168214410788556,4.091005660956586,4.092676505121403,4.182050142641207,4.273884476054178,3.899950424193877,3.8199077165203406,3.703768066607687,4.1172988589555155,0.044102074711998694,4.200937946131417,0.11385716770350346,4.194572713623624,0.0975248868853138,3.987639501409022,0.2304138675699846,143.0,312.0,25.9,4.3,1208.0,359.0,-3.9381611903595695,5.420413862312148,-0.7071067811865477,0.7071067811865474,0.8660254037844387,-0.4999999999999998,0.5413265468556566,1,-3.3000000000000007,22.0
69.2,149.5,1149.0,42.2,8.5,79.0,26.3,56.0,5.8,97.0,0.0,948.9,2026-05-30 22:00:00,158,4.251348311031766,4.168214410788556,4.091005660956586,4.092676505121403,4.375757021660286,4.04305126783455,3.879499813722586,3.8732821771117156,4.170189460925637,0.08018956899475968,4.180203161026665,0.08272506395028675,4.211930800556726,0.08595517908413358,4.003133188796904,0.2352768487958115,142.0,338.1,33.9,4.1,1229.0,379.0,-0.7068421917498547,5.756767679519668,-0.5000000000000004,0.8660254037844384,0.8660254037844387,-0.4999999999999998,0.6251982810340833,1,-2.8000000000000007,23.0
74.3,160.7,1038.0,47.0,8.3,65.0,26.0,57.0,9.4,107.0,0.0,948.3,2026-05-30 23:00:00,161,4.321480134805848,4.251348311031766,4.168214410788556,4.091005660956586,4.29592393562047,4.127134385045092,3.8877303128591016,3.8199077165203406,4.247014285542058,0.0767247246482161,4.184462527557561,0.09019558021992159,4.228126279703456,0.08683020156318577,4.0212060980446855,0.24257292327246427,149.5,262.6,42.2,7.9,1149.0,468.0,-2.748294024393725,8.989264706052534,-0.25881904510252157,0.9659258262890681,0.8660254037844387,-0.4999999999999998,0.4155269360390238,1,-3.6999999999999993,27.0
79.4,178.8,895.0,45.6,8.0,62.0,25.2,61.0,8.3,104.0,0.0,948.4,2026-05-31 00:00:00,163,4.387014176184921,4.321480134805848,4.251348311031766,4.168214410788556,4.182050142641207,4.189654742026425,3.8543938925915096,3.6938669956249757,4.319947540674178,0.06784591642477135,4.2186231998148465,0.12222590154488495,4.244572899216664,0.0969787848658667,4.043398609861078,0.2508703447930151,160.7,204.9,47.0,12.5,1038.0,702.0,-2.0079517334772428,8.053454528090771,0.0,1.0,0.8660254037844387,-0.4999999999999998,0.4717219544284861,1,-3.5,30.0
82.0,195.1,720.0,40.7,7.7,64.0,24.8,64.0,7.5,120.0,0.0,948.7,2026-05-31 01:00:00,165,4.418840607796598,4.387014176184921,4.321480134805848,4.251348311031766,4.092676505121403,4.241326752570746,3.8022081394209395,3.5496173867804286,4.375778306262456,0.049643217108994685,4.272983883594045,0.12742824800755426,4.2593657204854845,0.1092064341707605,4.06909162937673,0.25660552438728934,178.8,163.9,45.6,19.0,895.0,1005.0,-3.7499999999999982,6.49519052838329,0.25881904510252074,0.9659258262890683,0.8660254037844387,-0.4999999999999998,0.5198636009172468,1,-2.6999999999999993,30.0
77.1,186.7,585.0,36.0,7.4,66.0,24.4,65.0,7.4,93.0,0.0,949.0,2026-05-31 02:00:00,162,4.35799005684564,4.418840607796598,4.387014176184921,4.321480134805848,4.091005660956586,4.254193263163997,3.751854253275325,3.4011973816621555,4.38794828027572,0.030436028002965427,4.317481282908887,0.09318761361174228,4.268015453292288,0.11281065745245572,4.0943472878588265,0.2538384866585445,195.1,143.0,40.7,25.9,720.0,1208.0,-0.38728607619778443,7.389858557183847,0.49999999999999994,0.8660254037844387,0.8660254037844387,-0.4999999999999998,0.5188083401006715,1,-2.3000000000000007,28.0
72.2,163.9,526.0,33.4,6.9,61.0,23.9,67.0,8.3,79.0,0.0,949.0,2026-05-31 03:00:00,160,4.293195420967266,4.35799005684564,4.418840607796598,4.387014176184921,4.168214410788556,4.273884476054178,3.720862499966987,3.2733640101522705,4.3566753618698355,0.06283290985226733,4.3383114512720065,0.06184736881501288,4.269624698701712,0.11303949353208319,4.118194492900505,0.2439157579846498,186.7,142.0,36.0,33.9,585.0,1229.0,1.583714661625323,8.147505622615611,0.7071067811865475,0.7071067811865476,0.8660254037844387,-0.4999999999999998,0.46163391623303934,1,-2.1000000000000014,28.0
68.5,143.4,506.0,31.1,6.5,55.0,23.5,70.0,9.9,75.0,0.0,949.1,2026-05-31 04:00:00,158,4.241326752570746,4.293195420967266,4.35799005684564,4.418840607796598,4.251348311031766,4.375757021660286,3.7400477406883357,3.1822118404966093,4.297504076794552,0.05845087704527387,4.3366411915285035,0.064733593385146,4.258422176277584,0.10811943890169025,4.139081118395606,0.23126111639719293,163.9,149.5,33.4,42.2,526.0,1149.0,2.5623085465149553,9.562665680261777,0.8660254037844386,0.5000000000000001,0.8660254037844387,-0.4999999999999998,0.38911254610740786,1,-1.5,26.0
41.1,69.8,488.0,19.4,5.8,74.0,23.7,69.0,10.3,96.0,0.1,949.5,2026-05-31 05:00:00,115,3.7400477406883357,4.241326752570746,4.293195420967266,4.35799005684564,4.321480134805848,4.29592393562047,3.7256934272366524,3.1986731175506815,4.0915233047421165,0.3054895968531468,4.239735792508918,0.25310161609611687,4.212099160033239,0.18343781588507513,4.1396792147894255,0.2301614611978692,143.4,160.7,31.1,47.0,506.0,1038.0,-1.0766431716568317,10.243575522293215,0.9659258262890683,0.25881904510252074,0.8660254037844387,-0.4999999999999998,0.3309776761671093,1,-0.1999999999999993,21.0
42.7,78.2,456.0,16.4,6.7,94.0,24.0,68.0,9.1,97.0,0.0,950.0,2026-05-31 06:00:00,119,3.7773481021015445,3.7400477406883357,4.241326752570746,4.293195420967266,4.387014176184921,4.182050142641207,3.6788291182604347,3.077312260546414,3.9195741984535424,0.27926933021922734,4.1381247801616885,0.3001548957831636,4.178373989988267,0.22250651656551307,4.143784172449473,0.2223300979615337,69.8,178.8,19.4,45.6,488.0,895.0,-1.109011024986841,9.03216997993603,1.0,6.123233995736766e-17,0.8660254037844387,-0.4999999999999998,0.37399486159421236,1,0.8999999999999986,13.0
44.9,100.1,424.0,12.2,7.9,122.0,25.2,63.0,8.3,88.0,0.0,950.5,2026-05-31 07:00:00,124,3.8264651170664994,3.7773481021015445,3.7400477406883357,4.241326752570746,4.418840607796598,4.092676505121403,3.616308761279101,3.1179499062782403,3.781286986618794,0.043343129137728836,4.039395531706672,0.2864647936574095,4.156189707650359,0.24405490000662755,4.152540687273946,0.20403817874255778,78.2,195.1,16.4,40.7,456.0,720.0,0.289665822630759,8.294943864258496,0.9659258262890683,-0.25881904510252063,0.8660254037844387,-0.4999999999999998,0.4114478620501612,1,-0.10000000000000142,17.0
43.3,105.9,401.0,8.6,8.8,145.0,27.0,54.0,6.7,85.0,0.0,951.2,2026-05-31 08:00:00,120,3.7909846770510898,3.8264651170664994,3.7773481021015445,3.7400477406883357,4.35799005684564,4.091005660956586,3.8110970868381857,3.0819099697950434,3.798265965406378,0.025355140698681566,3.944894635074247,0.2517670965404776,4.131187958991567,0.265743458243158,4.151702670199485,0.20553730905924553,100.1,186.7,12.2,36.0,424.0,585.0,0.5839434764093095,6.674504477214695,0.8660254037844387,-0.4999999999999998,0.8660254037844387,-0.4999999999999998,0.49233567234429737,1,0.5,3.0
41.9,111.8,391.0,6.2,9.2,160.0,28.8,45.0,5.8,116.0,0.0,951.5,2026-05-31 09:00:00,117,3.758871825933971,3.7909846770510898,3.8264651170664994,3.7773481021015445,4.293195420967266,4.168214410788556,3.899950424193877,3.091042453358316,3.792107206683854,0.03381062416034926,3.8558407025686976,0.19112340788121115,4.097076076920352,0.28605472146718625,4.145824395271989,0.21485647834561106,105.9,163.9,8.6,33.4,401.0,526.0,-2.5425526513766497,5.213005468535168,0.7071067811865476,-0.7071067811865475,0.8660254037844387,-0.4999999999999998,0.5527752685197016,1,1.1000000000000014,0.0
49.2,140.6,388.0,4.4,9.3,170.0,30.4,40.0,6.8,132.0,0.0,951.5,2026-05-31 10:00:00,135,3.9160150266976834,3.758871825933971,3.7909846770510898,3.8264651170664994,4.241326752570746,4.251348311031766,4.04305126783455,3.186352633162641,3.821957176560915,0.08302390126330564,3.8016220815898536,0.06328394199756085,4.069131636559178,0.2859931374153111,4.140531218557952,0.21902289432550787,111.8,143.4,6.2,31.1,391.0,506.0,-4.5500881232402355,5.05338481324628,0.49999999999999994,-0.8660254037844387,0.8660254037844387,-0.4999999999999998,0.5020532085509851,1,1.0999999999999979,-1.0
47.5,139.2,385.0,3.2,9.4,177.0,31.6,34.0,6.8,130.0,0.0,952.0,2026-05-31 11:00:00,131,3.8815637979434374,3.9160150266976834,3.758871825933971,3.7909846770510898,3.7400477406883357,4.321480134805848,4.127134385045092,3.295836866004329,3.8521502168583646,0.08259761165282399,3.825208091132371,0.062105983694029074,4.032471941820645,0.2788103871860107,4.13029911076205,0.2253215667868496,140.6,69.8,4.4,19.4,388.0,488.0,-4.370955745868468,5.20910221320905,0.258819045102521,-0.9659258262890682,0.8660254037844387,-0.4999999999999998,0.49763638435172275,1,0.5,-5.0
45.8,132.2,374.0,2.7,9.6,182.0,32.7,32.0,6.2,126.0,0.0,951.5,2026-05-31 12:00:00,126,3.845883202923601,3.8815637979434374,3.9160150266976834,3.758871825933971,3.7773481021015445,4.387014176184921,4.189654742026425,3.3945083935113587,3.8811540091882413,0.03506770767509843,3.8366306079360473,0.05768848136288962,3.987377694048868,0.2593349570415016,4.115975296632766,0.23220594238390935,139.2,78.2,3.2,16.4,385.0,456.0,-3.644268564213333,5.0159053651246746,1.2246467991473532e-16,-1.0,0.8660254037844387,-0.4999999999999998,0.5341504448505001,1,1.1000000000000014,-3.0
46.6,129.9,362.0,2.8,9.8,183.0,33.4,32.0,8.1,149.0,0.0,951.1,2026-05-31 13:00:00,128,3.8628327612373745,3.845883202923601,3.8815637979434374,3.9160150266976834,3.8264651170664994,4.418840607796598,4.241326752570746,3.4781584227982836,3.863426587368138,0.017847708181894656,3.842691881964526,0.05831395336572498,3.941043706835599,0.22225905304749846,4.100204713660542,0.236141987264204,132.2,100.1,2.7,12.2,374.0,424.0,-6.943055135687109,4.17180840677144,-0.2588190451025208,-0.9659258262890683,0.8660254037844387,-0.4999999999999998,0.42448711661949173,1,1.7999999999999972,-2.0
46.7,128.5,359.0,3.1,9.9,183.0,33.2,33.0,9.7,161.0,0.0,950.6,2026-05-31 14:00:00,129,3.8649313978942956,3.8628327612373745,3.845883202923601,3.8815637979434374,3.7909846770510898,4.35799005684564,4.254193263163997,3.529297384289471,3.8578824540184242,0.01044450042272889,3.855016335438394,0.0527488272740783,3.8999554852563203,0.17966632573452374,4.083985469274304,0.238462229607836,129.9,105.9,2.8,8.6,362.0,401.0,-9.171530183313372,3.1580110982344185,-0.4999999999999997,-0.8660254037844388,0.8660254037844387,-0.4999999999999998,0.36120854185928,1,1.6000000000000014,2.0
48.3,131.8,352.0,3.5,10.0,182.0,32.9,33.0,8.2,166.0,0.0,950.2,2026-05-31 15:00:00,133,3.8979240810486444,3.8649313978942956,3.8628327612373745,3.845883202923601,3.758871825933971,4.293195420967266,4.273884476054178,3.529297384289471,3.875229413393439,0.019682149881000244,3.8781917112908393,0.025639475595446937,3.867016206929769,0.13053261574912692,4.06832045281574,0.23779285701382813,128.5,111.8,3.1,6.2,359.0,391.0,-7.95642495546317,1.9837595439172753,-0.7071067811865471,-0.7071067811865479,0.8660254037844387,-0.4999999999999998,0.42368740011398315,1,2.099999999999998,-1.0
46.8,125.7,355.0,4.1,10.1,179.0,32.9,33.0,6.6,164.0,0.0,949.7,2026-05-31 16:00:00,129,3.86702563949741,3.8979240810486444,3.8649313978942956,3.8628327612373745,3.9160150266976834,4.241326752570746,4.375757021660286,3.5115454388310208,3.8766270394801174,0.01847347954907979,3.8700268134241274,0.01778200310389741,3.8358244475069903,0.05692331904146999,4.047123311892287,0.2317948767752138,131.8,140.6,3.5,4.4,352.0,388.0,-6.344327193192904,1.8192065483921946,-0.8660254037844384,-0.5000000000000004,0.8660254037844387,-0.4999999999999998,0.5088191630917646,1,1.6999999999999993,-2.0
45.6,122.5,416.0,5.5,10.2,176.0,33.0,31.0,6.6,164.0,0.0,949.0,2026-05-31 17:00:00,126,3.8416005411316,3.86702563949741,3.8979240810486444,3.8649313978942956,3.8815637979434374,3.7400477406883357,4.29592393562047,3.6938669956249757,3.8688500872258857,0.028206058645806584,3.8633662706221537,0.01994879512193063,3.844287180877263,0.0482829521702722,4.028193170455251,0.22912891240524402,125.7,139.2,4.1,3.2,355.0,385.0,-6.344327193192904,1.8192065483921946,-0.9659258262890683,-0.25881904510252063,0.8660254037844387,-0.4999999999999998,0.5054737554120526,1,1.5,-7.0
44.7,119.0,605.0,7.8,10.2,165.0,32.2,32.0,7.8,130.0,0.0,948.7,2026-05-31 18:00:00,124,3.822098297900159,3.8416005411316,3.86702563949741,3.8979240810486444,3.845883202923601,3.7773481021015445,4.182050142641207,3.6375861597263857,3.8435748261763902,0.022528645250570575,3.859402119784914,0.025662708739931057,3.8480163638604807,0.04419821342009061,4.013195176924374,0.23039719188587712,122.5,132.2,5.5,2.7,416.0,374.0,-5.013743355555007,5.975146656328028,-1.0,-1.8369701987210297e-16,0.8660254037844387,-0.4999999999999998,0.43432935203410894,1,1.9000000000000021,-9.0
45.1,115.9,852.0,11.1,10.1,150.0,30.7,35.0,11.0,115.0,0.0,948.9,2026-05-31 19:00:00,125,3.8308129500026027,3.822098297900159,3.8416005411316,3.86702563949741,3.8628327612373745,3.8264651170664994,4.092676505121403,3.6027767550605247,3.8315039296781213,0.009769465821989325,3.854065484579119,0.028027009742392577,3.848378683271822,0.044022957513435254,4.00228419546109,0.2326589896256842,119.0,129.9,7.8,2.8,605.0,362.0,-4.648800879147693,9.969385657403151,-0.9659258262890684,0.2588190451025203,0.8660254037844387,-0.4999999999999998,0.3192344125002169,1,1.3999999999999986,-8.0
46.6,110.4,1001.0,14.2,9.8,135.0,29.4,38.0,7.0,122.0,0.0,949.2,2026-05-31 20:00:00,128,3.8628327612373745,3.8308129500026027,3.822098297900159,3.8416005411316,3.8649313978942956,3.7909846770510898,4.091005660956586,3.708682081410116,3.8385813363800465,0.021449591978010503,3.8537157118029657,0.02787697758854311,3.85436602362068,0.0402299053812856,3.992776991306123,0.2335362036137046,115.9,128.5,11.1,3.1,852.0,359.0,-3.7094348496324336,5.936336673094982,-0.8660254037844386,0.5000000000000001,0.8660254037844387,-0.4999999999999998,0.4828540951546718,1,1.3999999999999986,-10.0
49.1,115.9,967.0,16.8,9.1,122.0,28.7,41.0,5.9,101.0,0.0,949.9,2026-05-31 21:00:00,134,3.914021008090819,3.8628327612373745,3.8308129500026027,3.822098297900159,3.8979240810486444,3.758871825933971,4.168214410788556,3.8199077165203406,3.8692222397769327,0.04197039801702023,3.8563985329766606,0.03324091776610256,3.86729512213375,0.03050563953351357,3.9821855995270514,0.23098396311572453,110.4,131.8,14.2,3.5,1001.0,352.0,-1.1257730727216144,5.791600382341218,-0.7071067811865477,0.7071067811865474,0.8660254037844387,-0.4999999999999998,0.5672494214624375,1,1.5,-11.0
51.6,119.0,834.0,19.3,8.2,110.0,27.9,42.0,7.4,97.0,0.0,950.5,2026-05-31 22:00:00,141,3.9627161197436642,3.914021008090819,3.8628327612373745,3.8308129500026027,3.86702563949741,3.9160150266976834,4.251348311031766,3.879499813722586,3.913189963023953,0.049946864802006205,3.8723469463510365,0.05511655939490364,3.8711868798875817,0.039064425597645336,3.9701592582233807,0.22376150969840108,115.9,125.7,16.8,4.1,967.0,355.0,-0.9018331411980905,7.344841522145784,-0.5000000000000004,0.8660254037844384,0.8660254037844387,-0.4999999999999998,0.47175191901710284,1,1.5999999999999979,-14.0
54.4,124.8,700.0,21.5,7.4,98.0,27.7,46.0,7.0,77.0,0.0,950.6,2026-05-31 23:00:00,148,4.014579593753238,3.9627161197436642,3.914021008090819,3.8628327612373745,3.8416005411316,3.8815637979434374,4.321480134805848,3.8877303128591016,3.963772240529241,0.050287611107909504,3.901176788454643,0.07679453284767981,3.8822715295383987,0.057021271379322176,3.9573717356795215,0.21122975482266118,119.0,122.5,19.3,5.5,834.0,416.0,1.5746573804070545,6.820590453496647,-0.25881904510252157,0.9659258262890681,0.8660254037844387,-0.4999999999999998,0.5018224492191548,1,1.6999999999999993,-11.0
57.7,132.2,586.0,24.0,6.9,84.0,26.8,50.0,9.4,54.0,0.0,950.3,2026-06-01 00:00:00,152,4.072439726834051,4.014579593753238,3.9627161197436642,3.914021008090819,3.822098297900159,3.845883202923601,4.387014176184921,3.8543938925915096,4.016578480110319,0.054889107737613546,3.942900359943625,0.09178175119669711,3.9011512398642694,0.07765201554010318,3.9442644669565685,0.19232434317421487,124.8,119.0,21.5,7.8,700.0,605.0,5.525181371549247,7.604759747124507,0.0,1.0,0.49999999999999994,-0.8660254037844387,0.39158074296481254,0,1.6000000000000014,-11.0
60.3,134.6,472.0,26.2,6.4,71.0,26.3,51.0,8.6,53.0,0.0,950.0,2026-06-01 01:00:00,153,4.115779842942166,4.072439726834051,4.014579593753238,3.9627161197436642,3.8308129500026027,3.8628327612373745,4.418840607796598,3.8022081394209395,4.067599721176485,0.05077343646088802,3.9903948421002187,0.09582152412300585,3.9222301633396692,0.09797656026183597,3.9316369350876337,0.1682528014830382,132.2,115.9,24.0,11.1,586.0,852.0,5.175609199107615,6.868265386406718,0.25881904510252074,0.9659258262890683,0.49999999999999994,-0.8660254037844387,0.4287270669731423,0,1.5,-13.0
61.0,132.2,390.0,26.9,6.2,63.0,26.0,52.0,7.3,40.0,0.0,949.4,2026-06-01 02:00:00,154,4.127134385045092,4.115779842942166,4.072439726834051,4.014579593753238,3.8628327612373745,3.8649313978942956,4.35799005684564,3.751854253275325,4.105117984940437,0.028864040279231326,4.034445112734838,0.08566432454539373,3.9440804122689017,0.11223630144397884,3.9220179487626115,0.14822556118169503,134.6,110.4,26.2,14.2,472.0,1001.0,5.5921244347685395,4.692349550711737,0.49999999999999994,0.8660254037844387,0.49999999999999994,-0.8660254037844387,0.4972451066319387,0,1.6000000000000014,-13.0
59.8,126.2,353.0,25.0,6.0,63.0,25.6,53.0,6.4,40.0,0.0,949.0,2026-06-01 03:00:00,153,4.107589788972121,4.127134385045092,4.115779842942166,4.072439726834051,3.914021008090819,3.8979240810486444,4.293195420967266,3.720862499966987,4.1168346723197935,0.009814902326283839,4.066706576215055,0.06526139598004792,3.961552554595858,0.1204191396929531,3.914284380762813,0.13196797848519431,132.2,115.9,26.9,16.8,390.0,967.0,4.90268443596146,4.113840701993851,0.7071067811865475,0.7071067811865476,0.49999999999999994,-0.8660254037844387,0.5550797012124488,0,1.7000000000000028,-14.0
58.0,119.7,349.0,21.5,5.9,70.0,25.0,55.0,6.1,62.0,0.0,948.8,2026-06-01 04:00:00,152,4.07753744390572,4.107589788972121,4.127134385045092,4.115779842942166,3.9627161197436642,3.86702563949741,4.241326752570746,3.7400477406883357,4.104087205974311,0.02498329858799018,4.085843463575398,0.040990776857904095,3.9790952049632176,0.12072985739604201,3.907459826235104,0.11779397075172211,126.2,119.0,25.0,19.3,353.0,834.0,2.863776532993934,5.385980316439453,0.8660254037844386,0.5000000000000001,0.49999999999999994,-0.8660254037844387,0.5743010484374254,0,1.5,-15.0
58.2,118.3,373.0,20.8,6.7,69.0,25.0,58.0,6.1,92.0,0.0,949.1,2026-06-01 05:00:00,152,4.0809215418899605,4.07753744390572,4.107589788972121,4.127134385045092,4.014579593753238,3.8416005411316,3.7400477406883357,3.7256934272366524,4.088682924922601,0.016461019437772763,4.096900454931518,0.02286203298494719,3.999038621693081,0.11561048434485513,3.921662901285172,0.11727992410862345,119.7,124.8,21.5,21.5,349.0,700.0,-0.21288692988525582,6.096284044816484,0.9659258262890683,0.25881904510252074,0.49999999999999994,-0.8660254037844387,0.5747776819563325,0,1.3000000000000007,-11.0
59.6,123.4,447.0,18.5,9.4,89.0,25.2,57.0,7.6,78.0,0.0,949.5,2026-06-01 06:00:00,153,4.104294893075269,4.0809215418899605,4.07753744390572,4.107589788972121,4.072439726834051,3.822098297900159,3.7773481021015445,3.6788291182604347,4.087584626290318,0.014570099238119768,4.102209649305054,0.019496604771352097,4.02255500462434,0.10451549962577238,3.93528568424241,0.11876705584884652,118.3,132.2,20.8,24.0,373.0,586.0,1.5801288502149717,7.433921765576922,1.0,6.123233995736766e-17,0.49999999999999994,-0.8660254037844387,0.47724359221805457,0,1.1999999999999993,-11.0
55.8,138.3,550.0,15.2,13.0,118.0,26.8,51.0,8.8,88.0,0.0,950.4,2026-06-01 07:00:00,151,4.039536325727106,4.104294893075269,4.0809215418899605,4.07753744390572,4.115779842942166,3.8308129500026027,3.8264651170664994,3.616308761279101,4.074917586897445,0.03279410950017515,4.089502396435878,0.030579528015069635,4.039948619268048,0.08530761560036544,3.9441636512699354,0.11824141719188594,123.4,134.6,18.5,26.2,447.0,472.0,0.30711557098200953,8.794639277768043,0.9659258262890683,-0.25881904510252063,0.49999999999999994,-0.8660254037844387,0.4121975842578679,0,1.6000000000000014,-12.0
49.5,129.5,607.0,12.0,15.6,143.0,28.3,47.0,9.7,102.0,0.0,950.9,2026-06-01 08:00:00,135,3.9219733362813143,4.039536325727106,4.104294893075269,4.0809215418899605,4.127134385045092,3.8628327612373745,3.7909846770510898,3.8110970868381857,4.021934851694564,0.09242643796030613,4.0553088883085815,0.06972830287537664,4.044877000521709,0.07526193955543022,3.949621512071195,0.11380330993075258,138.3,132.2,15.2,26.9,550.0,390.0,-2.0167434009322656,9.488031727117914,0.8660254037844387,-0.4999999999999998,0.49999999999999994,-0.8660254037844387,0.36653956413844063,0,1.3000000000000007,-7.0
46.4,122.5,573.0,9.0,16.1,160.0,29.8,41.0,10.0,113.0,0.0,951.4,2026-06-01 09:00:00,128,3.858622228701031,3.9219733362813143,4.039536325727106,4.104294893075269,4.107589788972121,3.914021008090819,3.758871825933971,3.899950424193877,3.9400439635698175,0.0918008077504708,4.013814294930067,0.09993169960017476,4.040260435572561,0.08507737238422278,3.9537777788531554,0.10821843542303271,129.5,126.2,12.0,25.0,607.0,353.0,-3.907311284892738,9.205048534524403,0.7071067811865476,-0.7071067811865475,0.49999999999999994,-0.8660254037844387,0.350783838972821,0,1.0,-4.0
45.2,117.1,494.0,6.0,15.5,173.0,31.0,39.0,9.9,125.0,0.0,951.7,2026-06-01 10:00:00,125,3.832979798087693,3.858622228701031,3.9219733362813143,4.039536325727106,4.07753744390572,3.9627161197436642,3.9160150266976834,4.04305126783455,3.8711917876900137,0.04580892729520108,3.9730546872937293,0.11713592512098955,4.029449075434564,0.10232269270756762,3.9503179776610726,0.11077535550915588,122.5,119.7,9.0,21.5,573.0,349.0,-5.678406719875357,8.109605238461018,0.49999999999999994,-0.8660254037844387,0.49999999999999994,-0.8660254037844387,0.35164952276033884,0,0.6000000000000014,-1.0
44.7,114.6,434.0,3.9,14.6,182.0,32.0,37.0,9.4,128.0,0.0,951.9,2026-06-01 11:00:00,124,3.822098297900159,3.832979798087693,3.858622228701031,3.9219733362813143,4.0809215418899605,4.014579593753238,3.8815637979434374,4.127134385045092,3.8379001082296287,0.018752505678052846,3.929917479962096,0.117125390936189,4.013408967446806,0.1186496333977956,3.947840248492603,0.11302230168028372,117.1,118.3,6.0,20.8,494.0,373.0,-5.787217868061188,7.407301083903187,0.258819045102521,-0.9659258262890682,0.49999999999999994,-0.8660254037844387,0.36750945172116917,0,0.3999999999999986,3.0
46.8,121.5,417.0,3.0,13.6,185.0,33.2,35.0,5.6,138.0,0.0,951.5,2026-06-01 12:00:00,129,3.86702563949741,3.822098297900159,3.832979798087693,3.858622228701031,4.104294893075269,4.072439726834051,3.845883202923601,4.189654742026425,3.8407012451617546,0.023437834038925714,3.8903726043657856,0.08094060079737914,3.99629112683542,0.12405361491236834,3.9487211833498446,0.11227297331485746,114.6,123.4,3.9,18.5,434.0,447.0,-4.161611022673406,3.7471313956096064,1.2246467991473532e-16,-1.0,0.49999999999999994,-0.8660254037844387,0.5859129756814258,0,0.5,3.0
63.1,162.1,420.0,3.0,12.3,184.0,33.9,34.0,5.4,150.0,0.1,951.1,2026-06-01 13:00:00,155,4.160444363926624,3.86702563949741,3.822098297900159,3.832979798087693,4.039536325727106,4.115779842942166,3.8628327612373745,4.241326752570746,3.949856100441398,0.1837530381899581,3.910523944065705,0.1272865938572664,4.000013170250791,0.12855306006949377,3.9611216667952305,0.11862975444970257,121.5,138.3,3.0,15.2,417.0,550.0,-4.676537180435969,2.6999999999999997,-0.2588190451025208,-0.9659258262890683,0.49999999999999994,-0.8660254037844387,0.6500694318635349,0,0.5,2.0
46.7,119.2,434.0,3.6,11.5,181.0,34.1,34.0,5.3,152.0,0.2,950.2,2026-06-01 14:00:00,129,3.8649313978942956,4.160444363926624,3.86702563949741,3.822098297900159,3.9219733362813143,4.127134385045092,3.8649313978942956,4.254193263163997,3.9641338004394435,0.17001315968025157,3.9010169543345357,0.12838588663923886,3.978162921321559,0.12725881402534103,3.9611216667952305,0.11862975444970257,162.1,129.5,3.0,12.0,420.0,607.0,-4.679622242152313,2.4881992827652204,-0.4999999999999997,-0.8660254037844388,0.49999999999999994,-0.8660254037844387,0.6134811742689358,0,0.8999999999999986,1.0
45.3,113.9,398.0,4.9,11.6,177.0,34.0,35.0,6.4,128.0,0.2,949.5,2026-06-01 15:00:00,125,3.835141961092188,3.8649313978942956,4.160444363926624,3.86702563949741,3.858622228701031,4.107589788972121,3.8979240810486444,4.273884476054178,3.9535059076377035,0.17983185522781256,3.897103576399729,0.1302804622748115,3.955458935664898,0.12636918951203685,3.958505745130378,0.1207570588512672,119.2,122.5,3.6,9.0,434.0,573.0,-3.9402334420842133,5.043268823083022,-0.7071067811865471,-0.7071067811865479,0.49999999999999994,-0.8660254037844387,0.51826242717462,0,1.1000000000000014,2.0
44.5,111.1,373.0,6.9,12.1,172.0,32.2,43.0,7.4,135.0,0.5,949.2,2026-06-01 16:00:00,123,3.817712325956905,3.835141961092188,3.8649313978942956,4.160444363926624,3.832979798087693,4.07753744390572,3.86702563949741,4.375757021660286,3.83926189498113,0.023877616717190596,3.8945589977112633,0.1319221411820975,3.9338068425024963,0.12580869361823702,3.956451023732857,0.12278383250582363,113.9,117.1,4.9,6.0,398.0,494.0,-5.232590180780451,5.232590180780452,-0.8660254037844384,-0.5000000000000004,0.49999999999999994,-0.8660254037844387,0.4544895626139172,0,-0.6999999999999957,10.0
51.0,130.4,537.0,8.3,10.8,165.0,33.6,33.0,9.4,107.0,0.2,948.9,2026-06-01 17:00:00,139,3.9512437185814275,3.817712325956905,3.835141961092188,3.8649313978942956,3.822098297900159,4.0809215418899605,3.8416005411316,4.29592393562047,3.8680326685435076,0.07258792724376598,3.916083234491475,0.12821864499325808,3.923000357226785,0.11730537059415783,3.961019489459933,0.12034020265853343,111.1,114.6,6.9,3.9,373.0,434.0,-2.748294024393725,8.989264706052534,-0.9659258262890683,-0.25881904510252063,0.49999999999999994,-0.8660254037844387,0.37992728063282954,0,0.6000000000000014,2.0
52.3,132.2,1123.0,11.6,11.0,154.0,32.7,35.0,11.1,102.0,0.0,948.2,2026-06-01 18:00:00,142,3.975936331171799,3.9512437185814275,3.817712325956905,3.835141961092188,3.86702563949741,4.104294893075269,3.822098297900159,4.182050142641207,3.914964125236711,0.08512265049035522,3.9342350164372064,0.1275922623424521,3.912303810401496,0.10441506548983955,3.9674294075129173,0.11665965104062968,130.4,121.5,8.3,3.0,537.0,417.0,-2.3078197680771284,10.857438368145242,-1.0,-1.8369701987210297e-16,0.49999999999999994,-0.8660254037844387,0.32858977943568585,0,0.5,3.0
53.0,133.6,1898.0,16.4,11.3,139.0,31.7,37.0,8.8,86.0,0.0,948.5,2026-06-01 19:00:00,144,3.9889840465642745,3.975936331171799,3.9512437185814275,3.817712325956905,4.160444363926624,4.039536325727106,3.8308129500026027,4.092676505121403,3.972054698772501,0.019167247888639747,3.9056582968768154,0.07526744455817931,3.9080911204712603,0.09972979380589993,3.9740198698696543,0.11301712673314206,132.2,162.1,11.6,3.0,1123.0,420.0,0.6138569689483021,8.778563642286453,-0.9659258262890684,0.2588190451025203,0.49999999999999994,-0.8660254037844387,0.4070391884249259,0,1.0,2.0
54.1,126.2,2341.0,22.0,11.3,122.0,30.5,41.0,4.2,83.0,0.0,948.9,2026-06-01 20:00:00,147,4.009149716158869,3.9889840465642745,3.975936331171799,3.9512437185814275,3.8649313978942956,3.9219733362813143,3.8628327612373745,4.091005660956586,3.9913566979649815,0.01673333025956434,3.929694683254244,0.08235441384086689,3.91535581879439,0.10392005810590538,3.98011640965805,0.1106808057163066,133.6,119.2,16.4,3.6,1898.0,434.0,0.5118512423016195,4.168693836893553,-0.8660254037844386,0.5000000000000001,0.49999999999999994,-0.8660254037844387,0.7709903300305517,0,1.1000000000000014,3.0
56.7,122.0,2148.0,29.6,11.0,103.0,29.7,45.0,2.6,74.0,0.0,949.5,2026-06-01 21:00:00,152,4.055257173514054,4.009149716158869,3.9889840465642745,3.975936331171799,3.835141961092188,3.858622228701031,3.914021008090819,4.168214410788556,4.017796978745733,0.033972241633558,3.9663805519912216,0.08082307999257722,3.9317420641954755,0.10951328005458909,3.986001249884018,0.11076844578142248,126.2,113.9,22.0,4.9,2341.0,398.0,0.7166571251241979,2.499280409439629,-0.7071067811865477,0.7071067811865474,0.49999999999999994,-0.8660254037844387,1.126460325976126,0,1.0,4.0
62.4,132.2,1623.0,37.9,10.5,82.0,29.1,46.0,4.2,54.0,0.0,949.7,2026-06-01 22:00:00,155,4.14946386144318,4.055257173514054,4.009149716158869,3.9889840465642745,3.817712325956905,3.832979798087693,3.9627161197436642,4.251348311031766,4.0712902503720345,0.0715178964096811,4.021672474572267,0.07174388872771292,3.958115736141765,0.12106598220441739,3.993782405788165,0.11551898623514727,122.0,111.1,29.6,6.9,2148.0,373.0,2.4686980596283874,3.3978713763747797,-0.5000000000000004,0.8660254037844384,0.49999999999999994,-0.8660254037844387,0.7979738195083038,0,1.2000000000000028,4.0
64.5,135.5,1158.0,42.4,9.9,68.0,29.6,48.0,4.7,92.0,0.0,949.4,2026-06-01 23:00:00,156,4.182050142641207,4.14946386144318,4.055257173514054,4.009149716158869,3.9512437185814275,3.822098297900159,4.014579593753238,4.321480134805848,4.128923725866147,0.06584479578646042,4.060140211915564,0.08673881910172397,3.9881117232035197,0.1286557975053326,4.000760345325163,0.12172139437299723,132.2,130.4,37.9,8.3,1623.0,537.0,-0.1640276345017545,4.6971368869897505,-0.25881904510252157,0.9659258262890681,0.49999999999999994,-0.8660254037844387,0.7336930074809134,0,1.9000000000000021,2.0
62.9,131.8,884.0,39.9,9.2,64.0,28.1,54.0,4.9,82.0,0.0,949.2,2026-06-02 00:00:00,155,4.157319361383489,4.182050142641207,4.14946386144318,4.055257173514054,3.975936331171799,3.86702563949741,4.072439726834051,4.387014176184921,4.162944455155959,0.01700581343363905,4.090370716950845,0.08305216029300774,4.012302866694026,0.13108716899268563,4.004296996764723,0.1250813392053678,135.5,132.2,42.4,11.6,1158.0,1123.0,0.6819481947043208,4.852313536833695,0.0,1.0,0.49999999999999994,-0.8660254037844387,0.7046304002344895,0,1.3000000000000007,4.0
62.4,130.9,671.0,33.5,8.3,67.0,27.5,56.0,6.4,58.0,0.0,949.2,2026-06-02 01:00:00,155,4.14946386144318,4.157319361383489,4.182050142641207,4.14946386144318,3.9889840465642745,4.160444363926624,4.115779842942166,4.418840607796598,4.162944455155959,0.01700581343363905,4.117117352763996,0.06842332099023768,4.011387824820406,0.12999282927019892,4.0057004975355985,0.1265668015169319,131.8,133.6,39.9,16.4,884.0,1898.0,3.3914832910925115,5.4275078154011265,0.25881904510252074,0.9659258262890683,0.49999999999999994,-0.8660254037844387,0.5607383596544837,0,1.1999999999999993,5.0
63.1,131.8,516.0,27.9,7.7,70.0,27.2,56.0,7.8,50.0,0.0,949.0,2026-06-02 02:00:00,155,4.160444363926624,4.14946386144318,4.157319361383489,4.182050142641207,4.009149716158869,3.8649313978942956,4.127134385045092,4.35799005684564,4.155742528917764,0.005657531189898297,4.142333127391955,0.04430341268644304,4.0360139053231,0.12769656258263926,4.00708841332233,0.12812931890793122,130.9,126.2,33.5,22.0,671.0,2341.0,5.013743355555007,5.975146656328028,0.49999999999999994,0.8660254037844387,0.49999999999999994,-0.8660254037844387,0.4727777686280254,0,1.1999999999999993,4.0
60.8,121.5,428.0,24.8,7.3,69.0,27.0,57.0,7.1,45.0,0.0,949.2,2026-06-02 03:00:00,154,4.123903364463645,4.160444363926624,4.14946386144318,4.157319361383489,4.055257173514054,3.835141961092188,4.107589788972121,4.293195420967266,4.144603863277816,0.01874902256285914,4.153774159216888,0.01889980444797666,4.060077355604054,0.11273337669251643,4.0077681456344765,0.1287275403467908,131.8,122.0,27.9,29.6,516.0,2148.0,5.020458146424487,5.020458146424486,0.7071067811865475,0.7071067811865476,0.49999999999999994,-0.8660254037844387,0.5091238721560056,0,1.3999999999999986,4.0
57.3,106.9,399.0,22.4,7.0,69.0,26.6,58.0,8.4,48.0,0.0,949.6,2026-06-02 04:00:00,152,4.065602093356446,4.123903364463645,4.160444363926624,4.14946386144318,4.14946386144318,3.817712325956905,4.07753744390572,4.241326752570746,4.1166499405822385,0.04783537592857461,4.139797197869099,0.04091360380351143,4.080734836220683,0.0831022882803409,4.007270839361589,0.1284690804974938,121.5,132.2,24.8,37.9,428.0,1623.0,5.620697093414409,6.242416534010112,0.8660254037844386,0.5000000000000001,0.49999999999999994,-0.8660254037844387,0.4325108609953666,0,1.6000000000000014,3.0
49.8,97.1,400.0,11.2,7.4,111.0,27.2,55.0,11.4,51.0,0.2,950.0,2026-06-02 05:00:00,136,3.927896354584436,4.065602093356446,4.123903364463645,4.160444363926624,4.182050142641207,3.9512437185814275,4.0809215418899605,3.7400477406883357,4.0391339374681765,0.10064844478450936,4.09743823319297,0.09024475562955421,4.078789222554267,0.08660890173788054,4.000894789890526,0.12845218929458996,106.9,135.5,22.4,42.4,399.0,1158.0,7.174252457968148,8.85946396060947,0.9659258262890683,0.25881904510252074,0.49999999999999994,-0.8660254037844387,0.31676583504713196,0,2.1999999999999993,-3.0
53.6,107.3,441.0,12.4,8.5,117.0,26.8,55.0,10.5,78.0,0.1,950.4,2026-06-02 06:00:00,146,4.000033882750859,3.927896354584436,4.065602093356446,4.123903364463645,4.157319361383489,3.975936331171799,4.104294893075269,3.7773481021015445,3.997844110230581,0.06887898046903178,4.071223986754199,0.0921947040417774,4.080797351852522,0.08425470892971157,3.996550581127009,0.12655217547868583,97.1,131.8,11.2,39.9,400.0,884.0,2.1830727535864742,10.270549807704958,1.0,6.123233995736766e-17,0.49999999999999994,-0.8660254037844387,0.3478290332826834,0,1.6000000000000014,-2.0
54.9,116.4,512.0,14.0,9.9,126.0,28.1,50.0,6.1,76.0,0.0,951.1,2026-06-02 07:00:00,149,4.023564380161053,4.000033882750859,3.927896354584436,4.065602093356446,4.14946386144318,3.9889840465642745,4.039536325727106,3.8264651170664994,3.98383153916545,0.04984957103803306,4.050240739873844,0.0848616491451462,4.083679046318919,0.08137103338180224,3.9958850833950907,0.12635814585135183,107.3,130.9,12.4,33.5,441.0,671.0,1.4757235631579728,5.918803930283578,0.9659258262890683,-0.25881904510252063,0.49999999999999994,-0.8660254037844387,0.5666992084733878,0,1.3000000000000007,-1.0
56.1,126.2,560.0,14.1,11.2,137.0,30.1,44.0,7.3,107.0,0.0,951.4,2026-06-02 08:00:00,151,4.044804116661965,4.023564380161053,4.000033882750859,3.927896354584436,4.160444363926624,4.009149716158869,3.9219733362813143,3.7909846770510898,4.022800793191293,0.02239488244907891,4.030967365329734,0.06582315367383423,4.086650246360844,0.07901921432348177,4.001003032577617,0.1257202289577106,116.4,131.8,14.0,27.9,512.0,516.0,-2.1343134444759775,6.9810247185301595,0.8660254037844387,-0.4999999999999998,0.49999999999999994,-0.8660254037844387,0.48732579718818847,0,1.8000000000000007,-3.0
57.6,138.8,556.0,11.4,12.0,150.0,31.5,41.0,7.2,125.0,0.0,951.7,2026-06-02 09:00:00,152,4.070734696582967,4.044804116661965,4.023564380161053,4.000033882750859,4.123903364463645,4.055257173514054,3.858622228701031,3.758871825933971,4.046367731135329,0.02362399956613618,4.022105920682955,0.05317260063315395,4.087940039949921,0.0785853418249826,4.009841052072698,0.1226950629418923,126.2,121.5,14.1,24.8,560.0,428.0,-4.129750341727532,5.897894718880741,0.7071067811865476,-0.7071067811865475,0.49999999999999994,-0.8660254037844387,0.49643106055889846,0,1.6999999999999993,0.0
68.2,173.7,528.0,7.3,12.6,165.0,32.5,39.0,4.4,145.0,0.1,951.5,2026-06-02 10:00:00,158,4.237000862623624,4.070734696582967,4.044804116661965,4.023564380161053,4.065602093356446,4.14946386144318,3.832979798087693,3.9160150266976834,4.117513225289518,0.10428839988475995,4.050672382227484,0.10346814966341594,4.095234790048291,0.08828034021039692,4.026675263095028,0.12506765218451257,138.8,106.9,11.4,22.4,556.0,399.0,-3.6042689948715645,2.5237363199446023,0.49999999999999994,-0.8660254037844387,0.49999999999999994,-0.8660254037844387,0.7846297893747451,0,1.5,0.0
63.6,166.2,506.0,4.2,12.9,176.0,33.4,36.0,2.7,152.0,0.2,951.4,2026-06-02 11:00:00,155,4.168214410788556,4.237000862623624,4.070734696582967,4.044804116661965,3.927896354584436,4.182050142641207,3.822098297900159,3.8815637979434374,4.158649989998382,0.08354470720070765,4.090725391594837,0.09235258971140167,4.094081812393903,0.08712622528273674,4.041096767798711,0.1203173676102516,173.7,97.1,7.3,11.2,528.0,400.0,-2.383958500719103,1.267573219521905,0.258819045102521,-0.9659258262890682,0.49999999999999994,-0.8660254037844387,1.1265444353482583,0,1.3999999999999986,-1.0
76.4,200.7,499.0,3.2,12.8,182.0,34.4,34.0,2.6,155.0,0.0,950.7,2026-06-02 12:00:00,162,4.3489867805956814,4.168214410788556,4.237000862623624,4.070734696582967,4.000033882750859,4.157319361383489,3.86702563949741,3.845883202923601,4.251400684669288,0.09124241654860658,4.148884207902308,0.12714111209089135,4.110054097328253,0.11338468672927368,4.061178482011139,0.12984456965661875,166.2,107.3,4.2,12.4,506.0,441.0,-2.3564002462952898,1.0988074805258188,1.2246467991473532e-16,-1.0,0.49999999999999994,-0.8660254037844387,1.2080518834988003,0,1.1999999999999957,-1.0
65.2,168.6,498.0,3.3,12.4,184.0,34.9,33.0,2.5,111.0,0.1,950.3,2026-06-02 13:00:00,156,4.192680462942962,4.3489867805956814,4.168214410788556,4.237000862623624,4.023564380161053,4.14946386144318,4.160444363926624,3.8628327612373745,4.236627218109067,0.09807216928691603,4.177070221699293,0.1115980792007173,4.113655480786568,0.11541833250673453,4.062521652803487,0.13107695039706302,200.7,116.4,3.2,14.0,499.0,512.0,-0.8959198738632507,2.3339510662430043,-0.2588190451025208,-0.9659258262890683,0.49999999999999994,-0.8660254037844387,1.1979087036979892,0,1.0,-1.0
60.5,149.9,510.0,3.8,11.9,184.0,35.2,33.0,3.1,103.0,0.0,949.4,2026-06-02 14:00:00,154,4.119037174812473,4.192680462942962,4.3489867805956814,4.168214410788556,4.044804116661965,4.160444363926624,3.8649313978942956,3.8649313978942956,4.2202348061170385,0.1174250257431428,4.189442398057711,0.09718615529858891,4.110204881693723,0.11450771696936034,4.073109393508411,0.12452143670858283,168.6,126.2,3.3,14.1,498.0,560.0,-0.6973482684659816,3.0205472008342293,-0.4999999999999997,-0.8660254037844388,0.49999999999999994,-0.8660254037844387,1.0046432133688958,0,1.1000000000000014,-1.0
56.7,137.8,507.0,4.4,11.4,181.0,35.0,33.0,6.1,109.0,0.1,948.4,2026-06-02 15:00:00,152,4.055257173514054,4.119037174812473,4.192680462942962,4.3489867805956814,4.070734696582967,4.123903364463645,3.835141961092188,3.8979240810486444,4.12232493708983,0.06877061258239722,4.186862810879559,0.1010939903109615,4.104484365781256,0.11547179910627106,4.082280860692655,0.11388398979353817,149.9,138.8,3.8,11.4,510.0,556.0,-1.9859657421886554,5.767663311155832,-0.7071067811865471,-0.7071067811865479,0.49999999999999994,-0.8660254037844387,0.571162982185078,0,1.0,-2.0
54.2,130.4,517.0,5.4,10.8,175.0,34.7,33.0,6.7,121.0,0.0,948.2,2026-06-02 16:00:00,147,4.01096295328305,4.055257173514054,4.119037174812473,4.192680462942962,4.237000862623624,4.065602093356446,3.817712325956905,3.86702563949741,4.0617524338698585,0.05432909575092715,4.149189825989462,0.11917330851459089,4.099931104108474,0.11818965400869358,4.090332970164578,0.10039781981828559,137.8,173.7,4.4,7.3,507.0,528.0,-3.450755101897364,5.743020914704153,-0.8660254037844384,-0.5000000000000004,0.49999999999999994,-0.8660254037844387,0.5209042796471494,0,2.5,-10.0
46.9,104.8,631.0,10.2,8.0,156.0,35.4,28.0,8.5,197.0,0.1,947.2,2026-06-02 17:00:00,129,3.8691155044168695,4.01096295328305,4.055257173514054,4.119037174812473,4.168214410788556,3.927896354584436,3.9512437185814275,3.8416005411316,3.9784452104046584,0.0972380221158301,4.099340008260849,0.16381761329215092,4.095032699927843,0.12686739358896687,4.086910961241055,0.10655554071698066,130.4,166.2,5.4,4.2,517.0,506.0,-8.1285904256858,-2.4851594901432623,-0.9659258262890683,-0.25881904510252063,0.49999999999999994,-0.8660254037844387,0.4072753162544073,0,1.7999999999999972,-5.0
48.3,100.8,964.0,13.1,9.1,149.0,34.2,30.0,9.9,122.0,0.0,946.9,2026-06-02 18:00:00,133,3.8979240810486444,3.8691155044168695,4.01096295328305,4.055257173514054,4.3489867805956814,4.000033882750859,3.975936331171799,3.822098297900159,3.9260008462495217,0.07497601780281478,4.0241628916696754,0.12531266796893187,4.0865235497859915,0.1368499031302797,4.083660450819257,0.11117768928044983,104.8,200.7,10.2,3.2,631.0,499.0,-5.246200715908728,8.395676151948619,-1.0,-1.8369701987210297e-16,0.49999999999999994,-0.8660254037844387,0.3576077138576738,0,1.5,-5.0
49.5,98.7,1402.0,17.2,10.5,138.0,30.1,45.0,14.5,117.0,0.0,947.6,2026-06-02 19:00:00,135,3.9219733362813143,3.8979240810486444,3.8691155044168695,4.01096295328305,4.192680462942962,4.023564380161053,3.9889840465642745,3.8308129500026027,3.8963376405822765,0.026464602630033883,3.9790450372260673,0.09833324202172403,4.0780576294626805,0.14405166683455856,4.0808683378907995,0.11445200392768644,100.8,168.6,13.1,3.3,964.0,498.0,-6.582862246223427,12.919594600731335,-0.9659258262890684,0.2588190451025203,0.49999999999999994,-0.8660254037844387,0.25303053782460094,0,-1.5999999999999979,8.0
49.8,92.4,1694.0,21.0,11.1,125.0,29.2,49.0,7.6,128.0,0.0,947.9,2026-06-02 20:00:00,136,3.927896354584436,3.9219733362813143,3.8979240810486444,3.8691155044168695,4.119037174812473,4.044804116661965,4.009149716158869,3.8628327612373745,3.9159312573047984,0.01587338445301088,3.947188233854728,0.07110047265136425,4.0683153159562195,0.150321888016693,4.077482781158532,0.11781798540982968,98.7,149.9,17.2,3.8,1402.0,510.0,-4.6790272124750025,5.988881727411087,-0.8660254037844386,0.5000000000000001,0.49999999999999994,-0.8660254037844387,0.4567321342540042,0,-1.3000000000000007,8.0
49.7,85.2,1720.0,24.0,10.2,110.0,28.5,53.0,6.1,92.0,0.0,948.1,2026-06-02 21:00:00,136,3.9259259105971376,3.927896354584436,3.9219733362813143,3.8979240810486444,4.055257173514054,4.070734696582967,4.055257173514054,3.914021008090819,3.9252652004876296,0.0030162791382044776,3.9256330233685754,0.04745906474603603,4.056247917124067,0.15582180795176953,4.072093978536993,0.1217701601038064,92.4,137.8,21.0,4.4,1694.0,507.0,-0.21288692988525582,6.096284044816484,-0.7071067811865477,0.7071067811865474,0.49999999999999994,-0.8660254037844387,0.5529473113517095,0,-1.1999999999999993,8.0
48.0,76.1,1600.0,26.7,8.5,94.0,27.8,57.0,2.4,63.0,0.0,947.9,2026-06-02 22:00:00,132,3.8918202981106265,3.9259259105971376,3.927896354584436,3.9219733362813143,4.01096295328305,4.237000862623624,4.14946386144318,3.9627161197436642,3.9152141877640667,0.020283644081203523,3.9057759141731716,0.023486544528361037,4.027482870081317,0.151213417387522,4.061358830064804,0.1259382203058524,85.2,130.4,24.0,5.4,1720.0,517.0,1.0895771993749124,2.138415658052083,-0.5000000000000004,0.8660254037844384,0.49999999999999994,-0.8660254037844387,1.1446530288560666,0,-1.3000000000000007,11.0
45.1,69.4,1444.0,28.5,6.9,79.0,27.1,59.0,3.6,189.0,0.0,948.2,2026-06-02 23:00:00,125,3.8308129500026027,3.8918202981106265,3.9259259105971376,3.927896354584436,3.8691155044168695,4.168214410788556,4.182050142641207,4.014579593753238,3.882853052903456,0.04818638223831152,3.899392155104127,0.03684843265063468,3.999366081682488,0.15400930285174963,4.0467239470381955,0.13158477302730728,76.1,104.8,26.7,10.2,1600.0,631.0,-3.555678026142496,-0.5631640741448306,-0.25881904510252157,0.9659258262890681,0.49999999999999994,-0.8660254037844387,0.8327854239136093,0,-2.5,11.0
43.1,60.8,1269.0,29.4,5.8,65.0,26.8,59.0,5.5,58.0,0.0,947.9,2026-06-03 00:00:00,120,3.7864597824528,3.8308129500026027,3.8918202981106265,3.9259259105971376,3.8979240810486444,4.3489867805956814,4.157319361383489,4.072439726834051,3.83636434352201,0.05289917808836279,3.8808147720048196,0.05910987314883527,3.9524888318372473,0.1197088359768263,4.03127146458275,0.13956611272504965,69.4,100.8,28.5,13.1,1444.0,964.0,2.914555953282627,4.664264528860342,0.0,1.0,0.49999999999999994,-0.8660254037844387,0.5825322742235077,0,-1.3000000000000007,5.0
39.1,51.1,1059.0,29.5,4.9,51.0,26.8,57.0,7.6,45.0,0.0,947.6,2026-06-03 01:00:00,110,3.6913763343125234,3.7864597824528,3.8308129500026027,3.8918202981106265,3.9219733362813143,4.192680462942962,4.14946386144318,4.115779842942166,3.7695496889226425,0.07123977748542377,3.842381938343354,0.09252057453437418,3.9107134877847103,0.11567109475580625,4.01218448428564,0.15334329845839006,60.8,98.7,29.4,17.2,1269.0,1402.0,5.374011537017761,5.37401153701776,0.25881904510252074,0.9659258262890683,0.49999999999999994,-0.8660254037844387,0.42922980631540975,0,-0.6999999999999993,1.0
35.2,43.7,875.0,28.4,4.3,44.0,26.6,57.0,8.3,39.0,0.0,947.1,2026-06-03 02:00:00,100,3.5890591188317256,3.6913763343125234,3.7864597824528,3.8308129500026027,3.927896354584436,4.119037174812473,4.160444363926624,4.127134385045092,3.68896507853235,0.0987224195172308,3.7859090657179024,0.12690540335675124,3.8665486497863153,0.1292756755882139,3.988376765740019,0.17248522924426626,51.1,92.4,29.5,21.0,1059.0,1694.0,6.450311480092859,5.223359245713651,0.49999999999999994,0.8660254037844387,0.49999999999999994,-0.8660254037844387,0.38592033535825004,0,-0.5999999999999979,1.0
32.0,39.2,731.0,25.4,3.8,44.0,26.3,56.0,5.0,44.0,0.0,946.8,2026-06-03 03:00:00,93,3.4965075614664802,3.5890591188317256,3.6913763343125234,3.7864597824528,3.9259259105971376,4.055257173514054,4.123903364463645,4.107589788972121,3.5923143382035767,0.09747516092573368,3.714339340862793,0.15095699236784774,3.819986182115684,0.15348584259769293,3.9622352739484703,0.19687154739424134,43.7,85.2,28.4,24.0,875.0,1720.0,3.596699001693256,3.4732918522949863,0.7071067811865475,0.7071067811865476,0.49999999999999994,-0.8660254037844387,0.5827512602444134,0,-0.6999999999999993,-1.0
29.6,38.6,614.0,21.3,3.6,49.0,26.0,58.0,4.0,51.0,0.0,946.7,2026-06-03 04:00:00,88,3.4210000089583352,3.4965075614664802,3.5890591188317256,3.6913763343125234,3.8918202981106265,4.01096295328305,4.065602093356446,4.07753744390572,3.5021888964188475,0.08417347728345079,3.635869292670744,0.16219941454931583,3.770822603421958,0.17910131522351017,3.935376853765215,0.22422632792210517,39.2,76.1,25.4,26.7,731.0,1600.0,2.51728156419935,3.1085838458278836,0.8660254037844386,0.5000000000000001,0.49999999999999994,-0.8660254037844387,0.6842000017916671,0,-0.6000000000000014,0.0
30.2,55.8,544.0,11.0,4.9,91.0,25.4,63.0,5.8,110.0,0.0,946.7,2026-06-03 05:00:00,89,3.4404180948154366,3.4210000089583352,3.4965075614664802,3.5890591188317256,3.8308129500026027,3.8691155044168695,3.927896354584436,4.0809215418899605,3.452641888413418,0.039209864433390876,3.5708034834728832,0.14583554741586366,3.735097819288505,0.19932627769282316,3.915065259608174,0.2459593476209844,38.6,69.4,21.3,28.5,614.0,1444.0,-1.9837168312888784,5.450217200558269,0.9659258262890683,0.25881904510252074,0.49999999999999994,-0.8660254037844387,0.5059438374728583,0,-1.8000000000000007,8.0
28.8,52.2,555.0,12.4,7.1,99.0,25.6,63.0,3.8,49.0,0.0,947.4,2026-06-03 06:00:00,86,3.3945083935113587,3.4404180948154366,3.4210000089583352,3.4965075614664802,3.7864597824528,3.8979240810486444,4.000033882750859,4.104294893075269,3.4186421657617103,0.023045492766702168,3.5054782519826433,0.11428739098407084,3.6931465119937315,0.21435112103852105,3.8898350308898615,0.2670198049178732,55.8,60.8,11.0,29.4,544.0,1269.0,2.4930243101639276,2.8678964048465336,1.0,6.123233995736766e-17,0.49999999999999994,-0.8660254037844387,0.7071892486481998,0,-1.1999999999999993,8.0
29.2,54.6,613.0,14.1,10.3,110.0,26.6,59.0,6.0,65.0,0.0,948.2,2026-06-03 07:00:00,87,3.407841924380824,3.3945083935113587,3.4404180948154366,3.4210000089583352,3.6913763343125234,3.9219733362813143,4.023564380161053,4.039536325727106,3.414256137569206,0.023617403891510468,3.458222516994027,0.07332689439419389,3.6503022276686905,0.21583239157918718,3.864179928565685,0.2827295255557185,52.2,51.1,12.4,29.5,555.0,1059.0,2.5357095704441965,5.437846722219899,0.9659258262890683,-0.25881904510252063,0.49999999999999994,-0.8660254037844387,0.48683456062583197,0,-1.5,9.0
34.5,72.4,635.0,14.3,12.8,124.0,28.6,51.0,6.0,95.0,0.0,948.4,2026-06-03 08:00:00,98,3.56953269648137,3.407841924380824,3.3945083935113587,3.4404180948154366,3.5890591188317256,3.927896354584436,4.044804116661965,3.9219733362813143,3.457294338124518,0.09742962884225978,3.454968113268967,0.06647158794992082,3.620438589493435,0.19798599790987512,3.844376952724827,0.2861519626595464,54.6,43.7,14.1,28.4,613.0,875.0,-0.5229344564859494,5.977168188550474,0.8660254037844387,-0.4999999999999998,0.49999999999999994,-0.8660254037844387,0.5099332423544815,0,-1.5,7.0
39.7,86.4,573.0,11.6,14.3,144.0,30.6,44.0,7.4,94.0,0.0,948.6,2026-06-03 09:00:00,111,3.7062280924485496,3.56953269648137,3.407841924380824,3.3945083935113587,3.4965075614664802,3.9259259105971376,4.070734696582967,3.858622228701031,3.5612009044369146,0.14936746765121653,3.4899215350993127,0.12342443940953522,3.602130437981053,0.17611929933289894,3.82918917755256,0.28327425541173124,72.4,39.2,14.3,25.4,635.0,731.0,-0.5161979057065275,7.381973971922699,0.7071067811865476,-0.7071067811865475,0.49999999999999994,-0.8660254037844387,0.44121763005339876,0,-0.8999999999999986,3.0
42.5,100.4,476.0,7.4,15.2,167.0,29.7,49.0,17.9,124.0,0.1,948.6,2026-06-03 10:00:00,118,3.7727609380946383,3.7062280924485496,3.56953269648137,3.407841924380824,3.4210000089583352,3.8918202981106265,4.237000862623624,3.832979798087693,3.682840575674853,0.10361303732124261,3.54854835662203,0.16173638250424777,3.5922088246463866,0.16102269042416245,3.8098458473638517,0.26974326090622935,86.4,38.6,11.6,21.3,573.0,614.0,-10.009552972126365,14.839772548735246,0.49999999999999994,-0.8660254037844387,0.49999999999999994,-0.8660254037844387,0.19961698085156818,0,-2.8000000000000007,10.0
45.2,108.7,404.0,4.2,15.3,183.0,32.6,38.0,7.3,140.0,0.4,948.4,2026-06-03 11:00:00,125,3.832979798087693,3.7727609380946383,3.7062280924485496,3.56953269648137,3.4404180948154366,3.8308129500026027,4.168214410788556,3.822098297900159,3.770656276210294,0.06340205770983834,3.6139753071674057,0.1867181101862761,3.592389395320144,0.16131553408021726,3.795877738501316,0.2588383224902314,100.4,55.8,7.4,11.0,476.0,544.0,-5.592124434768539,4.692349550711738,0.258819045102521,-0.9659258262890682,0.49999999999999994,-0.8660254037844387,0.46180479495032445,0,-0.7999999999999972,2.0
44.5,106.4,387.0,3.1,14.1,187.0,33.1,37.0,5.4,172.0,0.0,947.8,2026-06-03 12:00:00,123,3.817712325956905,3.832979798087693,3.7727609380946383,3.7062280924485496,3.3945083935113587,3.7864597824528,4.3489867805956814,3.86702563949741,3.807817687379746,0.03130504239165546,3.6845092959083297,0.16601870291443924,3.5949937739454865,0.16494501324658387,3.773741302891367,0.2306629377295212,108.7,52.2,4.2,12.4,404.0,555.0,-5.34744757120448,0.7515347451843528,1.2246467991473532e-16,-1.0,0.49999999999999994,-0.8660254037844387,0.5965175509307663,0,-1.2999999999999972,3.0
43.4,103.4,395.0,3.0,11.9,184.0,34.1,36.0,4.3,165.0,0.0,947.3,2026-06-03 13:00:00,120,3.7932394694381792,3.817712325956905,3.832979798087693,3.7727609380946383,3.407841924380824,3.6913763343125234,4.192680462942962,4.160444363926624,3.8146438644942595,0.02004707016253887,3.7487422200845564,0.0983191267917724,3.6034823685392916,0.172790602207731,3.757097928162001,0.21284267530401094,106.4,54.6,3.1,14.1,387.0,613.0,-4.153481053042993,1.1129218939408403,-0.2588190451025208,-0.9659258262890683,0.49999999999999994,-0.8660254037844387,0.7157055602713546,0,-0.7999999999999972,3.0
42.3,100.4,408.0,3.5,10.1,178.0,34.6,35.0,6.5,175.0,0.0,946.3,2026-06-03 14:00:00,118,3.768152635008444,3.7932394694381792,3.817712325956905,3.832979798087693,3.56953269648137,3.5890591188317256,4.119037174812473,3.8649313978942956,3.7930348101345097,0.02478047932945915,3.781845543172402,0.04476378966568811,3.6184068282206847,0.17905253340086102,3.7424777390035,0.1984656680238916,103.4,72.4,3.0,14.3,395.0,635.0,-6.475265537596346,0.5665123278597782,-0.4999999999999997,-0.8660254037844388,0.49999999999999994,-0.8660254037844387,0.5024203513344593,0,-0.6000000000000014,2.0
41.9,100.4,357.0,3.7,8.9,170.0,35.1,33.0,5.4,166.0,0.0,945.4,2026-06-03 15:00:00,117,3.758871825933971,3.768152635008444,3.7932394694381792,3.817712325956905,3.7062280924485496,3.4965075614664802,4.055257173514054,3.835141961092188,3.7734213101268654,0.01777928381948412,3.790619498753305,0.029552946982434637,3.640270516926309,0.17883274070572092,3.7301283495209963,0.18704985445356162,100.4,86.4,3.5,11.6,408.0,573.0,-5.2395969218903815,1.306378236238206,-0.7071067811865471,-0.7071067811865479,0.49999999999999994,-0.8660254037844387,0.5873237228021829,0,0.10000000000000142,0.0
40.0,96.9,310.0,4.3,7.9,158.0,34.7,33.0,4.3,158.0,0.0,944.9,2026-06-03 16:00:00,112,3.713572066704308,3.758871825933971,3.768152635008444,3.7932394694381792,3.7727609380946383,3.4210000089583352,4.01096295328305,3.817712325956905,3.7468655092155747,0.02920399527385869,3.7807546868549164,0.0433598313892826,3.6646515217384734,0.16568123869731155,3.7177370625802157,0.1772295103992969,100.4,100.4,3.7,7.4,357.0,476.0,-3.986890574637185,1.6108083516884226,-0.8660254037844384,-0.5000000000000004,0.49999999999999994,-0.8660254037844387,0.7006739748498695,0,0.0,0.0
29.0,74.0,448.0,7.1,8.0,150.0,35.4,29.0,7.1,131.0,0.1,943.8,2026-06-03 17:00:00,87,3.4011973816621555,3.713572066704308,3.758871825933971,3.768152635008444,3.832979798087693,3.4404180948154366,3.8691155044168695,3.9512437185814275,3.6245470914334788,0.1947481365450389,3.708790950783994,0.15470228486789578,3.6613831289756997,0.17081416454405354,3.6982404741321027,0.18540156360119517,96.9,108.7,4.3,4.2,310.0,404.0,-4.658019105832601,5.358438019581682,-0.9659258262890683,-0.25881904510252063,0.49999999999999994,-0.8660254037844387,0.4199009113163155,0,0.0,1.0
29.0,74.0,971.0,11.0,8.3,142.0,34.7,30.0,8.6,106.0,0.2,943.7,2026-06-03 18:00:00,87,3.4011973816621555,3.4011973816621555,3.713572066704308,3.758871825933971,3.817712325956905,3.3945083935113587,3.8979240810486444,3.975936331171799,3.5053222766762064,0.1803496084971064,3.6393717934015357,0.18627925597991227,3.6619405446549327,0.16987242192218174,3.6775435283243323,0.18981413625451546,74.0,106.4,7.1,3.1,448.0,387.0,-2.370481260026192,8.266850585069543,-1.0,-1.8369701987210297e-16,0.49999999999999994,-0.8660254037844387,0.3542913939231412,0,0.5,0.0
28.9,61.7,1679.0,16.4,8.6,131.0,33.6,31.0,10.8,95.0,0.0,943.8,2026-06-03 19:00:00,86,3.3978584803966405,3.4011973816621555,3.4011973816621555,3.713572066704308,3.7932394694381792,3.407841924380824,3.9219733362813143,3.9889840465642745,3.400084414573651,0.0019277155444427018,3.5734749618946124,0.19083965534234273,3.6611085909895844,0.1712488776610029,3.6557054093291375,0.19061781223324817,74.0,103.4,11.0,3.0,971.0,395.0,-0.941282021674709,10.758902739390853,-0.9659258262890684,0.2588190451025203,0.49999999999999994,-0.8660254037844387,0.28795410850818987,0,3.5,-14.0
31.1,51.6,2159.0,21.1,8.7,119.0,32.3,34.0,9.2,55.0,0.0,943.8,2026-06-03 20:00:00,91,3.4688560301359703,3.3978584803966405,3.4011973816621555,3.4011973816621555,3.768152635008444,3.56953269648137,3.927896354584436,4.009149716158869,3.4226372973982557,0.04006139672209936,3.523592194415867,0.1674603545805352,3.652718868794134,0.17845758664411893,3.636578729143785,0.18506794524098422,61.7,100.4,16.4,3.5,1679.0,408.0,5.276903214429624,7.536198807458724,-0.8660254037844386,0.5000000000000001,0.49999999999999994,-0.8660254037844387,0.34008392452313435,0,3.099999999999998,-15.0
32.5,46.2,2221.0,24.4,8.3,107.0,30.8,39.0,7.5,27.0,0.0,943.9,2026-06-03 21:00:00,94,3.5115454388310208,3.4688560301359703,3.3978584803966405,3.4011973816621555,3.758871825933971,3.7062280924485496,3.9259259105971376,4.055257173514054,3.4594199831212102,0.05742787099452362,3.482371129898709,0.12231795790843861,3.6364953143260066,0.18196564816064578,3.6193128761535296,0.17600768512685777,51.6,100.4,21.1,3.7,2159.0,357.0,6.682548931412759,3.4049287480466006,-0.7071067811865477,0.7071067811865474,0.49999999999999994,-0.8660254037844387,0.4131229928036495,0,2.3000000000000007,-14.0
32.8,44.6,2053.0,26.8,7.5,94.0,29.7,43.0,5.4,20.0,0.0,943.7,2026-06-03 22:00:00,95,3.520460802488973,3.5115454388310208,3.4688560301359703,3.3978584803966405,3.713572066704308,3.7727609380946383,3.8918202981106265,4.14946386144318,3.500287423818655,0.027582971357618915,3.450185919196153,0.05760214819760139,3.615470303025535,0.17934667869032245,3.6038395638359604,0.16710781421294904,46.2,96.9,24.4,4.3,2221.0,310.0,5.074340152243906,1.8469087739586112,-0.5000000000000004,0.8660254037844384,0.49999999999999994,-0.8660254037844387,0.550072000388902,0,1.8999999999999986,-14.0
33.5,43.0,1809.0,27.9,6.8,83.0,30.0,43.0,0.8,63.0,0.0,943.7,2026-06-03 23:00:00,96,3.5409593240373143,3.520460802488973,3.5115454388310208,3.4688560301359703,3.4011973816621555,3.832979798087693,3.8308129500026027,4.182050142641207,3.5243218551191027,0.01508227291530153,3.473479576258679,0.061926415761854245,3.5911352635213363,0.1665021753899068,3.5917623294207406,0.16032736516482352,44.6,74.0,26.8,7.1,2053.0,448.0,0.3631923997916375,0.7128052193506943,-0.25881904510252157,0.9659258262890681,0.49999999999999994,-0.8660254037844387,1.9671996244651746,0,2.8999999999999986,-16.0
33.2,39.1,1478.0,27.0,6.1,74.0,28.8,47.0,2.9,68.0,0.0,943.0,2026-06-04 00:00:00,95,3.5322256440685598,3.5409593240373143,3.520460802488973,3.5115454388310208,3.4011973816621555,3.817712325956905,3.7864597824528,4.157319361383489,3.531215256864949,0.010286545005140455,3.4953176199930795,0.0539247415350503,3.5673447066973076,0.15084429341647007,3.581169240321397,0.15522161804301832,43.0,74.0,27.9,11.0,1809.0,971.0,1.0863591209061447,2.6888331782436836,0.0,1.0,0.49999999999999994,-0.8660254037844387,0.9056988830945025,0,2.0,-12.0
30.9,36.6,1071.0,24.6,5.3,67.0,28.0,50.0,6.1,47.0,0.0,942.8,2026-06-04 01:00:00,91,3.462606009790799,3.5322256440685598,3.5409593240373143,3.520460802488973,3.3978584803966405,3.7932394694381792,3.6913763343125234,4.14946386144318,3.511930325965558,0.04293874027064306,3.506108874892106,0.032901207289347374,3.539791918393359,0.13521897610761438,3.5716371434663254,0.15518393594846344,39.1,61.7,27.0,16.4,1478.0,1679.0,4.1601899963812405,4.461257579876939,0.25881904510252074,0.9659258262890683,0.49999999999999994,-0.8660254037844387,0.48769098729447874,0,1.1999999999999993,-7.0
28.4,34.5,766.0,22.3,4.7,62.0,27.4,51.0,6.5,46.0,0.0,942.8,2026-06-04 02:00:00,85,3.380994674344636,3.462606009790799,3.5322256440685598,3.5409593240373143,3.4688560301359703,3.768152635008444,3.5890591188317256,4.160444363926624,3.4586087760679987,0.07569468250138536,3.4914653155935507,0.06064920934045045,3.5075287550047087,0.12124464141032776,3.5629677916126963,0.15990819151166213,36.6,51.6,24.6,21.1,1071.0,2159.0,4.515279407983482,4.6757087022012325,0.49999999999999994,0.8660254037844387,0.49999999999999994,-0.8660254037844387,0.45079928991261814,0,0.7999999999999972,-6.0
26.4,32.5,641.0,20.2,4.1,59.0,27.1,49.0,9.0,44.0,0.0,942.6,2026-06-04 03:00:00,81,3.3105430133940246,3.380994674344636,3.462606009790799,3.5322256440685598,3.5115454388310208,3.758871825933971,3.4965075614664802,4.123903364463645,3.384714565843153,0.07609971690395322,3.457964911354051,0.09379513691742668,3.47016802062638,0.10470002309290823,3.5552192687763444,0.1675896696137124,34.5,46.2,22.3,24.4,766.0,2221.0,6.474058203047861,6.251925334130975,0.7071067811865475,0.7071067811865476,0.49999999999999994,-0.8660254037844387,0.33105430133940245,0,0.8000000000000007,-7.0
25.0,31.9,618.0,18.1,3.7,58.0,26.8,49.0,10.2,56.0,0.0,942.3,2026-06-04 04:00:00,78,3.258096538021482,3.3105430133940246,3.380994674344636,3.462606009790799,3.520460802488973,3.713572066704308,3.4210000089583352,4.065602093356446,3.316544741920048,0.061668497118878104,3.4142375339428024,0.11709548888412258,3.432211726569477,0.08996143829286746,3.5484316241539755,0.17633296269632082,32.5,44.6,20.2,26.8,641.0,2053.0,5.703767615401617,8.456183240061424,0.8660254037844386,0.5000000000000001,0.49999999999999994,-0.8660254037844387,0.2909014766090609,0,0.8000000000000007,-9.0
21.7,32.7,648.0,13.9,3.7,79.0,27.1,51.0,11.2,50.0,0.0,943.3,2026-06-04 05:00:00,71,3.122364924487357,3.258096538021482,3.3105430133940246,3.380994674344636,3.5409593240373143,3.4011973816621555,3.4404180948154366,3.927896354584436,3.230334825300955,0.0971122175939984,3.344471800684476,0.1472986289333338,3.408975688471578,0.1270604200405093,3.535179408723639,0.19569244023280122,31.9,43.0,18.1,27.9,618.0,1809.0,7.1992212284892405,8.579697762932554,0.9659258262890683,0.25881904510252074,0.49999999999999994,-0.8660254037844387,0.2559315511874883,0,1.7000000000000028,-12.0
22.2,34.0,766.0,14.5,6.0,93.0,25.8,56.0,11.5,56.0,0.0,943.8,2026-06-04 06:00:00,72,3.1441522786722644,3.122364924487357,3.258096538021482,3.3105430133940246,3.5322256440685598,3.4011973816621555,3.3945083935113587,4.000033882750859,3.174871247060368,0.07289381998678669,3.2797929064517604,0.13286134085346585,3.38755526322242,0.1483707808333978,3.5247479039386764,0.20968915997812687,32.7,39.1,13.9,27.0,648.0,1478.0,6.430718389913588,9.53393208438298,1.0,6.123233995736766e-17,0.49999999999999994,-0.8660254037844387,0.25153218229378116,0,0.1999999999999993,-7.0
24.7,39.8,937.0,15.2,9.1,112.0,23.5,75.0,10.2,253.0,4.0,945.2,2026-06-04 07:00:00,77,3.246490991901174,3.1441522786722644,3.122364924487357,3.258096538021482,3.462606009790799,3.3978584803966405,3.407841924380824,4.023564380161053,3.1710027316869325,0.06627616670587053,3.2437737368034902,0.0981476262925221,3.374941305847798,0.15375198563912282,3.5180249484186916,0.2160892180459913,34.0,36.6,14.5,24.6,766.0,1071.0,-2.9821913881719184,-9.754308510822959,0.9659258262890683,-0.25881904510252063,0.49999999999999994,-0.8660254037844387,0.28986526713403343,0,-3.1000000000000014,16.0
29.0,61.2,1006.0,14.6,11.3,130.0,22.1,91.0,3.6,84.0,3.6,946.3,2026-06-04 08:00:00,87,3.4011973816621555,3.246490991901174,3.1441522786722644,3.122364924487357,3.380994674344636,3.4688560301359703,3.56953269648137,4.044804116661965,3.263946884078532,0.12940856761262542,3.247140854689743,0.10397054977063412,3.369303085141647,0.15121457831775287,3.5110109769678903,0.21707437983259226,39.8,34.5,15.2,22.3,937.0,766.0,0.3763024677635525,3.580278823325784,0.8660254037844387,-0.4999999999999998,0.49999999999999994,-0.8660254037844387,0.7393907351439469,0,-6.5,40.0
33.8,77.8,870.0,11.4,11.8,144.0,21.8,96.0,16.0,67.0,3.4,945.4,2026-06-04 09:00:00,97,3.5496173867804286,3.4011973816621555,3.246490991901174,3.1441522786722644,3.3105430133940246,3.5115454388310208,3.7062280924485496,4.070734696582967,3.3991019201145867,0.1515740612289796,3.286986583587477,0.16247799984424624,3.372475747470764,0.15482656173670512,3.5044855308983855,0.2132714502919454,61.2,32.5,14.6,20.2,1006.0,641.0,6.2516980558283795,14.728077655239046,0.7071067811865476,-0.7071067811865475,0.49999999999999994,-0.8660254037844387,0.2088010227517899,0,-8.8,52.0
35.4,83.4,633.0,7.0,11.4,156.0,25.3,70.0,15.4,79.0,0.3,945.1,2026-06-04 10:00:00,100,3.594568774642695,3.5496173867804286,3.4011973816621555,3.246490991901174,3.258096538021482,3.520460802488973,3.7727609380946383,4.237000862623624,3.515127847695093,0.10119421987222313,3.343065289691013,0.2034201288068505,3.3786514118169073,0.1625512441325846,3.4970608574212214,0.2065207266984037,77.8,31.9,11.4,18.1,870.0,618.0,2.9384585287987917,15.117058625094026,0.49999999999999994,-0.8660254037844387,0.49999999999999994,-0.8660254037844387,0.2191810228440668,0,-4.399999999999999,21.0
35.6,85.4,452.0,4.3,11.2,165.0,27.1,63.0,12.0,154.0,0.0,946.1,2026-06-04 11:00:00,101,3.6000482404073204,3.594568774642695,3.5496173867804286,3.4011973816621555,3.122364924487357,3.5409593240373143,3.832979798087693,4.168214410788556,3.581411467276815,0.027670449982328853,3.4226791756776733,0.19297673679769325,3.3835754881810747,0.16869383662385262,3.4873553758512057,0.19521145683196578,83.4,32.7,7.0,13.9,633.0,648.0,-10.785528555590005,5.260453761468927,0.258819045102521,-0.9659258262890682,0.49999999999999994,-0.8660254037844387,0.27692678772364004,0,-5.5,25.0
33.6,73.1,392.0,4.9,11.4,168.0,27.0,59.0,8.0,128.0,0.0,946.2,2026-06-04 12:00:00,96,3.543853682063679,3.6000482404073204,3.594568774642695,3.5496173867804286,3.1441522786722644,3.5322256440685598,3.817712325956905,4.3489867805956814,3.579490232371232,0.03098352666552988,3.489296076242909,0.1390534175936366,3.384544491347335,0.16965598310776567,3.4759445990223212,0.1826619829628482,85.4,34.0,4.3,14.5,452.0,766.0,-4.925291802605266,6.304086028853776,1.2246467991473532e-16,-1.0,0.49999999999999994,-0.8660254037844387,0.39376152022929767,0,-6.100000000000001,22.0
31.9,58.7,388.0,7.2,11.8,168.0,26.9,59.0,10.4,135.0,0.5,946.8,2026-06-04 13:00:00,93,3.493472657771326,3.543853682063679,3.6000482404073204,3.594568774642695,3.246490991901174,3.462606009790799,3.7932394694381792,4.192680462942962,3.545791526747442,0.05331421137993439,3.5304596872212675,0.07426404562202743,3.3871167120123786,0.1711742938421337,3.463454315202869,0.16981975431155868,73.1,39.8,4.9,15.2,392.0,937.0,-7.353910524340094,7.353910524340095,-0.2588190451025208,-0.9659258262890683,0.49999999999999994,-0.8660254037844387,0.30644496997994086,0,-7.200000000000003,23.0
32.2,64.5,405.0,9.2,12.1,167.0,26.7,59.0,11.0,58.0,0.2,945.3,2026-06-04 14:00:00,93,3.502549875922443,3.493472657771326,3.543853682063679,3.6000482404073204,3.4011973816621555,3.380994674344636,3.768152635008444,4.119037174812473,3.5132920719191496,0.026853453843230405,3.547351769597982,0.044573314004910165,3.3972463121438623,0.17434632670611827,3.4523875335742855,0.15729220315580492,58.7,61.2,7.2,14.6,388.0,1006.0,5.829111906565254,9.328529057720685,-0.4999999999999997,-0.8660254037844388,0.49999999999999994,-0.8660254037844387,0.2918791563268703,0,-7.900000000000002,24.0
31.4,62.9,425.0,7.7,12.3,171.0,27.6,53.0,6.3,39.0,0.0,945.0,2026-06-04 15:00:00,92,3.4781584227982836,3.502549875922443,3.493472657771326,3.543853682063679,3.5496173867804286,3.3105430133940246,3.758871825933971,4.055257173514054,3.491393652164018,0.012327913230288671,3.5354419422676244,0.052660087171963105,3.4112142629275506,0.17348070939192603,3.440691141776966,0.14332805761840722,64.5,77.8,9.2,11.4,405.0,870.0,4.896019557178916,3.9647184636139756,-0.7071067811865471,-0.7071067811865479,0.49999999999999994,-0.8660254037844387,0.4764600579175731,0,-7.5,20.0
30.4,58.9,466.0,6.0,12.4,175.0,29.8,43.0,2.9,330.0,0.0,944.8,2026-06-04 16:00:00,89,3.4468078929142076,3.4781584227982836,3.502549875922443,3.493472657771326,3.594568774642695,3.258096538021482,3.713572066704308,4.01096295328305,3.4758387305449787,0.02794329788223325,3.5108151286462097,0.054012140501935764,3.4269402091686114,0.1667620313324786,3.4295759678690447,0.1310651553180457,62.9,83.4,7.7,7.0,425.0,633.0,2.5114736709748713,-1.4500000000000013,-0.8660254037844384,-0.5000000000000004,0.49999999999999994,-0.8660254037844387,0.8837968956190276,0,-4.900000000000002,10.0
34.5,81.3,548.0,8.1,9.0,145.0,26.0,61.0,6.6,79.0,0.0,945.1,2026-06-04 17:00:00,98,3.56953269648137,3.4468078929142076,3.4781584227982836,3.502549875922443,3.6000482404073204,3.122364924487357,3.4011973816621555,3.8691155044168695,3.498166337397954,0.06376191525997729,3.5057292046585515,0.04453439436898296,3.4642041901681124,0.14039185034482396,3.4365899393198447,0.13395287396870745,58.9,85.4,6.0,4.3,466.0,452.0,1.2593393694851964,6.4787394107545815,-0.9659258262890683,-0.25881904510252063,0.49999999999999994,-0.8660254037844387,0.4696753548001803,0,-9.399999999999999,32.0
35.0,81.5,704.0,21.4,10.1,125.0,25.9,62.0,5.5,52.0,0.0,944.7,2026-06-04 18:00:00,99,3.58351893845611,3.56953269648137,3.4468078929142076,3.4781584227982836,3.543853682063679,3.1441522786722644,3.4011973816621555,3.8979240810486444,3.533286509283896,0.0752184622154421,3.512340080723957,0.053389336429344486,3.5008180784834333,0.10114096794787261,3.444186670852926,0.13699381388015966,81.3,73.1,8.1,4.9,548.0,392.0,3.3861381142911204,4.334059144836971,-1.0,-1.8369701987210297e-16,0.49999999999999994,-0.8660254037844387,0.5513106059163246,0,-8.800000000000004,32.0
35.3,80.8,900.0,40.2,11.6,97.0,25.7,67.0,4.0,321.0,0.0,944.5,2026-06-04 19:00:00,100,3.591817741270805,3.58351893845611,3.56953269648137,3.4468078929142076,3.493472657771326,3.246490991901174,3.3978584803966405,3.9219733362813143,3.581623125402762,0.01126283204468708,3.52873092797387,0.06099322234074137,3.529595307597569,0.06479728813342303,3.452268306722683,0.1398336184549578,81.5,58.7,21.4,7.2,704.0,388.0,3.1085838458278823,-2.5172815641993513,-0.9659258262890684,0.2588190451025203,0.49999999999999994,-0.8660254037844387,0.718363548254161,0,-7.900000000000002,36.0
46.0,90.1,1058.0,57.8,12.6,70.0,25.0,70.0,6.1,302.0,0.0,944.1,2026-06-04 20:00:00,127,3.8501476017100584,3.591817741270805,3.58351893845611,3.56953269648137,3.502549875922443,3.4011973816621555,3.4688560301359703,3.927896354584436,3.675161427145658,0.15159926945256572,3.5866638822718055,0.1421877163221436,3.5670078259348936,0.10253911075561706,3.46815545553827,0.16174379692784704,80.8,64.5,40.2,9.2,900.0,405.0,3.2325075118225484,-5.173093386554199,-0.8660254037844386,0.5000000000000001,0.49999999999999994,-0.8660254037844387,0.5422743101000083,0,-7.299999999999997,36.0
48.2,87.8,1176.0,73.7,12.6,44.0,24.7,70.0,7.5,310.0,0.0,943.9,2026-06-04 21:00:00,132,3.8958936234982624,3.8501476017100584,3.591817741270805,3.58351893845611,3.4781584227982836,3.5496173867804286,3.5115454388310208,3.9259259105971376,3.779286322159709,0.1639558667530273,3.656286415721802,0.1765517196200472,3.5958641789947134,0.13932569191451172,3.484169963232739,0.18375626427009922,90.1,62.9,57.8,7.7,1058.0,425.0,4.820907072649044,-5.745333323392336,-0.7071067811865477,0.7071067811865474,0.49999999999999994,-0.8660254037844387,0.45834042629391325,0,-6.100000000000001,31.0
51.3,85.7,1255.0,88.4,12.1,18.0,23.9,73.0,5.9,317.0,0.0,943.8,2026-06-04 22:00:00,140,3.9569963710708773,3.8958936234982624,3.8501476017100584,3.591817741270805,3.4468078929142076,3.594568774642695,3.520460802488973,3.8918202981106265,3.901012532093066,0.05360799658056615,3.7413178287479134,0.17833436406092218,3.626066478697062,0.17398975097704772,3.5023589452569848,0.2075670699851301,87.8,58.9,73.7,6.0,1176.0,466.0,4.314986839553107,-4.02379032436874,-0.5000000000000004,0.8660254037844384,0.49999999999999994,-0.8660254037844387,0.5734777349378083,0,-5.800000000000001,30.0
57.3,86.8,1219.0,97.1,11.3,0.0,23.7,81.0,4.9,274.0,0.0,943.5,2026-06-04 23:00:00,152,4.065602093356446,3.9569963710708773,3.8958936234982624,3.8501476017100584,3.56953269648137,3.6000482404073204,3.5409593240373143,3.8308129500026027,3.9728306959751953,0.08595513695692245,3.8239960615604267,0.1968002736501814,3.6648626331094896,0.2147831203287277,3.5242190606452817,0.23730535636188316,85.7,81.3,88.4,8.1,1255.0,548.0,0.3418067213462136,-4.888063846273139,-0.25881904510252157,0.9659258262890681,0.49999999999999994,-0.8660254037844387,0.6890851005688892,0,-6.300000000000001,38.0
58.3,80.8,972.0,96.4,10.0,0.0,23.2,81.0,2.1,322.0,0.0,943.4,2026-06-05 00:00:00,152,4.08260930600368,4.065602093356446,3.9569963710708773,3.8958936234982624,3.58351893845611,3.543853682063679,3.5322256440685598,3.7864597824528,4.035069256810335,0.0681457477490117,3.9071777894850217,0.17954837946678429,3.709758935104489,0.24179831149245684,3.547151713225912,0.26328459911885177,86.8,81.5,97.1,21.4,1219.0,704.0,1.6548225825741163,-1.2928890981838823,0.0,1.0,0.49999999999999994,-0.8660254037844387,1.3169707438721547,0,-5.600000000000001,34.0
54.9,71.7,609.0,89.6,8.3,0.0,22.9,80.0,3.1,339.0,0.0,943.0,2026-06-05 01:00:00,149,4.023564380161053,4.08260930600368,4.065602093356446,3.9569963710708773,3.591817741270805,3.493472657771326,3.462606009790799,3.6913763343125234,4.057258593173727,0.03039385321762806,3.9791355626333957,0.09403664671437655,3.7539332453036334,0.2470569174855909,3.5705249786580056,0.27983236965251873,80.8,80.8,96.4,40.2,972.0,900.0,2.894099322141325,-1.1109406435904323,0.25881904510252074,0.9659258262890683,0.49999999999999994,-0.8660254037844387,0.9813571658929399,0,-5.100000000000001,30.0
51.0,65.4,343.0,81.6,7.0,1.0,22.6,77.0,3.6,327.0,0.0,943.3,2026-06-05 02:00:00,139,3.9512437185814275,4.023564380161053,4.08260930600368,4.065602093356446,3.8501476017100584,3.502549875922443,3.380994674344636,3.5890591188317256,4.019139134915387,0.06579450194592047,3.995984915445291,0.07300837128275522,3.791324398858548,0.23938728023966116,3.594285355501205,0.2871537429377849,71.7,90.1,89.6,57.8,609.0,1058.0,3.0192140446035265,-1.960700526054097,0.49999999999999994,0.8660254037844387,0.49999999999999994,-0.8660254037844387,0.8589660257785713,0,-4.799999999999997,26.0
47.7,61.0,266.0,74.3,6.2,3.0,22.1,79.0,2.6,326.0,0.0,943.2,2026-06-05 03:00:00,131,3.885679030088544,3.9512437185814275,4.023564380161053,4.08260930600368,3.8958936234982624,3.4781584227982836,3.3105430133940246,3.4965075614664802,3.953495709610342,0.06897025473963812,3.994282483210338,0.07587205461093822,3.82528444946607,0.21895608043863446,3.6182493561968108,0.2864425926925609,65.4,87.8,81.6,73.7,343.0,1176.0,2.1554976886431088,-1.453901549023941,0.7071067811865475,0.7071067811865476,0.49999999999999994,-0.8660254037844387,1.0793552861357067,0,-5.0,30.0
45.5,56.0,285.0,65.8,5.8,6.0,21.9,80.0,2.5,30.0,0.0,943.5,2026-06-05 04:00:00,126,3.8394523125933104,3.885679030088544,3.9512437185814275,4.023564380161053,3.9569963710708773,3.4468078929142076,3.258096538021482,3.4210000089583352,3.892125020421094,0.05617377240960288,3.9746918067974106,0.09905776427453915,3.858004817772662,0.18376570340625584,3.642472513470637,0.27915039409308406,61.0,85.7,74.3,88.4,266.0,1255.0,2.165063509461097,1.2499999999999998,0.8660254037844386,0.5000000000000001,0.49999999999999994,-0.8660254037844387,1.0969863750266602,0,-4.900000000000002,31.0
40.9,54.2,331.0,49.7,6.0,13.0,21.7,84.0,1.5,330.0,0.0,943.6,2026-06-05 05:00:00,114,3.735285826928092,3.8394523125933104,3.885679030088544,3.9512437185814275,4.065602093356446,3.56953269648137,3.122364924487357,3.4404180948154366,3.820139056536649,0.0770342799268506,3.919639095726018,0.12643412540325571,3.8718175786432223,0.1654257451738503,3.6680108844056676,0.25662721090684815,56.0,86.8,65.8,97.1,285.0,1219.0,1.2990381056766576,-0.7500000000000007,0.9659258262890683,0.25881904510252074,0.49999999999999994,-0.8660254037844387,1.4941143307712368,0,-5.400000000000002,33.0
37.7,47.4,401.0,39.9,7.3,39.0,22.4,83.0,5.6,83.0,0.0,944.7,2026-06-05 06:00:00,106,3.655839600035736,3.735285826928092,3.8394523125933104,3.885679030088544,4.08260930600368,3.58351893845611,3.1441522786722644,3.3945083935113587,3.7435259131857133,0.09208328469020848,3.848510811398027,0.1360907254975669,3.877844300441524,0.154953651026712,3.6893311894624787,0.23120986657778922,54.2,80.8,49.7,96.4,331.0,972.0,0.6824683230688259,5.558258449191403,1.0,6.123233995736766e-17,0.49999999999999994,-0.8660254037844387,0.5539150909145055,0,-3.400000000000002,27.0
29.2,41.4,498.0,26.3,9.2,77.0,23.6,75.0,7.3,65.0,0.0,945.6,2026-06-05 07:00:00,87,3.407841924380824,3.655839600035736,3.735285826928092,3.8394523125933104,4.023564380161053,3.591817741270805,3.246490991901174,3.407841924380824,3.5996557837815506,0.17079913124928378,3.7458904021013226,0.19645002084766422,3.8625129823673596,0.19078484378924604,3.696054144982464,0.21983967141147734,47.4,71.7,39.9,89.6,401.0,609.0,3.085113310707106,6.616046845367545,0.9659258262890683,-0.25881904510252063,0.49999999999999994,-0.8660254037844387,0.41058336438323173,0,0.10000000000000142,0.0
26.4,52.6,558.0,15.3,10.3,108.0,25.9,60.0,8.3,86.0,0.0,946.3,2026-06-05 08:00:00,81,3.3105430133940246,3.407841924380824,3.655839600035736,3.735285826928092,3.9512437185814275,3.8501476017100584,3.4011973816621555,3.56953269648137,3.4580748459368618,0.1780447780549782,3.639106951236755,0.2331969920255615,3.817545933341023,0.24874977219697905,3.6922768796379586,0.2258235134293582,41.4,65.4,26.3,81.6,498.0,343.0,0.5789787320762395,8.27978161715654,0.8660254037844387,-0.4999999999999998,0.49999999999999994,-0.8660254037844387,0.3559723670316155,0,3.799999999999997,-31.0
28.9,62.4,546.0,9.3,10.0,128.0,27.7,54.0,8.3,120.0,0.0,946.8,2026-06-05 09:00:00,86,3.3978584803966405,3.3105430133940246,3.407841924380824,3.655839600035736,3.885679030088544,3.8958936234982624,3.5496173867804286,3.7062280924485496,3.3720811393904966,0.05352684374980058,3.5578035262881045,0.21431086701889998,3.776043004749221,0.27468498014240267,3.6859535918719675,0.23203118321894886,52.6,61.0,15.3,74.3,558.0,266.0,-4.149999999999999,7.188010851410842,0.7071067811865476,-0.7071067811865475,0.49999999999999994,-0.8660254037844387,0.3653611269243699,0,5.899999999999999,-42.0
29.5,64.3,496.0,5.9,9.1,142.0,29.3,48.0,9.2,135.0,0.0,946.9,2026-06-05 10:00:00,88,3.417726683613366,3.3978584803966405,3.3105430133940246,3.407841924380824,3.8394523125933104,3.9569963710708773,3.594568774642695,3.7727609380946383,3.3753760591346773,0.057019112933940276,3.487515921458114,0.1675106786339715,3.7311038641277623,0.28625836555712536,3.678585171412412,0.23779569713900225,62.4,56.0,9.3,65.8,546.0,285.0,-6.505382386916236,6.505382386916237,0.49999999999999994,-0.8660254037844387,0.49999999999999994,-0.8660254037844387,0.33507124349150647,0,4.0,-22.0
28.9,61.9,450.0,3.8,8.5,153.0,30.5,41.0,8.1,152.0,0.0,947.5,2026-06-05 11:00:00,86,3.3978584803966405,3.417726683613366,3.3978584803966405,3.3105430133940246,3.735285826928092,4.065602093356446,3.6000482404073204,3.832979798087693,3.404481214802216,0.011470912475533317,3.4312780303695387,0.11659456728219764,3.675458563047778,0.2801605053600198,3.6701605980786334,0.24419453358429402,64.3,54.2,5.9,49.7,496.0,331.0,-7.151875502157308,3.8027196585657146,0.258819045102521,-0.9659258262890682,0.49999999999999994,-0.8660254037844387,0.37339104180182864,0,3.3999999999999986,-22.0
29.5,61.5,411.0,2.8,8.7,163.0,31.0,38.0,8.2,157.0,0.1,947.4,2026-06-05 12:00:00,88,3.417726683613366,3.3978584803966405,3.417726683613366,3.3978584803966405,3.655839600035736,4.08260930600368,3.543853682063679,3.817712325956905,3.411103949207791,0.011470912475532932,3.3915925442991437,0.04068803066925805,3.620051677848586,0.2571175740001472,3.6649053064765376,0.24835274049219888,61.9,47.4,3.8,39.9,450.0,401.0,-7.54813979831001,3.2039952536120446,1.2246467991473532e-16,-1.0,0.49999999999999994,-0.8660254037844387,0.3714920308275398,0,4.0,-21.0
30.0,61.7,376.0,3.1,9.3,170.0,31.3,35.0,3.3,103.0,0.0,946.9,2026-06-05 13:00:00,89,3.4339872044851463,3.417726683613366,3.3978584803966405,3.417726683613366,3.407841924380824,4.023564380161053,3.493472657771326,3.7932394694381792,3.4165241228317185,0.01809435797125658,3.395950090983197,0.044038425901337504,3.5709202465422596,0.22764298848514755,3.6624267459229465,0.250426202252572,61.5,41.4,2.8,26.3,411.0,498.0,-0.7423384793347546,3.2154212137912763,-0.2588190451025208,-0.9659258262890683,0.49999999999999994,-0.8660254037844387,0.7986016754616619,0,4.400000000000002,-24.0
30.2,60.1,369.0,3.9,10.0,175.0,31.3,35.0,3.9,77.0,0.0,946.3,2026-06-05 14:00:00,89,3.4404180948154366,3.4339872044851463,3.417726683613366,3.3978584803966405,3.3105430133940246,3.9512437185814275,3.502549875922443,3.768152635008444,3.4307106609713167,0.011695163044388123,3.417595937886766,0.01771266842010501,3.5283514445617605,0.19555846967262377,3.6598379217101544,0.25246367652319246,61.7,52.6,3.1,15.3,376.0,558.0,0.8773091119410732,3.8000432526624173,-0.4999999999999997,-0.8660254037844388,0.49999999999999994,-0.8660254037844387,0.7021261417990686,0,4.600000000000001,-24.0
30.0,58.9,352.0,3.8,10.6,180.0,32.0,29.0,3.9,56.0,0.0,945.7,2026-06-05 15:00:00,89,3.4339872044851463,3.4404180948154366,3.4339872044851463,3.417726683613366,3.3978584803966405,3.885679030088544,3.4781584227982836,3.758871825933971,3.436130834595243,0.003712876263448043,3.423617391901517,0.015685994100579588,3.4907104590948106,0.1609330031838328,3.6579974542804403,0.2540020278608293,60.1,62.4,3.9,9.3,369.0,546.0,2.1808523235359125,3.233246532964663,-0.7071067811865471,-0.7071067811865479,0.49999999999999994,-0.8660254037844387,0.7008137152010502,0,4.399999999999999,-24.0
30.4,58.9,365.0,4.2,11.3,183.0,31.6,30.0,7.8,44.0,0.0,945.2,2026-06-05 16:00:00,89,3.4468078929142076,3.4339872044851463,3.4404180948154366,3.4339872044851463,3.417726683613366,3.8394523125933104,3.4468078929142076,3.713572066704308,3.4404043974049308,0.0064103551901583435,3.4284642601183237,0.017845997638877384,3.457990090788219,0.11768711660457545,3.6579974542804403,0.2540020278608293,58.9,64.3,3.8,5.9,352.0,496.0,5.610850442641479,5.418335289580178,-0.8660254037844384,-0.5000000000000004,0.49999999999999994,-0.8660254037844387,0.3916827151038872,0,1.8000000000000007,-13.0
23.9,41.3,551.0,8.0,11.1,174.0,32.6,26.0,4.3,75.0,0.0,944.8,2026-06-05 17:00:00,76,3.214867803470662,3.4468078929142076,3.4339872044851463,3.4404180948154366,3.3978584803966405,3.735285826928092,3.56953269648137,3.4011973816621555,3.3652209669566724,0.13036735726644866,3.397965813963994,0.09021995277290583,3.4146219221667664,0.10090444457095875,3.643219750404995,0.2692330843187358,58.9,61.9,4.2,3.8,365.0,450.0,1.1129218939408392,4.153481053042993,-0.9659258262890683,-0.25881904510252063,0.49999999999999994,-0.8660254037844387,0.6065788308435212,0,6.600000000000001,-35.0
24.2,41.4,1120.0,22.4,11.5,147.0,31.2,37.0,4.0,87.0,0.0,944.7,2026-06-05 18:00:00,76,3.2268439945173775,3.214867803470662,3.4468078929142076,3.4339872044851463,3.417726683613366,3.655839600035736,3.58351893845611,3.4011973816621555,3.296173230300749,0.13059080547075547,3.366152032447996,0.11270996792392542,3.37887228837357,0.08187402878010501,3.628358294407547,0.2822034656883467,41.3,61.5,8.0,2.8,551.0,411.0,0.20934382497177587,3.9945181390182953,-1.0,-1.8369701987210297e-16,0.49999999999999994,-0.8660254037844387,0.6453687989034755,0,5.300000000000001,-25.0
28.3,44.4,1864.0,42.0,12.0,110.0,28.8,51.0,2.3,58.0,0.0,944.3,2026-06-05 19:00:00,85,3.3775875160230218,3.2268439945173775,3.214867803470662,3.4468078929142076,3.4339872044851463,3.407841924380824,3.591817741270805,3.3978584803966405,3.2730997713370207,0.09068695540248922,3.3567520843709757,0.10818196700304737,3.376351087677086,0.08136508960443588,3.6194320350222227,0.28676083094507454,41.4,61.7,22.4,3.1,1120.0,376.0,1.2188143077363711,1.9505106211597796,-0.9659258262890684,0.2588190451025203,0.49999999999999994,-0.8660254037844387,1.023511368491825,0,3.1000000000000014,-16.0
35.0,49.4,2299.0,55.0,11.8,80.0,26.9,58.0,5.2,29.0,0.0,944.4,2026-06-05 20:00:00,99,3.58351893845611,3.3775875160230218,3.2268439945173775,3.214867803470662,3.4404180948154366,3.3105430133940246,3.8501476017100584,3.4688560301359703,3.3959834829988367,0.17904765457597255,3.3806022249777548,0.14108644122624953,3.39909908143226,0.09779441189958667,3.608322507386642,0.28256809606898226,44.4,60.1,42.0,3.9,1864.0,369.0,4.548022477124858,2.521010025280953,-0.8660254037844386,0.5000000000000001,0.49999999999999994,-0.8660254037844387,0.577986925557437,0,1.8999999999999986,-12.0
33.6,44.6,2162.0,55.4,10.4,66.0,26.0,54.0,7.8,42.0,0.0,944.7,2026-06-05 21:00:00,96,3.543853682063679,3.58351893845611,3.3775875160230218,3.2268439945173775,3.4339872044851463,3.3978584803966405,3.8958936234982624,3.5115454388310208,3.5016533788476036,0.10925926450409609,3.398913304574176,0.15576663819778216,3.4112653482378463,0.10633453032074223,3.593654176493534,0.2760532407169365,49.4,58.9,55.0,3.8,2299.0,352.0,5.796529638723675,5.219218729599094,-0.7071067811865477,0.7071067811865474,0.49999999999999994,-0.8660254037844387,0.4027106456890544,0,1.3000000000000007,-16.0
32.5,41.8,1717.0,49.2,8.5,59.0,24.5,62.0,4.8,22.0,0.0,944.6,2026-06-05 22:00:00,94,3.5115454388310208,3.543853682063679,3.58351893845611,3.3775875160230218,3.4468078929142076,3.417726683613366,3.9569963710708773,3.520460802488973,3.5463060197836036,0.03604936382643716,3.4097028955603115,0.16187022104778642,3.419083577839318,0.11023042265643763,3.5750937209835403,0.26532838812767984,44.6,58.9,55.4,4.2,2162.0,365.0,4.45048250192058,1.7981116483963777,-0.5000000000000004,0.8660254037844384,0.49999999999999994,-0.8660254037844387,0.6054388687639691,0,0.6000000000000014,-11.0
31.4,39.6,1277.0,42.2,6.7,55.0,24.7,65.0,1.6,360.0,0.0,944.8,2026-06-05 23:00:00,92,3.4781584227982836,3.5115454388310208,3.543853682063679,3.58351893845611,3.214867803470662,3.3978584803966405,4.065602093356446,3.5409593240373143,3.511185847897661,0.03284910579783226,3.4535846654482487,0.13128718904688003,3.4257752397061214,0.11125735904248177,3.5506169013769497,0.24438029589333415,41.8,41.3,49.2,8.0,1717.0,551.0,1.6,-3.9188697572715305e-16,-0.25881904510252157,0.9659258262890681,0.49999999999999994,-0.8660254037844387,1.3377532395378013,0,1.0,-16.0
29.1,35.9,907.0,35.5,5.5,54.0,24.2,67.0,1.5,14.0,0.0,944.6,2026-06-06 00:00:00,87,3.40452517175483,3.4781584227982836,3.5115454388310208,3.543853682063679,3.2268439945173775,3.417726683613366,4.08260930600368,3.5322256440685598,3.464743011128045,0.054756865724557,3.4831981949878243,0.07989413660048089,3.42467511371791,0.11140934437659972,3.522363395783248,0.21797171620313902,39.6,41.4,42.2,22.4,1277.0,1120.0,1.4554435894139948,0.3628828433995016,0.0,1.0,0.49999999999999994,-0.8660254037844387,1.3618100687019319,1,1.0,-14.0
26.1,31.3,542.0,28.0,4.5,56.0,24.2,66.0,1.5,7.0,0.0,944.6,2026-06-06 01:00:00,80,3.299533727885655,3.40452517175483,3.4781584227982836,3.5115454388310208,3.3775875160230218,3.4339872044851463,4.023564380161053,3.462606009790799,3.394072440812923,0.08976992868587115,3.470189230298263,0.10342048859528075,3.4134706573346194,0.11700801660884032,3.4921954519384393,0.1944195940405771,35.9,44.4,35.5,42.0,907.0,1864.0,1.488819227461983,0.1828040151077212,0.25881904510252074,0.9659258262890683,0.49999999999999994,-0.8660254037844387,1.319813491154262,1,1.3000000000000007,-14.0
23.7,28.3,293.0,21.9,3.8,58.0,24.4,62.0,2.5,21.0,0.0,944.4,2026-06-06 02:00:00,75,3.2068032436339315,3.299533727885655,3.40452517175483,3.4781584227982836,3.58351893845611,3.4404180948154366,3.9512437185814275,3.380994674344636,3.303620714424806,0.09892430343040666,3.4074032811612334,0.1314192452209391,3.3940027530694934,0.13074503272306787,3.4611770988156274,0.17656241543295156,31.3,49.4,28.0,55.0,542.0,2299.0,2.3339510662430043,0.8959198738632507,0.49999999999999994,0.8660254037844387,0.49999999999999994,-0.8660254037844387,0.9162294981811233,1,1.7999999999999972,-15.0
22.0,26.1,225.0,17.7,3.4,58.0,24.1,64.0,0.4,27.0,0.0,944.3,2026-06-06 03:00:00,72,3.1354942159291497,3.2068032436339315,3.299533727885655,3.40452517175483,3.543853682063679,3.4339872044851463,3.885679030088544,3.3105430133940246,3.213943729149579,0.08225253960081165,3.339343370138812,0.15091587656099903,3.369128337356494,0.1494961137026006,3.429919398225652,0.1641085256963904,28.3,44.6,21.9,55.4,293.0,2162.0,0.3564026096753472,0.1815961998958187,0.7071067811865475,0.7071067811865476,0.49999999999999994,-0.8660254037844387,2.2396387256636783,1,2.0,-15.0
20.9,24.8,273.0,14.9,3.3,58.0,23.7,65.0,1.7,283.0,0.0,944.4,2026-06-06 04:00:00,70,3.086486636822455,3.1354942159291497,3.2068032436339315,3.299533727885655,3.5115454388310208,3.4468078929142076,3.8394523125933104,3.258096538021482,3.1429280321285127,0.0605017990321206,3.2685002364707176,0.15365447379423905,3.3391015660155148,0.16756895505952663,3.3985458284018666,0.15407968311099252,26.1,41.8,17.7,49.2,225.0,1717.0,0.3824167923845704,-1.6564291101348998,0.8660254037844386,0.5000000000000001,0.49999999999999994,-0.8660254037844387,1.1431431988231315,1,1.8000000000000007,-15.0
20.1,24.3,363.0,15.2,3.6,57.0,24.2,60.0,1.8,53.0,0.0,944.7,2026-06-06 05:00:00,68,3.0492730404820207,3.086486636822455,3.1354942159291497,3.2068032436339315,3.4781584227982836,3.214867803470662,3.735285826928092,3.122364924487357,3.090417964411209,0.043244817913025334,3.197019339418007,0.13527407962434063,3.325302002433128,0.18467522172064288,3.369961962299947,0.1525181924054374,24.8,39.6,14.9,42.2,273.0,1277.0,1.0832670416736871,1.437543918085127,0.9659258262890683,0.25881904510252074,0.49999999999999994,-0.8660254037844387,1.089026085886436,1,2.5,-24.0
19.9,24.2,512.0,16.6,4.7,69.0,23.7,63.0,5.6,48.0,0.0,945.1,2026-06-06 06:00:00,67,3.039749158970765,3.0492730404820207,3.086486636822455,3.1354942159291497,3.40452517175483,3.2268439945173775,3.655839600035736,3.1441522786722644,3.0585029454250807,0.02469800230645891,3.1362233372873294,0.1009888103155311,3.309710766137577,0.2009259746069485,3.344291527255573,0.15414850820931378,24.3,35.9,15.2,35.5,363.0,907.0,3.747131395609606,4.161611022673408,1.0,6.123233995736766e-17,0.49999999999999994,-0.8660254037844387,0.4605680543895099,1,1.3000000000000007,-20.0
21.7,27.7,702.0,18.2,6.1,85.0,25.9,55.0,4.7,18.0,0.0,945.7,2026-06-06 07:00:00,71,3.122364924487357,3.039749158970765,3.0492730404820207,3.086486636822455,3.299533727885655,3.3775875160230218,3.407841924380824,3.246490991901174,3.0704623746467146,0.045200465591987676,3.106695203387613,0.062103151003939164,3.288442216842938,0.20651804167910762,3.3323966522600124,0.15993716024497692,24.2,31.3,16.6,28.0,512.0,542.0,4.469965626587221,1.4523798735622528,0.9659258262890683,-0.25881904510252063,0.49999999999999994,-0.8660254037844387,0.5477833200855012,1,2.299999999999997,-20.0
22.8,34.1,803.0,18.0,7.4,104.0,29.1,44.0,1.1,261.0,0.0,946.8,2026-06-06 08:00:00,74,3.169685580677429,3.122364924487357,3.039749158970765,3.0492730404820207,3.2068032436339315,3.58351893845611,3.3105430133940246,3.4011973816621555,3.110599888045184,0.06576230290484918,3.100508926228196,0.05099128274849798,3.253956103694715,0.18633012734567633,3.326527592563487,0.16332259366435348,27.7,28.3,18.2,21.9,702.0,293.0,-0.17207791154425414,-1.0864571746546514,0.8660254037844387,-0.4999999999999998,0.49999999999999994,-0.8660254037844387,1.509374086036871,1,3.200000000000003,-16.0
20.5,33.2,732.0,14.0,8.3,126.0,31.3,36.0,2.7,208.0,0.0,947.3,2026-06-06 09:00:00,69,3.068052935133617,3.169685580677429,3.122364924487357,3.039749158970765,3.1354942159291497,3.543853682063679,3.3978584803966405,3.5496173867804286,3.1200344800994677,0.05085638493192531,3.089268712762274,0.049136383773332064,3.214306041450543,0.1688361047203315,3.3127856948441945,0.1707651705314929,34.1,26.1,18.0,17.7,803.0,225.0,-2.383958500719103,-1.2675732195219054,0.7071067811865476,-0.7071067811865475,0.49999999999999994,-0.8660254037844387,0.8292034959820586,1,3.6000000000000014,-18.0
15.8,26.4,572.0,8.2,9.0,150.0,32.7,31.0,5.5,216.0,0.0,947.5,2026-06-06 10:00:00,59,2.8213788864092133,3.068052935133617,3.169685580677429,3.122364924487357,3.086486636822455,3.5115454388310208,3.417726683613366,3.594568774642695,3.0197058007400863,0.17911580715019232,3.0450840876934,0.12009617280636076,3.156792162082059,0.17578609594465455,3.287937869960688,0.19630800935516945,33.2,24.8,14.0,14.9,732.0,273.0,-4.449593469062211,-3.2328188876086017,0.49999999999999994,-0.8660254037844387,0.49999999999999994,-0.8660254037844387,0.43405829021680203,1,3.400000000000002,-17.0
15.0,26.0,441.0,3.9,9.2,167.0,32.5,29.0,5.6,201.0,0.0,947.4,2026-06-06 11:00:00,57,2.772588722239781,2.8213788864092133,3.068052935133617,3.169685580677429,3.0492730404820207,3.4781584227982836,3.3978584803966405,3.6000482404073204,2.8873401812608708,0.15839174406870649,2.998970034653027,0.16345800387564344,3.097994687035517,0.176521582404332,3.2618849633708193,0.22102127609626318,26.4,24.3,8.2,15.2,572.0,363.0,-5.22805038838433,-2.006860517453682,0.258819045102521,-0.9659258262890682,0.49999999999999994,-0.8660254037844387,0.4200892003393608,1,2.0,-12.0
14.7,25.8,383.0,2.6,8.6,174.0,34.0,26.0,0.4,63.0,0.0,947.5,2026-06-06 12:00:00,56,2.7536607123542622,2.772588722239781,2.8213788864092133,3.068052935133617,3.039749158970765,3.40452517175483,3.417726683613366,3.543853682063679,2.782542773667753,0.034939234811458574,2.95128862688361,0.1889260288580509,3.04375598208547,0.17374523205530207,3.2342155479016896,0.24129994265675966,26.0,24.2,3.9,16.6,441.0,512.0,0.18159619989581874,0.35640260967534715,1.2246467991473532e-16,-1.0,0.49999999999999994,-0.8660254037844387,1.966900508824473,1,3.0,-12.0
14.5,25.7,355.0,2.9,7.5,174.0,34.5,26.0,2.6,129.0,0.0,946.8,2026-06-06 13:00:00,56,2.740840023925201,2.7536607123542622,2.772588722239781,2.8213788864092133,3.122364924487357,3.299533727885655,3.4339872044851463,3.493472657771326,2.7556964861730813,0.015971951742092493,2.887701143456584,0.18397093710377754,2.9971981734220985,0.173830045047289,3.2053344153783585,0.25730053911015227,25.8,27.7,2.6,18.2,383.0,702.0,-1.6362330167295769,2.020579499788125,-0.2588190451025208,-0.9659258262890683,0.49999999999999994,-0.8660254037844387,0.7613444510903336,1,3.1999999999999993,-9.0
14.3,25.7,343.0,3.5,6.6,172.0,35.1,25.0,2.6,155.0,0.0,946.1,2026-06-06 14:00:00,56,2.72785282839839,2.740840023925201,2.7536607123542622,2.772588722239781,3.169685580677429,3.2068032436339315,3.4404180948154366,3.502549875922443,2.7407845215592843,0.012904031500177635,2.8140623514100773,0.1286287365420213,2.957285638819137,0.17629578311329003,3.175644195944315,0.2698026784000918,25.7,34.1,2.9,18.0,355.0,803.0,-2.3564002462952898,1.0988074805258188,-0.4999999999999997,-0.8660254037844388,0.49999999999999994,-0.8660254037844387,0.7577368967773305,1,3.8000000000000007,-10.0
13.9,25.5,318.0,1.8,6.0,172.0,35.3,24.0,3.0,256.0,0.0,945.5,2026-06-06 15:00:00,55,2.7013612129514133,2.72785282839839,2.740840023925201,2.7536607123542622,3.068052935133617,3.1354942159291497,3.4339872044851463,3.4781584227982836,2.7233513550916677,0.020120675322353822,2.75294706437971,0.04124710767753653,2.921107888570992,0.18088552231698002,3.1451181129637433,0.2805343656648309,25.7,33.2,3.5,14.0,343.0,732.0,-0.7257656867990033,-2.9108871788279895,-0.7071067811865471,-0.7071067811865479,0.49999999999999994,-0.8660254037844387,0.6753403032378533,1,3.299999999999997,-5.0
13.6,25.1,310.0,0.6,5.7,169.0,35.2,24.0,4.8,281.0,0.0,945.1,2026-06-06 16:00:00,54,2.681021528714291,2.7013612129514133,2.72785282839839,2.740840023925201,2.8213788864092133,3.086486636822455,3.4468078929142076,3.4468078929142076,2.7034118566880316,0.023482898294922037,2.7295541714305567,0.03380421047771185,2.8873191295619782,0.1850077298174676,3.1132103477887463,0.288174432535048,25.5,26.4,1.8,8.2,318.0,572.0,0.9158831778074165,-4.711810480548786,-0.8660254037844384,-0.5000000000000004,0.49999999999999994,-0.8660254037844387,0.4622450911576364,1,3.6000000000000014,-6.0
8.2,13.1,395.0,6.7,4.9,156.0,35.1,23.0,4.2,320.0,0.0,944.2,2026-06-06 17:00:00,34,2.2192034840549946,2.681021528714291,2.7013612129514133,2.72785282839839,2.772588722239781,3.0492730404820207,3.214867803470662,3.56953269648137,2.533862075240233,0.272692037734382,2.6373232983997585,0.2065334215720652,2.8181466665263923,0.2592362825010047,3.0717243344797605,0.33992527778267123,25.1,26.0,0.6,3.9,310.0,441.0,3.217386661099707,-2.699707960683466,-0.9659258262890683,-0.25881904510252063,0.49999999999999994,-0.8660254037844387,0.42676990077980664,1,2.5,-3.0
8.9,13.9,670.0,20.3,5.4,131.0,33.3,31.0,6.1,328.0,0.0,944.4,2026-06-06 18:00:00,37,2.2925347571405443,2.2192034840549946,2.681021528714291,2.7013612129514133,2.7536607123542622,3.039749158970765,3.2268439945173775,3.58351893845611,2.3975865899699436,0.24818519754177587,2.560468972530806,0.2379854999787708,2.755878799707208,0.28917920200370356,3.0327947829223927,0.37325440221733674,13.1,25.8,6.7,2.6,395.0,383.0,5.173093386554198,-3.2325075118225506,-1.0,-1.8369701987210297e-16,0.49999999999999994,-0.8660254037844387,0.32289221931556966,1,2.099999999999998,-6.0
12.9,17.3,1037.0,39.5,6.1,95.0,30.5,41.0,4.6,349.0,0.0,944.4,2026-06-06 19:00:00,53,2.631888840136646,2.2925347571405443,2.2192034840549946,2.681021528714291,2.740840023925201,3.122364924487357,3.3775875160230218,3.591817741270805,2.3812090271107285,0.22016958326963118,2.54231044189938,0.22528833920125052,2.7150057926779816,0.26643861949818626,3.00172400476046,0.37434044199760325,13.9,25.7,20.3,2.9,670.0,355.0,4.515485043859254,-0.8777213787321054,-0.9659258262890684,0.2588190451025203,0.49999999999999994,-0.8660254037844387,0.46998015002440113,1,1.6999999999999993,-10.0
20.8,25.5,1281.0,56.2,6.6,64.0,28.3,54.0,2.9,22.0,0.0,944.3,2026-06-06 20:00:00,69,3.0819099697950434,2.631888840136646,2.2925347571405443,2.2192034840549946,2.72785282839839,3.169685580677429,3.58351893845611,3.8501476017100584,2.6687778556907453,0.39597841631804864,2.6013199654654886,0.31292910027313564,2.707691158437783,0.2537227973135971,2.980823631066249,0.3538894606994453,17.3,25.7,39.5,3.5,1037.0,343.0,2.6888331782436836,1.0863591209061447,-0.8660254037844386,0.5000000000000001,0.49999999999999994,-0.8660254037844387,0.7902333255884727,1,1.4000000000000021,-4.0
24.9,29.7,1311.0,68.9,6.9,41.0,26.6,59.0,3.9,326.0,0.0,944.9,2026-06-06 21:00:00,78,3.254242968705492,3.0819099697950434,2.631888840136646,2.2925347571405443,2.7013612129514133,3.068052935133617,3.543853682063679,3.8958936234982624,2.9893472595457276,0.3213363608949315,2.6934669247578356,0.4135158844129757,2.723206994568773,0.281892502689236,2.9687565180096573,0.338457420718955,25.5,25.5,56.2,1.8,1281.0,318.0,3.233246532964663,-2.1808523235359116,-0.7071067811865477,0.7071067811865474,0.49999999999999994,-0.8660254037844387,0.6641312181031616,1,0.6000000000000014,5.0
26.6,31.3,1218.0,79.2,7.1,23.0,25.4,61.0,7.0,325.0,0.0,944.9,2026-06-06 22:00:00,81,3.3178157727231046,3.254242968705492,3.0819099697950434,2.631888840136646,2.681021528714291,2.8213788864092133,3.5115454388310208,3.9569963710708773,3.2179895704078803,0.12205989771369596,2.799599298759304,0.48519048723464964,2.76457673509493,0.3299423678783156,2.9606844485884944,0.32706783906963544,29.7,25.1,68.9,0.6,1311.0,310.0,5.734064310022941,-4.015035054457325,-0.5000000000000004,0.8660254037844384,0.49999999999999994,-0.8660254037844387,0.41472697159038807,1,0.8999999999999986,-1.0
30.6,34.9,1060.0,83.8,7.0,12.0,26.5,48.0,9.4,313.0,0.0,945.0,2026-06-06 23:00:00,90,3.4531571205928664,3.3178157727231046,3.254242968705492,3.0819099697950434,2.2192034840549946,2.772588722239781,3.4781584227982836,4.065602093356446,3.341738620673821,0.1015920122146581,3.0052582381822828,0.45023415531943733,2.821290768291021,0.38529358392491,2.959642727663269,0.3253834871576219,31.3,13.1,79.2,6.7,1218.0,395.0,6.410784584587487,-6.874724795220201,-0.25881904510252157,0.9659258262890681,0.49999999999999994,-0.8660254037844387,0.33203433851854486,1,1.8000000000000007,-17.0
31.1,34.7,806.0,79.9,6.4,11.0,25.5,50.0,7.9,333.0,0.0,944.5,2026-06-07 00:00:00,91,3.4688560301359703,3.4531571205928664,3.3178157727231046,3.254242968705492,2.2925347571405443,2.7536607123542622,3.40452517175483,4.08260930600368,3.413276307817314,0.08304305666679739,3.2013117836815206,0.3130112359453554,2.8808903781061628,0.426945194050565,2.9623231800958165,0.32944728931097855,34.9,13.9,83.8,20.3,1060.0,670.0,7.038951541088106,-3.5865249479424213,0.0,1.0,0.49999999999999994,-0.8660254037844387,0.38975910450965956,1,1.3000000000000007,-17.0
28.6,31.5,487.0,70.5,5.5,16.0,25.1,49.0,6.6,327.0,0.0,944.2,2026-06-07 01:00:00,86,3.3877743613300146,3.4688560301359703,3.4531571205928664,3.3178157727231046,2.631888840136646,2.740840023925201,3.299533727885655,4.023564380161053,3.4365958373529506,0.04300309676062664,3.327292703880415,0.14503711238386482,2.9348015728898975,0.4479797533592713,2.965999873155998,0.33383738545548397,34.7,17.3,79.9,39.5,806.0,1037.0,5.535225748439799,-3.5946176310991778,0.25881904510252074,0.9659258262890683,0.49999999999999994,-0.8660254037844387,0.44575978438552827,1,0.9000000000000021,-17.0
25.4,27.9,260.0,60.8,4.8,22.0,24.5,50.0,4.9,306.0,0.0,944.2,2026-06-07 02:00:00,79,3.2733640101522705,3.3877743613300146,3.4688560301359703,3.4531571205928664,3.0819099697950434,2.72785282839839,3.2068032436339315,3.9512437185814275,3.376664800539418,0.09821837519042279,3.35920171060662,0.09139510862375988,2.9802608380360542,0.4527233408892389,2.968773238427595,0.3361930120124415,31.5,25.5,70.5,56.2,487.0,1281.0,2.8801477362331176,-3.964183272437243,0.49999999999999994,0.8660254037844387,0.49999999999999994,-0.8660254037844387,0.5548074593478425,1,0.10000000000000142,-12.0
22.6,25.0,194.0,52.7,4.2,24.0,24.0,51.0,5.1,324.0,0.0,944.1,2026-06-07 03:00:00,73,3.1612467120315646,3.2733640101522705,3.3877743613300146,3.4688560301359703,3.254242968705492,2.7013612129514133,3.1354942159291497,3.885679030088544,3.2741283611712837,0.11326575894122154,3.343702334494298,0.11704169291487462,3.018584629626067,0.4463884353072499,2.9698462590985297,0.33678883664496617,27.9,29.7,60.8,68.9,260.0,1311.0,4.125986671312231,-2.9977047866916138,0.7071067811865475,0.7071067811865476,0.49999999999999994,-0.8660254037844387,0.5182371659068139,1,-0.10000000000000142,-13.0
20.4,22.6,219.0,44.4,3.8,26.0,23.6,51.0,4.8,329.0,0.0,944.2,2026-06-07 04:00:00,68,3.0633909220278057,3.1612467120315646,3.2733640101522705,3.3877743613300146,3.3178157727231046,2.681021528714291,3.086486636822455,3.8394523125933104,3.166000548070547,0.10506723395971729,3.3012981927117484,0.16468727688478937,3.0504487457355265,0.4335649139751398,2.968883937648752,0.3364739134526098,25.0,31.3,52.7,79.2,194.0,1218.0,4.114403043370138,-2.4721827595682613,0.8660254037844386,0.5000000000000001,0.49999999999999994,-0.8660254037844387,0.5281708486254838,1,-0.09999999999999787,-14.0
24.8,27.6,281.0,49.4,4.3,26.0,23.4,56.0,1.7,342.0,0.0,944.5,2026-06-07 05:00:00,78,3.250374491927572,3.0633909220278057,3.1612467120315646,3.2733640101522705,3.4531571205928664,2.2192034840549946,3.0492730404820207,3.735285826928092,3.158337375328981,0.09352572925752951,3.2675010879341997,0.1471652944242774,3.1363796630582415,0.347478714748244,2.977263164792317,0.34103598060449053,22.6,34.9,44.4,83.8,219.0,1060.0,1.616796077701761,-0.5253288904374109,0.9659258262890683,0.25881904510252074,0.49999999999999994,-0.8660254037844387,1.203842404417619,1,-0.8000000000000007,-4.0
21.5,23.9,397.0,39.2,6.1,57.0,24.6,53.0,3.0,17.0,0.0,945.0,2026-06-07 06:00:00,71,3.1135153092103742,3.250374491927572,3.0633909220278057,3.1612467120315646,3.4688560301359703,2.2925347571405443,3.039749158970765,3.655839600035736,3.1424269077219176,0.09678648794891534,3.2082776344466004,0.11866880133972575,3.2047947090640605,0.2257184812242295,2.9803367543856343,0.3419547924644466,27.6,34.7,49.4,79.9,281.0,806.0,2.868914267889106,0.8771151141682103,1.0,6.123233995736766e-17,0.49999999999999994,-0.8660254037844387,0.7783788273025936,1,0.9000000000000021,-10.0
19.9,22.6,550.0,25.0,8.7,99.0,27.0,45.0,3.8,73.0,0.0,946.0,2026-06-07 07:00:00,67,3.039749158970765,3.1135153092103742,3.250374491927572,3.0633909220278057,3.3877743613300146,2.631888840136646,3.122364924487357,3.407841924380824,3.1345463200362373,0.10687602763510862,3.150273434053392,0.09634030367592977,3.2387830689669035,0.1494211729171795,2.9768944308224428,0.3408770200639162,23.9,31.5,39.2,70.5,397.0,487.0,1.1110124779463997,3.6339580726595346,0.9659258262890683,-0.25881904510252063,0.49999999999999994,-0.8660254037844387,0.633281074785576,1,1.1000000000000014,-10.0
14.1,21.0,637.0,13.6,10.5,135.0,29.6,39.0,2.6,115.0,0.0,946.6,2026-06-07 08:00:00,55,2.714694743820879,3.039749158970765,3.1135153092103742,3.250374491927572,3.2733640101522705,3.0819099697950434,3.169685580677429,3.3105430133940246,2.9559864040006727,0.21219474589286055,3.0571618896648265,0.18382938711295532,3.2081818001357227,0.20985183247776698,2.957936479286753,0.34233779648451446,22.6,27.9,25.0,60.8,550.0,260.0,-1.0988074805258183,2.35640024629529,0.8660254037844387,-0.4999999999999998,0.49999999999999994,-0.8660254037844387,0.7540818732835775,1,0.5,-5.0
13.6,22.6,595.0,7.9,11.0,156.0,32.3,29.0,2.1,160.0,0.0,947.3,2026-06-07 09:00:00,54,2.681021528714291,2.714694743820879,3.039749158970765,3.1135153092103742,3.1612467120315646,3.254242968705492,3.068052935133617,3.3978584803966405,2.8118218105019785,0.19810761845248326,2.9771243591119476,0.22855113254520834,3.1604133468031232,0.25810676551428086,2.941810170685948,0.34602109177025525,21.0,25.0,13.6,52.7,637.0,194.0,-1.9733545036504077,0.7182423009839046,0.7071067811865476,-0.7071067811865475,0.49999999999999994,-0.8660254037844387,0.8648456544239648,1,0.9999999999999964,-7.0
13.4,23.0,486.0,5.0,10.7,170.0,33.9,24.0,7.4,206.0,0.0,947.8,2026-06-07 10:00:00,54,2.667228206581955,2.681021528714291,2.714694743820879,3.039749158970765,3.0633909220278057,3.3178157727231046,2.8213788864092133,3.417726683613366,2.687648159705708,0.024417252468050595,2.9110972398709727,0.2544068880995521,3.1061977162913608,0.28856922443397837,2.935387225693146,0.34976421662306434,22.6,22.6,7.9,44.4,595.0,219.0,-6.6510759426138355,-3.243946486239173,0.49999999999999994,-0.8660254037844387,0.49999999999999994,-0.8660254037844387,0.3175271674502327,1,1.1999999999999957,-7.0
13.6,23.1,394.0,3.2,10.2,179.0,34.5,24.0,8.4,208.0,0.0,948.0,2026-06-07 11:00:00,54,2.681021528714291,2.667228206581955,2.681021528714291,2.714694743820879,3.250374491927572,3.4531571205928664,2.772588722239781,3.3978584803966405,2.676423754670179,0.007963578246293918,2.816205079335426,0.20367276198698678,3.0418530836348125,0.2902515134129438,2.931571925962917,0.35210882489421674,23.0,27.6,5.0,49.4,486.0,281.0,-7.416759780014986,-3.9435611274014835,0.258819045102521,-0.9659258262890682,0.49999999999999994,-0.8660254037844387,0.28521505624620114,1,2.0,-5.0
14.2,24.1,348.0,2.2,9.6,183.0,35.3,22.0,2.1,165.0,0.0,947.8,2026-06-07 12:00:00,55,2.7212954278522306,2.681021528714291,2.667228206581955,2.681021528714291,3.1135153092103742,3.4688560301359703,2.7536607123542622,3.417726683613366,2.689848387716159,0.02809361464557459,2.7508350991090684,0.14309998822126965,2.979556366777835,0.2697743964213934,2.930223372441999,0.35288097047788375,23.1,23.9,3.2,39.2,394.0,397.0,-2.028444235207043,0.5435199947152941,1.2246467991473532e-16,-1.0,0.49999999999999994,-0.8660254037844387,0.8778372347910421,1,1.2999999999999972,-4.0
14.8,25.4,318.0,2.3,8.7,183.0,35.4,21.0,2.2,156.0,0.1,947.0,2026-06-07 13:00:00,57,2.760009940032921,2.7212954278522306,2.681021528714291,2.667228206581955,3.039749158970765,3.3877743613300146,2.740840023925201,3.4339872044851463,2.7207756321998144,0.039496771023756094,2.7042118959527612,0.03452111941846678,2.9272426650030763,0.24295126640196685,2.931022118946487,0.35245510182507567,24.1,22.6,2.2,25.0,348.0,550.0,-2.009800006813722,0.894820614766761,-0.2588190451025208,-0.9659258262890683,0.49999999999999994,-0.8660254037844387,0.8625031062602878,1,0.8999999999999986,-5.0
14.8,26.1,299.0,2.6,7.9,181.0,35.4,23.0,7.2,243.0,0.0,946.4,2026-06-07 14:00:00,57,2.760009940032921,2.760009940032921,2.7212954278522306,2.681021528714291,2.714694743820879,3.2733640101522705,2.72785282839839,3.4404180948154366,2.747105102639358,0.022351834029121453,2.7117644286547677,0.04152065883864693,2.884463159159797,0.22063632388662247,2.9323619985979263,0.35170949539749435,25.4,21.0,2.3,13.6,318.0,637.0,-3.268731598124738,-6.415246974156248,-0.4999999999999997,-0.8660254037844388,0.49999999999999994,-0.8660254037844387,0.3365865780527953,1,0.29999999999999716,-2.0
14.3,26.3,270.0,2.5,7.1,178.0,35.0,24.0,8.4,251.0,0.5,946.2,2026-06-07 15:00:00,56,2.72785282839839,2.760009940032921,2.760009940032921,2.7212954278522306,2.681021528714291,3.1612467120315646,2.7013612129514133,3.4339872044851463,2.7492909028214108,0.018565917058623097,2.7195696452687845,0.03890503263894502,2.848347002190366,0.20621026352867464,2.933465815908216,0.35099383658258726,26.1,22.6,2.6,7.9,299.0,595.0,-2.7347724974401157,-7.942356035034262,-0.7071067811865471,-0.7071067811865479,0.49999999999999994,-0.8660254037844387,0.290197109404084,1,-0.29999999999999716,0.0
13.6,25.8,252.0,2.6,6.4,173.0,35.5,21.0,5.9,223.0,0.1,945.8,2026-06-07 16:00:00,54,2.681021528714291,2.72785282839839,2.760009940032921,2.760009940032921,2.667228206581955,3.0633909220278057,2.681021528714291,3.4468078929142076,2.7229614323818674,0.039720732582690786,2.721868532290841,0.03544750941896362,2.8164828860809066,0.19938985669922576,2.933465815908217,0.35099383658258726,26.3,23.0,2.5,5.0,270.0,486.0,-4.314986839553106,-4.023790324368741,-0.8660254037844384,-0.5000000000000004,0.49999999999999994,-0.8660254037844387,0.3885538447412016,1,0.29999999999999716,-3.0
13.1,25.1,305.0,4.5,5.9,164.0,36.3,19.0,2.3,274.0,0.0,945.0,2026-06-07 17:00:00,53,2.6461747973841225,2.681021528714291,2.72785282839839,2.760009940032921,2.681021528714291,3.250374491927572,2.2192034840549946,3.214867803470662,2.6850163848322683,0.040985294242533325,2.7160607437358126,0.04503623202618915,2.7661329115356192,0.15004270443950754,2.95125628729693,0.3229142379091847,25.8,23.1,2.6,3.2,252.0,394.0,0.160439889611488,-2.2943973155975956,-0.9659258262890683,-0.25881904510252063,0.49999999999999994,-0.8660254037844387,0.8018711507224614,1,1.1999999999999957,-4.0
12.5,23.8,505.0,8.6,5.8,150.0,35.2,22.0,4.0,3.0,0.0,944.8,2026-06-07 18:00:00,52,2.6026896854443837,2.6461747973841225,2.681021528714291,2.72785282839839,2.7212954278522306,3.1135153092103742,2.2925347571405443,3.2268439945173775,2.6432953371809327,0.03924522755462639,2.696293120001171,0.06422204018437405,2.72356410955512,0.10951748213576115,2.96417940930959,0.3008588696784854,25.1,24.1,4.5,2.2,305.0,348.0,3.9945181390182953,0.20934382497177534,-1.0,-1.8369701987210297e-16,0.49999999999999994,-0.8660254037844387,0.5205379370888767,1,1.9000000000000057,-9.0
13.4,23.2,776.0,14.4,5.9,132.0,32.7,33.0,4.9,10.0,0.0,944.7,2026-06-07 19:00:00,54,2.667228206581955,2.6026896854443837,2.6461747973841225,2.681021528714291,2.760009940032921,3.039749158970765,2.631888840136646,3.3775875160230218,2.638697563136821,0.03291256525478873,2.6808294977593436,0.05651999042338337,2.6925206968560524,0.04629087348956529,2.9656518829114784,0.2992439985837409,23.8,25.4,8.6,2.3,505.0,318.0,4.82555798975982,0.8508760705679587,-0.9659258262890684,0.2588190451025203,0.49999999999999994,-0.8660254037844387,0.452072577386772,1,2.200000000000003,-8.0
16.9,25.8,944.0,22.2,6.1,111.0,30.7,41.0,4.3,343.0,0.0,944.6,2026-06-07 20:00:00,61,2.884800712846709,2.667228206581955,2.6026896854443837,2.6461747973841225,2.760009940032921,2.714694743820879,3.0819099697950434,3.58351893845611,2.7182395349576827,0.14781161883456131,2.701627959894975,0.09870339869490884,2.7066961942748713,0.07238776523846734,2.9574389972052972,0.2986187375064634,23.2,26.1,14.4,2.6,776.0,299.0,4.112110450641052,-1.2571983303077696,-0.8660254037844386,0.5000000000000001,0.49999999999999994,-0.8660254037844387,0.5443020212918319,1,2.3999999999999986,-13.0
20.2,28.6,924.0,34.9,6.4,82.0,29.4,45.0,3.4,360.0,0.0,944.7,2026-06-07 21:00:00,68,3.054001181677967,2.884800712846709,2.667228206581955,2.6026896854443837,2.72785282839839,2.681021528714291,3.254242968705492,3.543853682063679,2.868676700368878,0.1938899724068941,2.755986018774905,0.17576242879533346,2.7377778320218447,0.12284825135893267,2.9490955894124844,0.2927042889760524,25.8,26.3,22.2,2.5,944.0,270.0,3.4,-8.327598234202001e-16,-0.7071067811865477,0.7071067811865474,0.49999999999999994,-0.8660254037844387,0.6940911776540833,1,2.799999999999997,-14.0
24.7,32.6,802.0,49.6,6.9,50.0,28.0,51.0,2.1,15.0,0.0,944.6,2026-06-07 22:00:00,77,3.246490991901174,3.054001181677967,2.884800712846709,2.667228206581955,2.681021528714291,2.667228206581955,3.3178157727231046,3.5115454388310208,3.061764295475284,0.18097006366385146,2.850230929306052,0.2592855537069459,2.786049730798446,0.188741847825914,2.9461237235449036,0.2891382174529963,28.6,25.8,34.9,2.6,924.0,252.0,2.0284442352070435,0.5435199947152936,-0.5000000000000004,0.8660254037844384,0.49999999999999994,-0.8660254037844387,1.047255158677798,1,2.6000000000000014,-10.0
30.9,37.4,659.0,57.9,6.9,29.0,26.8,56.0,1.9,17.0,0.0,944.0,2026-06-07 23:00:00,91,3.462606009790799,3.246490991901174,3.054001181677967,2.884800712846709,2.6461747973841225,2.681021528714291,3.4531571205928664,3.4781584227982836,3.2543660611233136,0.2044162149285638,2.986302798040498,0.3341903664871408,2.8511817708881555,0.26759019209912704,2.9465174272614845,0.2898641562221418,32.6,25.1,49.6,4.5,802.0,305.0,1.8169790363297673,0.5555062389731998,-0.25881904510252157,0.9659258262890681,0.49999999999999994,-0.8660254037844387,1.194002072341655,1,0.3000000000000007,8.0
